ts	pid	kind	api	rows	seconds
1789532952	56	counted	train	100000	0.16
1789533003	107	counted	train	80000	30.96
1789533020	149	counted	train	100000	0.32
1789533034	189	counted	train	80000	1.66
1789533057	240	counted	train	100000	0.16
1789533067	286	counted	train	100000	0.46
1789533101	368	counted	train	100000	0.07
1789533110	411	counted	train	100000	0.41
1789533118	454	counted	train	80000	0.14
1789533118	454	counted	train	80000	0.15
1789533118	454	counted	train	80000	0.14
1789533118	454	counted	train	80000	0.12
1789533118	454	counted	train	80000	0.12
1789533118	454	counted	train	80000	0.11
1789533119	454	counted	train	80000	0.12
1789533123	495	counted	train	80000	0.12
1789533123	495	counted	train	80000	0.12
1789533123	495	counted	train	80000	0.12
1789533123	495	counted	train	80000	0.12
1789533124	495	counted	train	80000	0.12
1789533124	495	counted	train	80000	0.13
1789533124	495	counted	train	80000	0.12
1789533124	495	counted	train	80000	0.13
1789533124	495	counted	train	80000	0.12
1789533124	495	counted	train	80000	0.14
1789533125	495	counted	train	80000	0.15
1789533125	495	counted	train	80000	0.14
1789533125	495	counted	train	80000	0.13
1789533125	495	counted	train	80000	0.12
1789533125	495	counted	train	80000	0.13
1789533125	495	counted	train	80000	0.14
1789533125	495	counted	train	80000	0.12
1789533126	495	counted	train	80000	0.12
1789533126	495	counted	train	80000	0.13
1789533126	495	counted	train	80000	0.13
1789533126	495	counted	train	80000	0.12
1789533126	495	counted	train	80000	0.13
1789533126	495	counted	train	80000	0.12
1789533127	495	counted	train	80000	0.12
1789533127	495	counted	train	80000	0.12
1789533131	536	counted	train	80000	0.12
1789533131	536	counted	train	80000	0.11
1789533131	536	counted	train	80000	0.10
1789533131	536	counted	train	80000	0.11
1789533132	536	counted	train	80000	0.11
1789533132	536	counted	train	80000	0.12
1789533132	536	counted	train	80000	0.12
1789533132	536	counted	train	80000	0.11
1789533132	536	counted	train	80000	0.11
1789533132	536	counted	train	80000	0.11
1789533132	536	counted	train	80000	0.10
1789533133	536	counted	train	80000	0.12
1789533133	536	counted	train	80000	0.11
1789533133	536	counted	train	80000	0.14
1789533133	536	counted	train	80000	0.11
1789533133	536	counted	train	80000	0.11
1789533133	536	counted	train	80000	0.12
1789533134	536	counted	train	80000	0.12
1789533134	536	counted	train	80000	0.12
1789533134	536	counted	train	80000	0.13
1789533134	536	counted	train	80000	0.13
1789533134	536	counted	train	80000	0.11
1789533134	536	counted	train	80000	0.11
1789533134	536	counted	train	80000	0.11
1789533135	536	counted	train	80000	0.12
1789533135	536	counted	train	80000	0.11
1789533135	536	counted	train	80000	0.12
1789533135	536	counted	train	80000	0.11
1789533135	536	counted	train	80000	0.11
1789533135	536	counted	train	80000	0.12
1789533136	536	counted	train	80000	0.11
1789533136	536	counted	train	80000	0.12
1789533136	536	counted	train	80000	0.11
1789533136	536	counted	train	80000	0.11
1789533136	536	counted	train	80000	0.13
1789533136	536	counted	train	80000	0.12
1789533136	536	counted	train	80000	0.12
1789533137	536	counted	train	80000	0.12
1789533137	536	counted	train	80000	0.13
1789533137	536	counted	train	80000	0.12
1789533137	536	counted	train	80000	0.11
1789533137	536	counted	train	80000	0.11
1789533137	536	counted	train	80000	0.12
1789533137	536	counted	train	80000	0.11
1789533138	536	counted	train	80000	0.12
1789533138	536	counted	train	80000	0.11
1789533138	536	counted	train	80000	0.11
1789533138	536	counted	train	80000	0.11
1789533138	536	counted	train	80000	0.12
1789533138	536	counted	train	80000	0.10
1789533138	536	counted	train	80000	0.10
1789533139	536	counted	train	80000	0.12
1789533139	536	counted	train	80000	0.11
1789533139	536	counted	train	80000	0.12
1789533139	536	counted	train	80000	0.12
1789533139	536	counted	train	80000	0.12
1789533139	536	counted	train	80000	0.10
1789533140	536	counted	train	80000	0.11
1789533140	536	counted	train	80000	0.11
1789533140	536	counted	train	80000	0.12
1789533151	578	counted	train	80000	0.09
1789533151	578	counted	train	80000	0.13
1789533152	578	counted	train	80000	0.15
1789533152	578	counted	train	80000	0.09
1789533152	578	counted	train	80000	0.11
1789533152	578	counted	train	80000	0.16
1789533152	578	counted	train	80000	0.09
1789533152	578	counted	train	80000	0.11
1789533152	578	counted	train	80000	0.15
1789533153	578	counted	train	80000	0.09
1789533153	578	counted	train	80000	0.11
1789533153	578	counted	train	80000	0.15
1789533153	578	counted	train	80000	0.09
1789533153	578	counted	train	80000	0.12
1789533153	578	counted	train	80000	0.16
1789533153	578	counted	train	80000	0.09
1789533154	578	counted	train	80000	0.12
1789533154	578	counted	train	80000	0.16
1789533154	578	counted	train	80000	0.09
1789533154	578	counted	train	80000	0.12
1789533154	578	counted	train	80000	0.16
1789533154	578	counted	train	80000	0.11
1789533155	578	counted	train	80000	0.13
1789533155	578	counted	train	80000	0.15
1789533155	578	counted	train	80000	0.09
1789533155	578	counted	train	80000	0.12
1789533155	578	counted	train	80000	0.17
1789533155	578	counted	train	80000	0.10
1789533156	578	counted	train	80000	0.13
1789533156	578	counted	train	80000	0.16
1789533156	578	counted	train	80000	0.09
1789533156	578	counted	train	80000	0.11
1789533156	578	counted	train	80000	0.16
1789533156	578	counted	train	80000	0.09
1789533156	578	counted	train	80000	0.11
1789533157	578	counted	train	80000	0.16
1789533157	578	counted	train	80000	0.10
1789533157	578	counted	train	80000	0.12
1789533157	578	counted	train	80000	0.17
1789533157	578	counted	train	80000	0.09
1789533157	578	counted	train	80000	0.11
1789533158	578	counted	train	80000	0.15
1789533158	578	counted	train	80000	0.09
1789533158	578	counted	train	80000	0.12
1789533158	578	counted	train	80000	0.16
1789533158	578	counted	train	80000	0.11
1789533158	578	counted	train	80000	0.12
1789533159	578	counted	train	80000	0.17
1789533159	578	counted	train	80000	0.10
1789533159	578	counted	train	80000	0.12
1789533159	578	counted	train	80000	0.16
1789533159	578	counted	train	80000	0.09
1789533159	578	counted	train	80000	0.12
1789533160	578	counted	train	80000	0.16
1789533160	578	counted	train	80000	0.09
1789533160	578	counted	train	80000	0.12
1789533160	578	counted	train	80000	0.17
1789533160	578	counted	train	80000	0.10
1789533160	578	counted	train	80000	0.13
1789533161	578	counted	train	80000	0.17
1789533167	620	counted	train	70000	0.09
1789533167	620	counted	train	80000	0.12
1789533167	620	counted	train	90000	0.18
1789533167	620	counted	train	70000	0.09
1789533168	620	counted	train	80000	0.14
1789533168	620	counted	train	90000	0.19
1789533168	620	counted	train	70000	0.09
1789533168	620	counted	train	80000	0.13
1789533168	620	counted	train	90000	0.20
1789533168	620	counted	train	70000	0.09
1789533169	620	counted	train	80000	0.12
1789533169	620	counted	train	90000	0.17
1789533169	620	counted	train	70000	0.08
1789533169	620	counted	train	80000	0.13
1789533169	620	counted	train	90000	0.18
1789533169	620	counted	train	70000	0.08
1789533170	620	counted	train	80000	0.12
1789533170	620	counted	train	90000	0.17
1789533170	620	counted	train	70000	0.08
1789533170	620	counted	train	80000	0.12
1789533170	620	counted	train	90000	0.17
1789533170	620	counted	train	70000	0.09
1789533171	620	counted	train	80000	0.13
1789533171	620	counted	train	90000	0.17
1789533171	620	counted	train	70000	0.08
1789533171	620	counted	train	80000	0.13
1789533171	620	counted	train	90000	0.17
1789533171	620	counted	train	70000	0.10
1789533172	620	counted	train	80000	0.12
1789533172	620	counted	train	90000	0.17
1789533172	620	counted	train	70000	0.09
1789533172	620	counted	train	80000	0.13
1789533172	620	counted	train	90000	0.18
1789533172	620	counted	train	70000	0.10
1789533173	620	counted	train	80000	0.12
1789533173	620	counted	train	90000	0.18
1789533173	620	counted	train	70000	0.08
1789533173	620	counted	train	80000	0.12
1789533173	620	counted	train	90000	0.19
1789533173	620	counted	train	70000	0.09
1789533174	620	counted	train	80000	0.12
1789533174	620	counted	train	90000	0.17
1789533174	620	counted	train	70000	0.08
1789533174	620	counted	train	80000	0.12
1789533174	620	counted	train	90000	0.17
1789533174	620	counted	train	70000	0.09
1789533175	620	counted	train	80000	0.12
1789533175	620	counted	train	90000	0.18
1789533175	620	counted	train	70000	0.09
1789533175	620	counted	train	80000	0.12
1789533175	620	counted	train	90000	0.19
1789533175	620	counted	train	70000	0.09
1789533176	620	counted	train	80000	0.13
1789533176	620	counted	train	90000	0.18
1789533176	620	counted	train	70000	0.09
1789533176	620	counted	train	80000	0.12
1789533176	620	counted	train	90000	0.16
1789533176	620	counted	train	70000	0.09
1789533176	620	counted	train	80000	0.12
1789533177	620	counted	train	90000	0.17
1789533183	663	counted	train	80000	0.09
1789533183	663	counted	train	80000	0.12
1789533183	663	counted	train	80000	0.18
1789533183	663	counted	train	80000	0.10
1789533184	663	counted	train	80000	0.14
1789533184	663	counted	train	80000	0.17
1789533184	663	counted	train	80000	0.11
1789533184	663	counted	train	80000	0.12
1789533184	663	counted	train	80000	0.15
1789533184	663	counted	train	80000	0.09
1789533185	663	counted	train	80000	0.12
1789533185	663	counted	train	80000	0.18
1789533185	663	counted	train	80000	0.10
1789533185	663	counted	train	80000	0.12
1789533185	663	counted	train	80000	0.15
1789533185	663	counted	train	80000	0.09
1789533186	663	counted	train	80000	0.12
1789533186	663	counted	train	80000	0.17
1789533186	663	counted	train	80000	0.10
1789533186	663	counted	train	80000	0.13
1789533186	663	counted	train	80000	0.16
1789533186	663	counted	train	80000	0.09
1789533187	663	counted	train	80000	0.13
1789533187	663	counted	train	80000	0.18
1789533187	663	counted	train	80000	0.09
1789533187	663	counted	train	80000	0.14
1789533187	663	counted	train	80000	0.19
1789533187	663	counted	train	80000	0.09
1789533188	663	counted	train	80000	0.12
1789533188	663	counted	train	80000	0.17
1789533188	663	counted	train	80000	0.11
1789533188	663	counted	train	80000	0.12
1789533188	663	counted	train	80000	0.18
1789533188	663	counted	train	80000	0.10
1789533189	663	counted	train	80000	0.12
1789533189	663	counted	train	80000	0.16
1789533189	663	counted	train	80000	0.09
1789533189	663	counted	train	80000	0.13
1789533189	663	counted	train	80000	0.16
1789533189	663	counted	train	80000	0.09
1789533190	663	counted	train	80000	0.11
1789533190	663	counted	train	80000	0.15
1789533190	663	counted	train	80000	0.09
1789533190	663	counted	train	80000	0.14
1789533190	663	counted	train	80000	0.16
1789533190	663	counted	train	80000	0.11
1789533191	663	counted	train	80000	0.12
1789533191	663	counted	train	80000	0.16
1789533191	663	counted	train	80000	0.10
1789533191	663	counted	train	80000	0.13
1789533191	663	counted	train	80000	0.16
1789533191	663	counted	train	80000	0.10
1789533192	663	counted	train	80000	0.13
1789533192	663	counted	train	80000	0.18
1789533192	663	counted	train	80000	0.10
1789533192	663	counted	train	80000	0.12
1789533192	663	counted	train	80000	0.15
1789533192	663	counted	train	80000	0.09
1789533193	663	counted	train	80000	0.12
1789533193	663	counted	train	80000	0.17
1789533203	706	counted	train	80000	0.10
1789533203	706	counted	train	80000	0.13
1789533203	706	counted	train	80000	0.16
1789533203	706	counted	train	80000	0.09
1789533204	706	counted	train	80000	0.12
1789533204	706	counted	train	80000	0.15
1789533204	706	counted	train	80000	0.09
1789533204	706	counted	train	80000	0.12
1789533204	706	counted	train	80000	0.15
1789533204	706	counted	train	80000	0.09
1789533204	706	counted	train	80000	0.11
1789533205	706	counted	train	80000	0.15
1789533205	706	counted	train	80000	0.09
1789533205	706	counted	train	80000	0.12
1789533205	706	counted	train	80000	0.16
1789533205	706	counted	train	80000	0.09
1789533205	706	counted	train	80000	0.12
1789533206	706	counted	train	80000	0.16
1789533206	706	counted	train	80000	0.09
1789533206	706	counted	train	80000	0.11
1789533206	706	counted	train	80000	0.18
1789533206	706	counted	train	80000	0.09
1789533206	706	counted	train	80000	0.12
1789533206	706	counted	train	80000	0.16
1789533207	706	counted	train	80000	0.09
1789533207	706	counted	train	80000	0.12
1789533207	706	counted	train	80000	0.17
1789533207	706	counted	train	80000	0.09
1789533207	706	counted	train	80000	0.12
1789533207	706	counted	train	80000	0.16
1789533208	706	counted	train	80000	0.09
1789533208	706	counted	train	80000	0.12
1789533208	706	counted	train	80000	0.16
1789533208	706	counted	train	80000	0.09
1789533208	706	counted	train	80000	0.12
1789533208	706	counted	train	80000	0.18
1789533209	706	counted	train	80000	0.09
1789533209	706	counted	train	80000	0.12
1789533209	706	counted	train	80000	0.16
1789533209	706	counted	train	80000	0.09
1789533209	706	counted	train	80000	0.11
1789533209	706	counted	train	80000	0.17
1789533209	706	counted	train	80000	0.09
1789533210	706	counted	train	80000	0.12
1789533210	706	counted	train	80000	0.16
1789533210	706	counted	train	80000	0.10
1789533210	706	counted	train	80000	0.12
1789533210	706	counted	train	80000	0.15
1789533210	706	counted	train	80000	0.09
1789533211	706	counted	train	80000	0.12
1789533211	706	counted	train	80000	0.17
1789533211	706	counted	train	80000	0.10
1789533211	706	counted	train	80000	0.11
1789533211	706	counted	train	80000	0.15
1789533211	706	counted	train	80000	0.09
1789533212	706	counted	train	80000	0.11
1789533212	706	counted	train	80000	0.15
1789533212	706	counted	train	80000	0.09
1789533212	706	counted	train	80000	0.11
1789533212	706	counted	train	80000	0.15
1789533219	748	counted	train	65000	0.08
1789533219	748	counted	train	65000	0.10
1789533219	748	counted	train	65000	0.14
1789533219	748	counted	train	65000	0.08
1789533219	748	counted	train	65000	0.12
1789533220	748	counted	train	65000	0.15
1789533220	748	counted	train	65000	0.08
1789533220	748	counted	train	65000	0.11
1789533220	748	counted	train	65000	0.14
1789533220	748	counted	train	65000	0.08
1789533220	748	counted	train	65000	0.11
1789533220	748	counted	train	65000	0.14
1789533220	748	counted	train	65000	0.08
1789533221	748	counted	train	65000	0.11
1789533221	748	counted	train	65000	0.14
1789533221	748	counted	train	65000	0.09
1789533221	748	counted	train	65000	0.12
1789533221	748	counted	train	65000	0.15
1789533221	748	counted	train	65000	0.08
1789533222	748	counted	train	65000	0.11
1789533222	748	counted	train	65000	0.15
1789533222	748	counted	train	65000	0.09
1789533222	748	counted	train	65000	0.11
1789533222	748	counted	train	65000	0.17
1789533222	748	counted	train	65000	0.09
1789533222	748	counted	train	65000	0.13
1789533223	748	counted	train	65000	0.14
1789533223	748	counted	train	65000	0.09
1789533223	748	counted	train	65000	0.11
1789533223	748	counted	train	65000	0.14
1789533223	748	counted	train	65000	0.08
1789533223	748	counted	train	65000	0.12
1789533223	748	counted	train	65000	0.14
1789533224	748	counted	train	65000	0.08
1789533224	748	counted	train	65000	0.10
1789533224	748	counted	train	65000	0.14
1789533224	748	counted	train	65000	0.08
1789533224	748	counted	train	65000	0.11
1789533224	748	counted	train	65000	0.14
1789533224	748	counted	train	65000	0.08
1789533225	748	counted	train	65000	0.11
1789533225	748	counted	train	65000	0.16
1789533225	748	counted	train	65000	0.10
1789533225	748	counted	train	65000	0.13
1789533225	748	counted	train	65000	0.14
1789533225	748	counted	train	65000	0.09
1789533225	748	counted	train	65000	0.11
1789533226	748	counted	train	65000	0.15
1789533226	748	counted	train	65000	0.09
1789533226	748	counted	train	65000	0.12
1789533226	748	counted	train	65000	0.15
1789533226	748	counted	train	65000	0.09
1789533226	748	counted	train	65000	0.11
1789533226	748	counted	train	65000	0.15
1789533227	748	counted	train	65000	0.08
1789533227	748	counted	train	65000	0.10
1789533227	748	counted	train	65000	0.15
1789533227	748	counted	train	65000	0.08
1789533227	748	counted	train	65000	0.11
1789533227	748	counted	train	65000	0.14
1789533232	790	counted	train	90000	0.10
1789533233	790	counted	train	90000	0.15
1789533233	790	counted	train	90000	0.19
1789533233	790	counted	train	90000	0.13
1789533233	790	counted	train	90000	0.15
1789533233	790	counted	train	90000	0.20
1789533234	790	counted	train	90000	0.11
1789533234	790	counted	train	90000	0.15
1789533234	790	counted	train	90000	0.17
1789533234	790	counted	train	90000	0.10
1789533234	790	counted	train	90000	0.14
1789533235	790	counted	train	90000	0.20
1789533235	790	counted	train	90000	0.10
1789533235	790	counted	train	90000	0.13
1789533235	790	counted	train	90000	0.19
1789533235	790	counted	train	90000	0.10
1789533235	790	counted	train	90000	0.13
1789533236	790	counted	train	90000	0.18
1789533236	790	counted	train	90000	0.11
1789533236	790	counted	train	90000	0.13
1789533236	790	counted	train	90000	0.18
1789533236	790	counted	train	90000	0.11
1789533237	790	counted	train	90000	0.13
1789533237	790	counted	train	90000	0.19
1789533237	790	counted	train	90000	0.11
1789533237	790	counted	train	90000	0.14
1789533237	790	counted	train	90000	0.20
1789533237	790	counted	train	90000	0.10
1789533238	790	counted	train	90000	0.14
1789533238	790	counted	train	90000	0.17
1789533238	790	counted	train	90000	0.11
1789533238	790	counted	train	90000	0.13
1789533238	790	counted	train	90000	0.18
1789533239	790	counted	train	90000	0.12
1789533239	790	counted	train	90000	0.13
1789533239	790	counted	train	90000	0.17
1789533239	790	counted	train	90000	0.11
1789533239	790	counted	train	90000	0.13
1789533239	790	counted	train	90000	0.17
1789533240	790	counted	train	90000	0.10
1789533240	790	counted	train	90000	0.14
1789533240	790	counted	train	90000	0.19
1789533240	790	counted	train	90000	0.10
1789533240	790	counted	train	90000	0.14
1789533240	790	counted	train	90000	0.17
1789533241	790	counted	train	90000	0.11
1789533241	790	counted	train	90000	0.13
1789533241	790	counted	train	90000	0.17
1789533241	790	counted	train	90000	0.10
1789533241	790	counted	train	90000	0.14
1789533242	790	counted	train	90000	0.18
1789533242	790	counted	train	90000	0.11
1789533242	790	counted	train	90000	0.13
1789533242	790	counted	train	90000	0.18
1789533242	790	counted	train	90000	0.10
1789533242	790	counted	train	90000	0.13
1789533243	790	counted	train	90000	0.16
1789533243	790	counted	train	90000	0.10
1789533243	790	counted	train	90000	0.13
1789533243	790	counted	train	90000	0.18
1789533256	843	counted	train	80000	0.10
1789533257	843	counted	train	80000	0.14
1789533257	843	counted	train	80000	0.18
1789533257	843	counted	train	80000	0.10
1789533257	843	counted	train	80000	0.12
1789533257	843	counted	train	80000	0.16
1789533257	843	counted	train	80000	0.10
1789533257	843	counted	train	80000	0.12
1789533258	843	counted	train	80000	0.15
1789533258	843	counted	train	80000	0.10
1789533258	843	counted	train	80000	0.13
1789533258	843	counted	train	80000	0.16
1789533258	843	counted	train	80000	0.09
1789533258	843	counted	train	80000	0.12
1789533259	843	counted	train	80000	0.17
1789533259	843	counted	train	80000	0.09
1789533259	843	counted	train	80000	0.13
1789533259	843	counted	train	80000	0.16
1789533259	843	counted	train	80000	0.10
1789533259	843	counted	train	80000	0.12
1789533260	843	counted	train	80000	0.16
1789533260	843	counted	train	80000	0.09
1789533260	843	counted	train	80000	0.12
1789533260	843	counted	train	80000	0.16
1789533260	843	counted	train	80000	0.11
1789533260	843	counted	train	80000	0.15
1789533261	843	counted	train	80000	0.16
1789533261	843	counted	train	80000	0.10
1789533261	843	counted	train	80000	0.12
1789533261	843	counted	train	80000	0.16
1789533261	843	counted	train	80000	0.10
1789533261	843	counted	train	80000	0.13
1789533262	843	counted	train	80000	0.16
1789533262	843	counted	train	80000	0.10
1789533262	843	counted	train	80000	0.12
1789533262	843	counted	train	80000	0.16
1789533262	843	counted	train	80000	0.09
1789533262	843	counted	train	80000	0.12
1789533262	843	counted	train	80000	0.16
1789533263	843	counted	train	80000	0.10
1789533263	843	counted	train	80000	0.13
1789533263	843	counted	train	80000	0.16
1789533263	843	counted	train	80000	0.09
1789533263	843	counted	train	80000	0.13
1789533263	843	counted	train	80000	0.16
1789533264	843	counted	train	80000	0.09
1789533264	843	counted	train	80000	0.12
1789533264	843	counted	train	80000	0.15
1789533264	843	counted	train	80000	0.10
1789533264	843	counted	train	80000	0.12
1789533264	843	counted	train	80000	0.15
1789533265	843	counted	train	80000	0.10
1789533265	843	counted	train	80000	0.12
1789533265	843	counted	train	80000	0.15
1789533265	843	counted	train	80000	0.09
1789533265	843	counted	train	80000	0.12
1789533265	843	counted	train	80000	0.15
1789533265	843	counted	train	80000	0.09
1789533266	843	counted	train	80000	0.12
1789533266	843	counted	train	80000	0.15
1789533273	884	counted	train	80000	0.14
1789533274	884	counted	train	80000	0.22
1789533274	884	counted	train	80000	0.25
1789533274	884	counted	train	80000	0.16
1789533274	884	counted	train	80000	0.18
1789533275	884	counted	train	80000	0.25
1789533275	884	counted	train	80000	0.16
1789533275	884	counted	train	80000	0.19
1789533275	884	counted	train	80000	0.23
1789533275	884	counted	train	80000	0.14
1789533276	884	counted	train	80000	0.18
1789533276	884	counted	train	80000	0.24
1789533276	884	counted	train	80000	0.14
1789533276	884	counted	train	80000	0.18
1789533277	884	counted	train	80000	0.23
1789533277	884	counted	train	80000	0.14
1789533277	884	counted	train	80000	0.17
1789533277	884	counted	train	80000	0.23
1789533277	884	counted	train	80000	0.14
1789533278	884	counted	train	80000	0.17
1789533278	884	counted	train	80000	0.24
1789533278	884	counted	train	80000	0.15
1789533278	884	counted	train	80000	0.20
1789533279	884	counted	train	80000	0.24
1789533279	884	counted	train	80000	0.14
1789533279	884	counted	train	80000	0.18
1789533279	884	counted	train	80000	0.23
1789533279	884	counted	train	80000	0.14
1789533280	884	counted	train	80000	0.17
1789533280	884	counted	train	80000	0.23
1789533280	884	counted	train	80000	0.15
1789533280	884	counted	train	80000	0.17
1789533281	884	counted	train	80000	0.26
1789533281	884	counted	train	80000	0.14
1789533281	884	counted	train	80000	0.18
1789533281	884	counted	train	80000	0.23
1789533281	884	counted	train	80000	0.13
1789533282	884	counted	train	80000	0.18
1789533282	884	counted	train	80000	0.25
1789533282	884	counted	train	80000	0.14
1789533282	884	counted	train	80000	0.19
1789533282	884	counted	train	80000	0.26
1789533283	884	counted	train	80000	0.15
1789533283	884	counted	train	80000	0.18
1789533283	884	counted	train	80000	0.24
1789533283	884	counted	train	80000	0.14
1789533284	884	counted	train	80000	0.17
1789533284	884	counted	train	80000	0.24
1789533284	884	counted	train	80000	0.14
1789533284	884	counted	train	80000	0.20
1789533284	884	counted	train	80000	0.24
1789533285	884	counted	train	80000	0.14
1789533285	884	counted	train	80000	0.17
1789533285	884	counted	train	80000	0.23
1789533285	884	counted	train	80000	0.14
1789533285	884	counted	train	80000	0.18
1789533286	884	counted	train	80000	0.23
1789533286	884	counted	train	80000	0.14
1789533286	884	counted	train	80000	0.19
1789533286	884	counted	train	80000	0.23
1789533292	925	counted	train	80000	0.15
1789533292	925	counted	train	80000	0.19
1789533293	925	counted	train	80000	0.26
1789533293	925	counted	train	80000	0.16
1789533293	925	counted	train	80000	0.18
1789533293	925	counted	train	80000	0.25
1789533293	925	counted	train	80000	0.15
1789533294	925	counted	train	80000	0.20
1789533294	925	counted	train	80000	0.27
1789533294	925	counted	train	80000	0.14
1789533294	925	counted	train	80000	0.20
1789533295	925	counted	train	80000	0.25
1789533295	925	counted	train	80000	0.15
1789533295	925	counted	train	80000	0.19
1789533295	925	counted	train	80000	0.24
1789533296	925	counted	train	80000	0.14
1789533296	925	counted	train	80000	0.18
1789533296	925	counted	train	80000	0.23
1789533296	925	counted	train	80000	0.15
1789533296	925	counted	train	80000	0.18
1789533297	925	counted	train	80000	0.23
1789533297	925	counted	train	80000	0.15
1789533297	925	counted	train	80000	0.18
1789533297	925	counted	train	80000	0.25
1789533297	925	counted	train	80000	0.15
1789533298	925	counted	train	80000	0.18
1789533298	925	counted	train	80000	0.23
1789533298	925	counted	train	80000	0.14
1789533298	925	counted	train	80000	0.18
1789533299	925	counted	train	80000	0.23
1789533299	925	counted	train	80000	0.14
1789533299	925	counted	train	80000	0.17
1789533299	925	counted	train	80000	0.23
1789533299	925	counted	train	80000	0.15
1789533300	925	counted	train	80000	0.19
1789533300	925	counted	train	80000	0.24
1789533300	925	counted	train	80000	0.14
1789533300	925	counted	train	80000	0.18
1789533301	925	counted	train	80000	0.24
1789533301	925	counted	train	80000	0.17
1789533301	925	counted	train	80000	0.18
1789533301	925	counted	train	80000	0.24
1789533301	925	counted	train	80000	0.15
1789533302	925	counted	train	80000	0.20
1789533302	925	counted	train	80000	0.26
1789533302	925	counted	train	80000	0.15
1789533302	925	counted	train	80000	0.20
1789533303	925	counted	train	80000	0.26
1789533303	925	counted	train	80000	0.16
1789533303	925	counted	train	80000	0.19
1789533303	925	counted	train	80000	0.25
1789533304	925	counted	train	80000	0.15
1789533304	925	counted	train	80000	0.19
1789533304	925	counted	train	80000	0.24
1789533304	925	counted	train	80000	0.15
1789533304	925	counted	train	80000	0.20
1789533305	925	counted	train	80000	0.25
1789533305	925	counted	train	80000	0.15
1789533305	925	counted	train	80000	0.22
1789533305	925	counted	train	80000	0.24
1789533306	925	counted	train	80000	0.15
1789533306	925	counted	train	80000	0.19
1789533306	925	counted	train	80000	0.25
1789533306	925	counted	train	80000	0.15
1789533307	925	counted	train	80000	0.20
1789533307	925	counted	train	80000	0.26
1789533307	925	counted	train	80000	0.15
1789533307	925	counted	train	80000	0.19
1789533308	925	counted	train	80000	0.25
1789533308	925	counted	train	80000	0.16
1789533308	925	counted	train	80000	0.22
1789533308	925	counted	train	80000	0.24
1789533308	925	counted	train	80000	0.16
1789533309	925	counted	train	80000	0.21
1789533309	925	counted	train	80000	0.27
1789533309	925	counted	train	80000	0.16
1789533309	925	counted	train	80000	0.20
1789533310	925	counted	train	80000	0.27
1789533310	925	counted	train	80000	0.17
1789533310	925	counted	train	80000	0.19
1789533310	925	counted	train	80000	0.26
1789533311	925	counted	train	80000	0.15
1789533311	925	counted	train	80000	0.20
1789533311	925	counted	train	80000	0.25
1789533311	925	counted	train	80000	0.15
1789533312	925	counted	train	80000	0.19
1789533312	925	counted	train	80000	0.24
1789533312	925	counted	train	80000	0.15
1789533312	925	counted	train	80000	0.18
1789533313	925	counted	train	80000	0.24
1789533313	925	counted	train	80000	0.17
1789533313	925	counted	train	80000	0.20
1789533313	925	counted	train	80000	0.25
1789533313	925	counted	train	80000	0.16
1789533314	925	counted	train	80000	0.18
1789533314	925	counted	train	80000	0.24
1789533314	925	counted	train	80000	0.15
1789533314	925	counted	train	80000	0.21
1789533315	925	counted	train	80000	0.25
1789533315	925	counted	train	80000	0.15
1789533327	967	counted	train	80000	0.16
1789533328	967	counted	train	80000	0.22
1789533328	967	counted	train	80000	0.29
1789533328	967	counted	train	80000	0.16
1789533328	967	counted	train	80000	0.20
1789533329	967	counted	train	80000	0.27
1789533329	967	counted	train	80000	0.16
1789533329	967	counted	train	80000	0.19
1789533329	967	counted	train	80000	0.27
1789533330	967	counted	train	80000	0.16
1789533330	967	counted	train	80000	0.22
1789533330	967	counted	train	80000	0.27
1789533330	967	counted	train	80000	0.16
1789533331	967	counted	train	80000	0.21
1789533331	967	counted	train	80000	0.27
1789533331	967	counted	train	80000	0.16
1789533331	967	counted	train	80000	0.20
1789533332	967	counted	train	80000	0.28
1789533332	967	counted	train	80000	0.17
1789533332	967	counted	train	80000	0.21
1789533333	967	counted	train	80000	0.30
1789533333	967	counted	train	80000	0.18
1789533333	967	counted	train	80000	0.24
1789533333	967	counted	train	80000	0.30
1789533334	967	counted	train	80000	0.17
1789533334	967	counted	train	80000	0.21
1789533334	967	counted	train	80000	0.24
1789533334	967	counted	train	80000	0.16
1789533335	967	counted	train	80000	0.22
1789533335	967	counted	train	80000	0.26
1789533335	967	counted	train	80000	0.14
1789533335	967	counted	train	80000	0.19
1789533336	967	counted	train	80000	0.26
1789533336	967	counted	train	80000	0.14
1789533336	967	counted	train	80000	0.19
1789533336	967	counted	train	80000	0.24
1789533336	967	counted	train	80000	0.15
1789533337	967	counted	train	80000	0.21
1789533337	967	counted	train	80000	0.27
1789533337	967	counted	train	80000	0.15
1789533337	967	counted	train	80000	0.19
1789533338	967	counted	train	80000	0.25
1789533338	967	counted	train	80000	0.14
1789533338	967	counted	train	80000	0.18
1789533338	967	counted	train	80000	0.24
1789533338	967	counted	train	80000	0.16
1789533339	967	counted	train	80000	0.21
1789533339	967	counted	train	80000	0.29
1789533339	967	counted	train	80000	0.16
1789533339	967	counted	train	80000	0.22
1789533340	967	counted	train	80000	0.29
1789533340	967	counted	train	80000	0.15
1789533340	967	counted	train	80000	0.19
1789533340	967	counted	train	80000	0.25
1789533341	967	counted	train	80000	0.16
1789533341	967	counted	train	80000	0.21
1789533341	967	counted	train	80000	0.26
1789533341	967	counted	train	80000	0.14
1789533342	967	counted	train	80000	0.21
1789533342	967	counted	train	80000	0.29
1789533342	967	counted	train	80000	0.17
1789533342	967	counted	train	80000	0.22
1789533343	967	counted	train	80000	0.26
1789533343	967	counted	train	80000	0.17
1789533343	967	counted	train	80000	0.22
1789533343	967	counted	train	80000	0.27
1789533344	967	counted	train	80000	0.15
1789533344	967	counted	train	80000	0.20
1789533344	967	counted	train	80000	0.28
1789533344	967	counted	train	80000	0.16
1789533345	967	counted	train	80000	0.20
1789533345	967	counted	train	80000	0.26
1789533345	967	counted	train	80000	0.16
1789533345	967	counted	train	80000	0.21
1789533346	967	counted	train	80000	0.28
1789533346	967	counted	train	80000	0.15
1789533346	967	counted	train	80000	0.20
1789533346	967	counted	train	80000	0.28
1789533347	967	counted	train	80000	0.15
1789533347	967	counted	train	80000	0.19
1789533347	967	counted	train	80000	0.28
1789533347	967	counted	train	80000	0.17
1789533348	967	counted	train	80000	0.20
1789533348	967	counted	train	80000	0.26
1789533348	967	counted	train	80000	0.15
1789533348	967	counted	train	80000	0.20
1789533349	967	counted	train	80000	0.27
1789533349	967	counted	train	80000	0.14
1789533349	967	counted	train	80000	0.18
1789533349	967	counted	train	80000	0.25
1789533349	967	counted	train	80000	0.15
1789533350	967	counted	train	80000	0.20
1789533350	967	counted	train	80000	0.25
1789533350	967	counted	train	80000	0.15
1789533350	967	counted	train	80000	0.21
1789533351	967	counted	train	80000	0.27
1789533351	967	counted	train	80000	0.14
1789533351	967	counted	train	80000	0.19
1789533351	967	counted	train	80000	0.26
1789533352	967	counted	train	80000	0.16
1789533367	1010	counted	train	80000	0.15
1789533367	1010	counted	train	80000	0.16
1789533367	1010	counted	train	80000	0.17
1789533367	1010	counted	train	80000	0.14
1789533367	1010	counted	train	80000	0.18
1789533368	1010	counted	train	80000	0.19
1789533368	1010	counted	train	80000	0.12
1789533368	1010	counted	train	80000	0.16
1789533368	1010	counted	train	80000	0.20
1789533368	1010	counted	train	80000	0.13
1789533368	1010	counted	train	80000	0.17
1789533369	1010	counted	train	80000	0.17
1789533369	1010	counted	train	80000	0.12
1789533369	1010	counted	train	80000	0.16
1789533369	1010	counted	train	80000	0.19
1789533369	1010	counted	train	80000	0.14
1789533370	1010	counted	train	80000	0.18
1789533370	1010	counted	train	80000	0.21
1789533370	1010	counted	train	80000	0.15
1789533370	1010	counted	train	80000	0.16
1789533370	1010	counted	train	80000	0.18
1789533371	1010	counted	train	80000	0.15
1789533371	1010	counted	train	80000	0.18
1789533371	1010	counted	train	80000	0.17
1789533371	1010	counted	train	80000	0.13
1789533371	1010	counted	train	80000	0.17
1789533372	1010	counted	train	80000	0.18
1789533372	1010	counted	train	80000	0.12
1789533372	1010	counted	train	80000	0.16
1789533372	1010	counted	train	80000	0.17
1789533372	1010	counted	train	80000	0.12
1789533373	1010	counted	train	80000	0.16
1789533373	1010	counted	train	80000	0.18
1789533373	1010	counted	train	80000	0.15
1789533373	1010	counted	train	80000	0.18
1789533373	1010	counted	train	80000	0.20
1789533374	1010	counted	train	80000	0.15
1789533374	1010	counted	train	80000	0.20
1789533374	1010	counted	train	80000	0.19
1789533374	1010	counted	train	80000	0.15
1789533374	1010	counted	train	80000	0.19
1789533375	1010	counted	train	80000	0.20
1789533375	1010	counted	train	80000	0.14
1789533375	1010	counted	train	80000	0.21
1789533375	1010	counted	train	80000	0.20
1789533375	1010	counted	train	80000	0.14
1789533376	1010	counted	train	80000	0.18
1789533376	1010	counted	train	80000	0.19
1789533376	1010	counted	train	80000	0.14
1789533376	1010	counted	train	80000	0.19
1789533377	1010	counted	train	80000	0.20
1789533377	1010	counted	train	80000	0.14
1789533377	1010	counted	train	80000	0.18
1789533377	1010	counted	train	80000	0.20
1789533377	1010	counted	train	80000	0.15
1789533378	1010	counted	train	80000	0.18
1789533378	1010	counted	train	80000	0.21
1789533378	1010	counted	train	80000	0.15
1789533378	1010	counted	train	80000	0.18
1789533378	1010	counted	train	80000	0.21
1789533379	1010	counted	train	80000	0.14
1789533379	1010	counted	train	80000	0.18
1789533379	1010	counted	train	80000	0.20
1789533379	1010	counted	train	80000	0.14
1789533379	1010	counted	train	80000	0.17
1789533380	1010	counted	train	80000	0.19
1789533380	1010	counted	train	80000	0.14
1789533380	1010	counted	train	80000	0.20
1789533380	1010	counted	train	80000	0.24
1789533381	1010	counted	train	80000	0.15
1789533381	1010	counted	train	80000	0.19
1789533381	1010	counted	train	80000	0.20
1789533381	1010	counted	train	80000	0.15
1789533381	1010	counted	train	80000	0.21
1789533382	1010	counted	train	80000	0.20
1789533382	1010	counted	train	80000	0.15
1789533382	1010	counted	train	80000	0.20
1789533382	1010	counted	train	80000	0.21
1789533383	1010	counted	train	80000	0.16
1789533383	1010	counted	train	80000	0.19
1789533383	1010	counted	train	80000	0.22
1789533383	1010	counted	train	80000	0.16
1789533383	1010	counted	train	80000	0.22
1789533384	1010	counted	train	80000	0.20
1789533384	1010	counted	train	80000	0.14
1789533384	1010	counted	train	80000	0.18
1789533384	1010	counted	train	80000	0.21
1789533384	1010	counted	train	80000	0.14
1789533385	1010	counted	train	80000	0.17
1789533385	1010	counted	train	80000	0.19
1789533385	1010	counted	train	80000	0.14
1789533385	1010	counted	train	80000	0.17
1789533386	1010	counted	train	80000	0.19
1789533386	1010	counted	train	80000	0.14
1789533386	1010	counted	train	80000	0.17
1789533386	1010	counted	train	80000	0.19
1789533386	1010	counted	train	80000	0.14
1789533386	1010	counted	train	80000	0.17
1789533387	1010	counted	train	80000	0.20
1789533387	1010	counted	train	80000	0.14
1789533395	1052	counted	train	80000	0.16
1789533395	1052	counted	train	80000	0.19
1789533396	1052	counted	train	80000	0.25
1789533396	1052	counted	train	80000	0.35
1789533396	1052	counted	train	80000	0.14
1789533396	1052	counted	train	80000	0.18
1789533397	1052	counted	train	80000	0.26
1789533397	1052	counted	train	80000	0.35
1789533397	1052	counted	train	80000	0.15
1789533397	1052	counted	train	80000	0.21
1789533398	1052	counted	train	80000	0.25
1789533398	1052	counted	train	80000	0.34
1789533398	1052	counted	train	80000	0.16
1789533399	1052	counted	train	80000	0.20
1789533399	1052	counted	train	80000	0.24
1789533399	1052	counted	train	80000	0.34
1789533399	1052	counted	train	80000	0.14
1789533400	1052	counted	train	80000	0.20
1789533400	1052	counted	train	80000	0.25
1789533400	1052	counted	train	80000	0.34
1789533400	1052	counted	train	80000	0.15
1789533401	1052	counted	train	80000	0.21
1789533401	1052	counted	train	80000	0.27
1789533401	1052	counted	train	80000	0.32
1789533402	1052	counted	train	80000	0.15
1789533402	1052	counted	train	80000	0.19
1789533402	1052	counted	train	80000	0.27
1789533402	1052	counted	train	80000	0.36
1789533403	1052	counted	train	80000	0.15
1789533403	1052	counted	train	80000	0.21
1789533403	1052	counted	train	80000	0.28
1789533404	1052	counted	train	80000	0.37
1789533404	1052	counted	train	80000	0.15
1789533404	1052	counted	train	80000	0.21
1789533404	1052	counted	train	80000	0.30
1789533405	1052	counted	train	80000	0.35
1789533405	1052	counted	train	80000	0.16
1789533405	1052	counted	train	80000	0.20
1789533405	1052	counted	train	80000	0.27
1789533406	1052	counted	train	80000	0.37
1789533406	1052	counted	train	80000	0.15
1789533406	1052	counted	train	80000	0.19
1789533407	1052	counted	train	80000	0.26
1789533407	1052	counted	train	80000	0.37
1789533407	1052	counted	train	80000	0.14
1789533407	1052	counted	train	80000	0.20
1789533408	1052	counted	train	80000	0.27
1789533408	1052	counted	train	80000	0.36
1789533408	1052	counted	train	80000	0.16
1789533409	1052	counted	train	80000	0.20
1789533409	1052	counted	train	80000	0.25
1789533409	1052	counted	train	80000	0.36
1789533409	1052	counted	train	80000	0.15
1789533410	1052	counted	train	80000	0.20
1789533410	1052	counted	train	80000	0.27
1789533410	1052	counted	train	80000	0.36
1789533410	1052	counted	train	80000	0.14
1789533411	1052	counted	train	80000	0.19
1789533411	1052	counted	train	80000	0.25
1789533411	1052	counted	train	80000	0.33
1789533412	1052	counted	train	80000	0.17
1789533412	1052	counted	train	80000	0.20
1789533412	1052	counted	train	80000	0.25
1789533412	1052	counted	train	80000	0.37
1789533413	1052	counted	train	80000	0.16
1789533413	1052	counted	train	80000	0.20
1789533413	1052	counted	train	80000	0.26
1789533414	1052	counted	train	80000	0.39
1789533414	1052	counted	train	80000	0.14
1789533414	1052	counted	train	80000	0.20
1789533414	1052	counted	train	80000	0.26
1789533415	1052	counted	train	80000	0.36
1789533415	1052	counted	train	80000	0.16
1789533415	1052	counted	train	80000	0.20
1789533415	1052	counted	train	80000	0.24
1789533416	1052	counted	train	80000	0.35
1789533416	1052	counted	train	80000	0.15
1789533416	1052	counted	train	80000	0.20
1789533417	1052	counted	train	80000	0.27
1789533417	1052	counted	train	80000	0.36
1789533417	1052	counted	train	80000	0.15
1789533417	1052	counted	train	80000	0.21
1789533418	1052	counted	train	80000	0.26
1789533418	1052	counted	train	80000	0.36
1789533418	1052	counted	train	80000	0.16
1789533418	1052	counted	train	80000	0.21
1789533419	1052	counted	train	80000	0.25
1789533419	1052	counted	train	80000	0.32
1789533419	1052	counted	train	80000	0.14
1789533420	1052	counted	train	80000	0.17
1789533420	1052	counted	train	80000	0.25
1789533420	1052	counted	train	80000	0.35
1789533420	1052	counted	train	80000	0.14
1789533421	1052	counted	train	80000	0.19
1789533421	1052	counted	train	80000	0.24
1789533421	1052	counted	train	80000	0.37
1789533421	1052	counted	train	80000	0.14
1789533422	1052	counted	train	80000	0.18
1789533422	1052	counted	train	80000	0.25
1789533422	1052	counted	train	80000	0.36
1789533434	1095	counted	train	80000	0.17
1789533434	1095	counted	train	80000	0.21
1789533434	1095	counted	train	80000	0.26
1789533434	1095	counted	train	80000	0.17
1789533435	1095	counted	train	80000	0.19
1789533435	1095	counted	train	80000	0.26
1789533435	1095	counted	train	80000	0.16
1789533435	1095	counted	train	80000	0.21
1789533436	1095	counted	train	80000	0.25
1789533436	1095	counted	train	80000	0.17
1789533436	1095	counted	train	80000	0.20
1789533436	1095	counted	train	80000	0.25
1789533436	1095	counted	train	80000	0.16
1789533437	1095	counted	train	80000	0.19
1789533437	1095	counted	train	80000	0.25
1789533437	1095	counted	train	80000	0.15
1789533437	1095	counted	train	80000	0.19
1789533438	1095	counted	train	80000	0.24
1789533438	1095	counted	train	80000	0.16
1789533438	1095	counted	train	80000	0.21
1789533438	1095	counted	train	80000	0.25
1789533439	1095	counted	train	80000	0.16
1789533439	1095	counted	train	80000	0.19
1789533439	1095	counted	train	80000	0.25
1789533439	1095	counted	train	80000	0.15
1789533439	1095	counted	train	80000	0.20
1789533440	1095	counted	train	80000	0.26
1789533440	1095	counted	train	80000	0.16
1789533440	1095	counted	train	80000	0.20
1789533440	1095	counted	train	80000	0.26
1789533441	1095	counted	train	80000	0.15
1789533441	1095	counted	train	80000	0.19
1789533441	1095	counted	train	80000	0.25
1789533441	1095	counted	train	80000	0.15
1789533442	1095	counted	train	80000	0.20
1789533442	1095	counted	train	80000	0.25
1789533442	1095	counted	train	80000	0.16
1789533442	1095	counted	train	80000	0.20
1789533443	1095	counted	train	80000	0.26
1789533443	1095	counted	train	80000	0.17
1789533443	1095	counted	train	80000	0.22
1789533443	1095	counted	train	80000	0.26
1789533444	1095	counted	train	80000	0.16
1789533444	1095	counted	train	80000	0.20
1789533444	1095	counted	train	80000	0.25
1789533444	1095	counted	train	80000	0.16
1789533444	1095	counted	train	80000	0.19
1789533445	1095	counted	train	80000	0.24
1789533445	1095	counted	train	80000	0.16
1789533445	1095	counted	train	80000	0.19
1789533445	1095	counted	train	80000	0.26
1789533446	1095	counted	train	80000	0.15
1789533446	1095	counted	train	80000	0.19
1789533446	1095	counted	train	80000	0.24
1789533446	1095	counted	train	80000	0.15
1789533447	1095	counted	train	80000	0.19
1789533447	1095	counted	train	80000	0.28
1789533447	1095	counted	train	80000	0.16
1789533447	1095	counted	train	80000	0.23
1789533448	1095	counted	train	80000	0.29
1789533448	1095	counted	train	80000	0.17
1789533448	1095	counted	train	80000	0.20
1789533448	1095	counted	train	80000	0.25
1789533449	1095	counted	train	80000	0.16
1789533449	1095	counted	train	80000	0.20
1789533449	1095	counted	train	80000	0.26
1789533449	1095	counted	train	80000	0.17
1789533450	1095	counted	train	80000	0.20
1789533450	1095	counted	train	80000	0.26
1789533450	1095	counted	train	80000	0.16
1789533450	1095	counted	train	80000	0.22
1789533451	1095	counted	train	80000	0.26
1789533451	1095	counted	train	80000	0.15
1789533451	1095	counted	train	80000	0.20
1789533451	1095	counted	train	80000	0.27
1789533452	1095	counted	train	80000	0.14
1789533452	1095	counted	train	80000	0.20
1789533452	1095	counted	train	80000	0.25
1789533452	1095	counted	train	80000	0.15
1789533452	1095	counted	train	80000	0.18
1789533453	1095	counted	train	80000	0.24
1789533453	1095	counted	train	80000	0.15
1789533453	1095	counted	train	80000	0.19
1789533453	1095	counted	train	80000	0.25
1789533454	1095	counted	train	80000	0.16
1789533454	1095	counted	train	80000	0.23
1789533454	1095	counted	train	80000	0.27
1789533454	1095	counted	train	80000	0.16
1789533455	1095	counted	train	80000	0.20
1789533455	1095	counted	train	80000	0.29
1789533455	1095	counted	train	80000	0.17
1789533455	1095	counted	train	80000	0.21
1789533456	1095	counted	train	80000	0.24
1789533456	1095	counted	train	80000	0.13
1789533456	1095	counted	train	80000	0.18
1789533456	1095	counted	train	80000	0.22
1789533456	1095	counted	train	80000	0.13
1789533457	1095	counted	train	80000	0.17
1789533457	1095	counted	train	80000	0.23
1789533457	1095	counted	train	80000	0.13
1789533466	1136	counted	train	80000	0.16
1789533466	1136	counted	train	80000	0.21
1789533467	1136	counted	train	80000	0.25
1789533467	1136	counted	train	80000	0.16
1789533467	1136	counted	train	80000	0.19
1789533467	1136	counted	train	80000	0.25
1789533468	1136	counted	train	80000	0.15
1789533468	1136	counted	train	80000	0.20
1789533468	1136	counted	train	80000	0.25
1789533468	1136	counted	train	80000	0.17
1789533469	1136	counted	train	80000	0.21
1789533469	1136	counted	train	80000	0.25
1789533469	1136	counted	train	80000	0.15
1789533469	1136	counted	train	80000	0.21
1789533470	1136	counted	train	80000	0.24
1789533470	1136	counted	train	80000	0.16
1789533470	1136	counted	train	80000	0.21
1789533470	1136	counted	train	80000	0.26
1789533470	1136	counted	train	80000	0.16
1789533471	1136	counted	train	80000	0.19
1789533471	1136	counted	train	80000	0.23
1789533471	1136	counted	train	80000	0.15
1789533471	1136	counted	train	80000	0.19
1789533472	1136	counted	train	80000	0.25
1789533472	1136	counted	train	80000	0.15
1789533472	1136	counted	train	80000	0.19
1789533472	1136	counted	train	80000	0.23
1789533473	1136	counted	train	80000	0.15
1789533473	1136	counted	train	80000	0.19
1789533473	1136	counted	train	80000	0.23
1789533473	1136	counted	train	80000	0.15
1789533473	1136	counted	train	80000	0.19
1789533474	1136	counted	train	80000	0.24
1789533474	1136	counted	train	80000	0.15
1789533474	1136	counted	train	80000	0.21
1789533474	1136	counted	train	80000	0.24
1789533475	1136	counted	train	80000	0.14
1789533475	1136	counted	train	80000	0.19
1789533475	1136	counted	train	80000	0.29
1789533475	1136	counted	train	80000	0.15
1789533476	1136	counted	train	80000	0.19
1789533476	1136	counted	train	80000	0.26
1789533476	1136	counted	train	80000	0.16
1789533476	1136	counted	train	80000	0.21
1789533477	1136	counted	train	80000	0.26
1789533477	1136	counted	train	80000	0.16
1789533477	1136	counted	train	80000	0.21
1789533477	1136	counted	train	80000	0.29
1789533477	1136	counted	train	80000	0.16
1789533478	1136	counted	train	80000	0.19
1789533478	1136	counted	train	80000	0.26
1789533478	1136	counted	train	80000	0.16
1789533478	1136	counted	train	80000	0.22
1789533479	1136	counted	train	80000	0.27
1789533479	1136	counted	train	80000	0.16
1789533479	1136	counted	train	80000	0.21
1789533480	1136	counted	train	80000	0.25
1789533480	1136	counted	train	80000	0.17
1789533480	1136	counted	train	80000	0.21
1789533480	1136	counted	train	80000	0.25
1789533480	1136	counted	train	80000	0.15
1789533481	1136	counted	train	80000	0.19
1789533481	1136	counted	train	80000	0.25
1789533481	1136	counted	train	80000	0.15
1789533481	1136	counted	train	80000	0.19
1789533482	1136	counted	train	80000	0.25
1789533482	1136	counted	train	80000	0.18
1789533482	1136	counted	train	80000	0.24
1789533482	1136	counted	train	80000	0.29
1789533483	1136	counted	train	80000	0.17
1789533483	1136	counted	train	80000	0.20
1789533483	1136	counted	train	80000	0.26
1789533483	1136	counted	train	80000	0.17
1789533484	1136	counted	train	80000	0.20
1789533484	1136	counted	train	80000	0.26
1789533484	1136	counted	train	80000	0.17
1789533484	1136	counted	train	80000	0.23
1789533485	1136	counted	train	80000	0.28
1789533485	1136	counted	train	80000	0.18
1789533485	1136	counted	train	80000	0.20
1789533485	1136	counted	train	80000	0.28
1789533486	1136	counted	train	80000	0.19
1789533486	1136	counted	train	80000	0.22
1789533486	1136	counted	train	80000	0.27
1789533486	1136	counted	train	80000	0.15
1789533487	1136	counted	train	80000	0.20
1789533487	1136	counted	train	80000	0.25
1789533487	1136	counted	train	80000	0.17
1789533487	1136	counted	train	80000	0.20
1789533488	1136	counted	train	80000	0.25
1789533488	1136	counted	train	80000	0.16
1789533488	1136	counted	train	80000	0.22
1789533488	1136	counted	train	80000	0.28
1789533489	1136	counted	train	80000	0.17
1789533489	1136	counted	train	80000	0.22
1789533489	1136	counted	train	80000	0.28
1789533489	1136	counted	train	80000	0.17
1789533490	1136	counted	train	80000	0.20
1789533490	1136	counted	train	80000	0.25
1789533490	1136	counted	train	80000	0.16
1789533490	1136	counted	train	80000	0.22
1789533491	1136	counted	train	80000	0.28
1789533491	1136	counted	train	80000	0.18
1789533491	1136	counted	train	80000	0.19
1789533492	1136	counted	train	80000	0.29
1789533492	1136	counted	train	80000	0.15
1789533492	1136	counted	train	80000	0.19
1789533492	1136	counted	train	80000	0.30
1789533492	1136	counted	train	80000	0.16
1789533493	1136	counted	train	80000	0.21
1789533493	1136	counted	train	80000	0.26
1789533493	1136	counted	train	80000	0.17
1789533493	1136	counted	train	80000	0.20
1789533494	1136	counted	train	80000	0.25
1789533494	1136	counted	train	80000	0.15
1789533494	1136	counted	train	80000	0.20
1789533494	1136	counted	train	80000	0.26
1789533495	1136	counted	train	80000	0.16
1789533495	1136	counted	train	80000	0.21
1789533495	1136	counted	train	80000	0.28
1789533495	1136	counted	train	80000	0.17
1789533496	1136	counted	train	80000	0.22
1789533496	1136	counted	train	80000	0.27
1789533496	1136	counted	train	80000	0.16
1789533496	1136	counted	train	80000	0.21
1789533497	1136	counted	train	80000	0.30
1789533497	1136	counted	train	80000	0.18
1789533497	1136	counted	train	80000	0.22
1789533497	1136	counted	train	80000	0.26
1789533498	1136	counted	train	80000	0.16
1789533498	1136	counted	train	80000	0.21
1789533498	1136	counted	train	80000	0.27
1789533498	1136	counted	train	80000	0.16
1789533499	1136	counted	train	80000	0.21
1789533499	1136	counted	train	80000	0.27
1789533499	1136	counted	train	80000	0.16
1789533499	1136	counted	train	80000	0.20
1789533500	1136	counted	train	80000	0.28
1789533500	1136	counted	train	80000	0.16
1789533500	1136	counted	train	80000	0.21
1789533500	1136	counted	train	80000	0.26
1789533501	1136	counted	train	80000	0.17
1789533501	1136	counted	train	80000	0.22
1789533501	1136	counted	train	80000	0.25
1789533501	1136	counted	train	80000	0.15
1789533502	1136	counted	train	80000	0.19
1789533502	1136	counted	train	80000	0.26
1789533502	1136	counted	train	80000	0.15
1789533502	1136	counted	train	80000	0.20
1789533503	1136	counted	train	80000	0.25
1789533503	1136	counted	train	80000	0.15
1789533503	1136	counted	train	80000	0.20
1789533503	1136	counted	train	80000	0.25
1789533503	1136	counted	train	80000	0.16
1789533504	1136	counted	train	80000	0.20
1789533504	1136	counted	train	80000	0.29
1789533504	1136	counted	train	80000	0.16
1789533504	1136	counted	train	80000	0.20
1789533505	1136	counted	train	80000	0.27
1789533505	1136	counted	train	80000	0.15
1789533505	1136	counted	train	80000	0.21
1789533505	1136	counted	train	80000	0.29
1789533506	1136	counted	train	80000	0.17
1789533506	1136	counted	train	80000	0.20
1789533506	1136	counted	train	80000	0.26
1789533506	1136	counted	train	80000	0.16
1789533507	1136	counted	train	80000	0.20
1789533507	1136	counted	train	80000	0.27
1789533507	1136	counted	train	80000	0.18
1789533507	1136	counted	train	80000	0.21
1789533508	1136	counted	train	80000	0.26
1789533508	1136	counted	train	80000	0.17
1789533508	1136	counted	train	80000	0.20
1789533508	1136	counted	train	80000	0.27
1789533509	1136	counted	train	80000	0.16
1789533509	1136	counted	train	80000	0.21
1789533509	1136	counted	train	80000	0.29
1789533509	1136	counted	train	80000	0.16
1789533510	1136	counted	train	80000	0.21
1789533510	1136	counted	train	80000	0.26
1789533510	1136	counted	train	80000	0.16
1789533510	1136	counted	train	80000	0.21
1789533511	1136	counted	train	80000	0.27
1789533511	1136	counted	train	80000	0.18
1789533511	1136	counted	train	80000	0.21
1789533512	1136	counted	train	80000	0.28
1789533512	1136	counted	train	80000	0.16
1789533512	1136	counted	train	80000	0.21
1789533512	1136	counted	train	80000	0.31
1789533513	1136	counted	train	80000	0.19
1789533513	1136	counted	train	80000	0.20
1789533513	1136	counted	train	80000	0.30
1789533513	1136	counted	train	80000	0.15
1789533514	1136	counted	train	80000	0.20
1789533514	1136	counted	train	80000	0.26
1789533514	1136	counted	train	80000	0.16
1789533514	1136	counted	train	80000	0.21
1789533515	1136	counted	train	80000	0.29
1789533515	1136	counted	train	80000	0.17
1789533515	1136	counted	train	80000	0.20
1789533533	1177	counted	train	80000	0.16
1789533534	1177	counted	train	80000	0.21
1789533534	1177	counted	train	80000	0.27
1789533534	1177	counted	train	80000	0.17
1789533534	1177	counted	train	80000	0.21
1789533535	1177	counted	train	80000	0.28
1789533535	1177	counted	train	80000	0.17
1789533535	1177	counted	train	80000	0.20
1789533535	1177	counted	train	80000	0.28
1789533536	1177	counted	train	80000	0.15
1789533536	1177	counted	train	80000	0.20
1789533536	1177	counted	train	80000	0.25
1789533536	1177	counted	train	80000	0.15
1789533537	1177	counted	train	80000	0.21
1789533537	1177	counted	train	80000	0.28
1789533537	1177	counted	train	80000	0.15
1789533537	1177	counted	train	80000	0.20
1789533538	1177	counted	train	80000	0.26
1789533538	1177	counted	train	80000	0.16
1789533538	1177	counted	train	80000	0.21
1789533538	1177	counted	train	80000	0.26
1789533539	1177	counted	train	80000	0.17
1789533539	1177	counted	train	80000	0.22
1789533539	1177	counted	train	80000	0.26
1789533539	1177	counted	train	80000	0.17
1789533540	1177	counted	train	80000	0.20
1789533540	1177	counted	train	80000	0.29
1789533540	1177	counted	train	80000	0.15
1789533540	1177	counted	train	80000	0.19
1789533541	1177	counted	train	80000	0.26
1789533541	1177	counted	train	80000	0.17
1789533541	1177	counted	train	80000	0.20
1789533541	1177	counted	train	80000	0.27
1789533541	1177	counted	train	80000	0.16
1789533542	1177	counted	train	80000	0.23
1789533542	1177	counted	train	80000	0.27
1789533542	1177	counted	train	80000	0.16
1789533543	1177	counted	train	80000	0.20
1789533543	1177	counted	train	80000	0.27
1789533543	1177	counted	train	80000	0.17
1789533543	1177	counted	train	80000	0.21
1789533544	1177	counted	train	80000	0.26
1789533544	1177	counted	train	80000	0.16
1789533544	1177	counted	train	80000	0.22
1789533544	1177	counted	train	80000	0.26
1789533545	1177	counted	train	80000	0.16
1789533545	1177	counted	train	80000	0.20
1789533545	1177	counted	train	80000	0.25
1789533545	1177	counted	train	80000	0.16
1789533545	1177	counted	train	80000	0.21
1789533546	1177	counted	train	80000	0.28
1789533546	1177	counted	train	80000	0.16
1789533546	1177	counted	train	80000	0.22
1789533547	1177	counted	train	80000	0.25
1789533547	1177	counted	train	80000	0.17
1789533547	1177	counted	train	80000	0.20
1789533547	1177	counted	train	80000	0.25
1789533547	1177	counted	train	80000	0.17
1789533548	1177	counted	train	80000	0.19
1789533548	1177	counted	train	80000	0.28
1789533548	1177	counted	train	80000	0.16
1789533548	1177	counted	train	80000	0.20
1789533549	1177	counted	train	80000	0.25
1789533549	1177	counted	train	80000	0.16
1789533549	1177	counted	train	80000	0.20
1789533549	1177	counted	train	80000	0.25
1789533550	1177	counted	train	80000	0.16
1789533550	1177	counted	train	80000	0.19
1789533550	1177	counted	train	80000	0.26
1789533550	1177	counted	train	80000	0.16
1789533551	1177	counted	train	80000	0.21
1789533551	1177	counted	train	80000	0.27
1789533551	1177	counted	train	80000	0.16
1789533551	1177	counted	train	80000	0.19
1789533552	1177	counted	train	80000	0.25
1789533552	1177	counted	train	80000	0.18
1789533552	1177	counted	train	80000	0.21
1789533552	1177	counted	train	80000	0.28
1789533553	1177	counted	train	80000	0.17
1789533553	1177	counted	train	80000	0.22
1789533553	1177	counted	train	80000	0.27
1789533553	1177	counted	train	80000	0.18
1789533554	1177	counted	train	80000	0.21
1789533554	1177	counted	train	80000	0.28
1789533554	1177	counted	train	80000	0.17
1789533554	1177	counted	train	80000	0.21
1789533555	1177	counted	train	80000	0.27
1789533555	1177	counted	train	80000	0.17
1789533555	1177	counted	train	80000	0.22
1789533555	1177	counted	train	80000	0.28
1789533556	1177	counted	train	80000	0.17
1789533556	1177	counted	train	80000	0.22
1789533556	1177	counted	train	80000	0.27
1789533556	1177	counted	train	80000	0.16
1789533557	1177	counted	train	80000	0.21
1789533557	1177	counted	train	80000	0.27
1789533557	1177	counted	train	80000	0.16
1789533557	1177	counted	train	80000	0.21
1789533558	1177	counted	train	80000	0.27
1789533558	1177	counted	train	80000	0.17
1789533558	1177	counted	train	80000	0.24
1789533559	1177	counted	train	80000	0.31
1789533559	1177	counted	train	80000	0.17
1789533559	1177	counted	train	80000	0.21
1789533559	1177	counted	train	80000	0.27
1789533559	1177	counted	train	80000	0.17
1789533560	1177	counted	train	80000	0.20
1789533560	1177	counted	train	80000	0.27
1789533560	1177	counted	train	80000	0.16
1789533560	1177	counted	train	80000	0.21
1789533561	1177	counted	train	80000	0.28
1789533561	1177	counted	train	80000	0.17
1789533561	1177	counted	train	80000	0.22
1789533562	1177	counted	train	80000	0.27
1789533562	1177	counted	train	80000	0.18
1789533562	1177	counted	train	80000	0.25
1789533562	1177	counted	train	80000	0.28
1789533563	1177	counted	train	80000	0.17
1789533563	1177	counted	train	80000	0.22
1789533563	1177	counted	train	80000	0.29
1789533563	1177	counted	train	80000	0.18
1789533564	1177	counted	train	80000	0.21
1789533564	1177	counted	train	80000	0.28
1789533564	1177	counted	train	80000	0.16
1789533564	1177	counted	train	80000	0.22
1789533565	1177	counted	train	80000	0.28
1789533565	1177	counted	train	80000	0.18
1789533565	1177	counted	train	80000	0.24
1789533565	1177	counted	train	80000	0.27
1789533566	1177	counted	train	80000	0.18
1789533566	1177	counted	train	80000	0.21
1789533566	1177	counted	train	80000	0.28
1789533566	1177	counted	train	80000	0.15
1789533567	1177	counted	train	80000	0.20
1789533567	1177	counted	train	80000	0.25
1789533567	1177	counted	train	80000	0.16
1789533567	1177	counted	train	80000	0.20
1789533568	1177	counted	train	80000	0.26
1789533568	1177	counted	train	80000	0.17
1789533568	1177	counted	train	80000	0.21
1789533569	1177	counted	train	80000	0.28
1789533569	1177	counted	train	80000	0.17
1789533569	1177	counted	train	80000	0.22
1789533569	1177	counted	train	80000	0.27
1789533570	1177	counted	train	80000	0.17
1789533570	1177	counted	train	80000	0.23
1789533570	1177	counted	train	80000	0.25
1789533570	1177	counted	train	80000	0.16
1789533571	1177	counted	train	80000	0.21
1789533571	1177	counted	train	80000	0.25
1789533571	1177	counted	train	80000	0.16
1789533571	1177	counted	train	80000	0.20
1789533572	1177	counted	train	80000	0.27
1789533572	1177	counted	train	80000	0.17
1789533572	1177	counted	train	80000	0.20
1789533572	1177	counted	train	80000	0.26
1789533572	1177	counted	train	80000	0.17
1789533573	1177	counted	train	80000	0.20
1789533573	1177	counted	train	80000	0.29
1789533573	1177	counted	train	80000	0.16
1789533573	1177	counted	train	80000	0.21
1789533574	1177	counted	train	80000	0.29
1789533574	1177	counted	train	80000	0.17
1789533574	1177	counted	train	80000	0.23
1789533575	1177	counted	train	80000	0.30
1789533575	1177	counted	train	80000	0.17
1789533575	1177	counted	train	80000	0.21
1789533575	1177	counted	train	80000	0.26
1789533576	1177	counted	train	80000	0.16
1789533576	1177	counted	train	80000	0.21
1789533576	1177	counted	train	80000	0.29
1789533576	1177	counted	train	80000	0.17
1789533577	1177	counted	train	80000	0.21
1789533577	1177	counted	train	80000	0.28
1789533577	1177	counted	train	80000	0.17
1789533577	1177	counted	train	80000	0.22
1789533578	1177	counted	train	80000	0.27
1789533578	1177	counted	train	80000	0.16
1789533578	1177	counted	train	80000	0.21
1789533578	1177	counted	train	80000	0.27
1789533579	1177	counted	train	80000	0.18
1789533579	1177	counted	train	80000	0.20
1789533579	1177	counted	train	80000	0.28
1789533579	1177	counted	train	80000	0.18
1789533580	1177	counted	train	80000	0.23
1789533580	1177	counted	train	80000	0.31
1789533580	1177	counted	train	80000	0.18
1789533581	1177	counted	train	80000	0.23
1789533581	1177	counted	train	80000	0.27
1789533581	1177	counted	train	80000	0.17
1789533581	1177	counted	train	80000	0.22
1789533582	1177	counted	train	80000	0.29
1789533582	1177	counted	train	80000	0.17
1789533582	1177	counted	train	80000	0.24
1789533582	1177	counted	train	80000	0.27
1789533583	1177	counted	train	80000	0.17
1789533583	1177	counted	train	80000	0.23
1789533583	1177	counted	train	80000	0.27
1789533583	1177	counted	train	80000	0.17
1789533584	1177	counted	train	80000	0.21
1789533602	1218	counted	train	80000	0.12
1789533602	1218	counted	train	80000	0.15
1789533603	1218	counted	train	80000	0.20
1789533603	1218	counted	train	80000	0.27
1789533603	1218	counted	train	80000	0.12
1789533603	1218	counted	train	80000	0.18
1789533604	1218	counted	train	80000	0.22
1789533604	1218	counted	train	80000	0.27
1789533604	1218	counted	train	80000	0.12
1789533604	1218	counted	train	80000	0.16
1789533604	1218	counted	train	80000	0.19
1789533605	1218	counted	train	80000	0.25
1789533605	1218	counted	train	80000	0.12
1789533605	1218	counted	train	80000	0.16
1789533605	1218	counted	train	80000	0.21
1789533606	1218	counted	train	80000	0.27
1789533606	1218	counted	train	80000	0.13
1789533606	1218	counted	train	80000	0.16
1789533606	1218	counted	train	80000	0.20
1789533606	1218	counted	train	80000	0.26
1789533607	1218	counted	train	80000	0.11
1789533607	1218	counted	train	80000	0.16
1789533607	1218	counted	train	80000	0.19
1789533607	1218	counted	train	80000	0.26
1789533607	1218	counted	train	80000	0.11
1789533608	1218	counted	train	80000	0.15
1789533608	1218	counted	train	80000	0.23
1789533608	1218	counted	train	80000	0.26
1789533608	1218	counted	train	80000	0.12
1789533608	1218	counted	train	80000	0.15
1789533609	1218	counted	train	80000	0.23
1789533609	1218	counted	train	80000	0.28
1789533609	1218	counted	train	80000	0.12
1789533609	1218	counted	train	80000	0.18
1789533610	1218	counted	train	80000	0.21
1789533610	1218	counted	train	80000	0.25
1789533610	1218	counted	train	80000	0.12
1789533610	1218	counted	train	80000	0.16
1789533611	1218	counted	train	80000	0.20
1789533611	1218	counted	train	80000	0.26
1789533611	1218	counted	train	80000	0.11
1789533611	1218	counted	train	80000	0.17
1789533611	1218	counted	train	80000	0.21
1789533612	1218	counted	train	80000	0.26
1789533612	1218	counted	train	80000	0.11
1789533612	1218	counted	train	80000	0.15
1789533612	1218	counted	train	80000	0.19
1789533613	1218	counted	train	80000	0.26
1789533613	1218	counted	train	80000	0.12
1789533613	1218	counted	train	80000	0.15
1789533613	1218	counted	train	80000	0.20
1789533613	1218	counted	train	80000	0.28
1789533614	1218	counted	train	80000	0.12
1789533614	1218	counted	train	80000	0.16
1789533614	1218	counted	train	80000	0.24
1789533614	1218	counted	train	80000	0.29
1789533615	1218	counted	train	80000	0.14
1789533615	1218	counted	train	80000	0.19
1789533615	1218	counted	train	80000	0.25
1789533615	1218	counted	train	80000	0.29
1789533616	1218	counted	train	80000	0.13
1789533616	1218	counted	train	80000	0.18
1789533616	1218	counted	train	80000	0.21
1789533616	1218	counted	train	80000	0.32
1789533617	1218	counted	train	80000	0.12
1789533617	1218	counted	train	80000	0.16
1789533617	1218	counted	train	80000	0.23
1789533617	1218	counted	train	80000	0.29
1789533618	1218	counted	train	80000	0.13
1789533618	1218	counted	train	80000	0.18
1789533618	1218	counted	train	80000	0.22
1789533618	1218	counted	train	80000	0.28
1789533619	1218	counted	train	80000	0.13
1789533619	1218	counted	train	80000	0.16
1789533619	1218	counted	train	80000	0.25
1789533619	1218	counted	train	80000	0.29
1789533619	1218	counted	train	80000	0.13
1789533620	1218	counted	train	80000	0.17
1789533620	1218	counted	train	80000	0.22
1789533620	1218	counted	train	80000	0.29
1789533620	1218	counted	train	80000	0.12
1789533621	1218	counted	train	80000	0.17
1789533621	1218	counted	train	80000	0.21
1789533621	1218	counted	train	80000	0.27
1789533621	1218	counted	train	80000	0.13
1789533622	1218	counted	train	80000	0.17
1789533622	1218	counted	train	80000	0.21
1789533622	1218	counted	train	80000	0.29
1789533622	1218	counted	train	80000	0.13
1789533622	1218	counted	train	80000	0.15
1789533623	1218	counted	train	80000	0.21
1789533623	1218	counted	train	80000	0.30
1789533623	1218	counted	train	80000	0.13
1789533623	1218	counted	train	80000	0.18
1789533624	1218	counted	train	80000	0.22
1789533624	1218	counted	train	80000	0.28
1789533624	1218	counted	train	80000	0.15
1789533624	1218	counted	train	80000	0.16
1789533625	1218	counted	train	80000	0.21
1789533625	1218	counted	train	80000	0.29
1789533625	1218	counted	train	80000	0.12
1789533625	1218	counted	train	80000	0.16
1789533626	1218	counted	train	80000	0.23
1789533626	1218	counted	train	80000	0.29
1789533626	1218	counted	train	80000	0.14
1789533626	1218	counted	train	80000	0.20
1789533627	1218	counted	train	80000	0.23
1789533627	1218	counted	train	80000	0.29
1789533627	1218	counted	train	80000	0.13
1789533627	1218	counted	train	80000	0.19
1789533628	1218	counted	train	80000	0.22
1789533628	1218	counted	train	80000	0.33
1789533628	1218	counted	train	80000	0.12
1789533628	1218	counted	train	80000	0.16
1789533629	1218	counted	train	80000	0.21
1789533629	1218	counted	train	80000	0.27
1789533629	1218	counted	train	80000	0.12
1789533629	1218	counted	train	80000	0.16
1789533629	1218	counted	train	80000	0.23
1789533630	1218	counted	train	80000	0.31
1789533630	1218	counted	train	80000	0.15
1789533630	1218	counted	train	80000	0.19
1789533630	1218	counted	train	80000	0.22
1789533631	1218	counted	train	80000	0.29
1789533631	1218	counted	train	80000	0.14
1789533631	1218	counted	train	80000	0.18
1789533631	1218	counted	train	80000	0.22
1789533632	1218	counted	train	80000	0.28
1789533632	1218	counted	train	80000	0.12
1789533632	1218	counted	train	80000	0.18
1789533632	1218	counted	train	80000	0.21
1789533633	1218	counted	train	80000	0.26
1789533633	1218	counted	train	80000	0.13
1789533633	1218	counted	train	80000	0.17
1789533633	1218	counted	train	80000	0.22
1789533634	1218	counted	train	80000	0.29
1789533634	1218	counted	train	80000	0.13
1789533634	1218	counted	train	80000	0.15
1789533634	1218	counted	train	80000	0.21
1789533635	1218	counted	train	80000	0.29
1789533635	1218	counted	train	80000	0.12
1789533635	1218	counted	train	80000	0.18
1789533635	1218	counted	train	80000	0.21
1789533636	1218	counted	train	80000	0.26
1789533636	1218	counted	train	80000	0.13
1789533636	1218	counted	train	80000	0.17
1789533636	1218	counted	train	80000	0.20
1789533636	1218	counted	train	80000	0.28
1789533637	1218	counted	train	80000	0.12
1789533637	1218	counted	train	80000	0.15
1789533637	1218	counted	train	80000	0.22
1789533637	1218	counted	train	80000	0.32
1789533638	1218	counted	train	80000	0.12
1789533638	1218	counted	train	80000	0.16
1789533638	1218	counted	train	80000	0.22
1789533638	1218	counted	train	80000	0.29
1789533638	1218	counted	train	80000	0.13
1789533639	1218	counted	train	80000	0.16
1789533639	1218	counted	train	80000	0.22
1789533639	1218	counted	train	80000	0.31
1789533639	1218	counted	train	80000	0.13
1789533640	1218	counted	train	80000	0.15
1789533640	1218	counted	train	80000	0.20
1789533640	1218	counted	train	80000	0.33
1789533640	1218	counted	train	80000	0.15
1789533641	1218	counted	train	80000	0.19
1789533641	1218	counted	train	80000	0.22
1789533641	1218	counted	train	80000	0.30
1789533641	1218	counted	train	80000	0.12
1789533642	1218	counted	train	80000	0.16
1789533642	1218	counted	train	80000	0.24
1789533642	1218	counted	train	80000	0.34
1789533642	1218	counted	train	80000	0.13
1789533643	1218	counted	train	80000	0.15
1789533643	1218	counted	train	80000	0.21
1789533643	1218	counted	train	80000	0.28
1789533643	1218	counted	train	80000	0.13
1789533644	1218	counted	train	80000	0.17
1789533644	1218	counted	train	80000	0.22
1789533644	1218	counted	train	80000	0.27
1789533644	1218	counted	train	80000	0.14
1789533644	1218	counted	train	80000	0.16
1789533645	1218	counted	train	80000	0.24
1789533645	1218	counted	train	80000	0.32
1789533645	1218	counted	train	80000	0.13
1789533645	1218	counted	train	80000	0.16
1789533646	1218	counted	train	80000	0.21
1789533646	1218	counted	train	80000	0.28
1789533646	1218	counted	train	80000	0.14
1789533646	1218	counted	train	80000	0.16
1789533647	1218	counted	train	80000	0.21
1789533647	1218	counted	train	80000	0.29
1789533647	1218	counted	train	80000	0.13
1789533647	1218	counted	train	80000	0.17
1789533648	1218	counted	train	80000	0.20
1789533648	1218	counted	train	80000	0.29
1789533648	1218	counted	train	80000	0.13
1789533648	1218	counted	train	80000	0.16
1789533649	1218	counted	train	80000	0.22
1789533649	1218	counted	train	80000	0.29
1789533671	1260	counted	train	80000	0.07
1789533671	1260	counted	train	80000	0.14
1789533671	1260	counted	train	80000	0.26
1789533671	1260	counted	train	80000	0.18
1789533671	1260	counted	train	80000	0.11
1789533672	1260	counted	train	80000	0.21
1789533672	1260	counted	train	80000	0.12
1789533672	1260	counted	train	80000	0.24
1789533672	1260	counted	train	80000	0.17
1789533672	1260	counted	train	80000	0.08
1789533673	1260	counted	train	80000	0.18
1789533673	1260	counted	train	80000	0.38
1789533673	1260	counted	train	80000	0.07
1789533673	1260	counted	train	80000	0.15
1789533674	1260	counted	train	80000	0.28
1789533674	1260	counted	train	80000	0.18
1789533674	1260	counted	train	80000	0.11
1789533674	1260	counted	train	80000	0.21
1789533674	1260	counted	train	80000	0.12
1789533675	1260	counted	train	80000	0.24
1789533675	1260	counted	train	80000	0.18
1789533675	1260	counted	train	80000	0.09
1789533675	1260	counted	train	80000	0.18
1789533676	1260	counted	train	80000	0.38
1789533676	1260	counted	train	80000	0.06
1789533676	1260	counted	train	80000	0.14
1789533676	1260	counted	train	80000	0.27
1789533677	1260	counted	train	80000	0.16
1789533677	1260	counted	train	80000	0.11
1789533677	1260	counted	train	80000	0.22
1789533677	1260	counted	train	80000	0.12
1789533677	1260	counted	train	80000	0.26
1789533678	1260	counted	train	80000	0.18
1789533678	1260	counted	train	80000	0.09
1789533678	1260	counted	train	80000	0.19
1789533678	1260	counted	train	80000	0.41
1789533678	1260	counted	train	80000	0.06
1789533679	1260	counted	train	80000	0.14
1789533679	1260	counted	train	80000	0.28
1789533679	1260	counted	train	80000	0.15
1789533679	1260	counted	train	80000	0.11
1789533680	1260	counted	train	80000	0.20
1789533680	1260	counted	train	80000	0.11
1789533680	1260	counted	train	80000	0.23
1789533680	1260	counted	train	80000	0.15
1789533680	1260	counted	train	80000	0.08
1789533680	1260	counted	train	80000	0.18
1789533681	1260	counted	train	80000	0.36
1789533681	1260	counted	train	80000	0.06
1789533681	1260	counted	train	80000	0.14
1789533681	1260	counted	train	80000	0.28
1789533682	1260	counted	train	80000	0.15
1789533682	1260	counted	train	80000	0.11
1789533682	1260	counted	train	80000	0.22
1789533682	1260	counted	train	80000	0.11
1789533682	1260	counted	train	80000	0.27
1789533683	1260	counted	train	80000	0.16
1789533683	1260	counted	train	80000	0.08
1789533683	1260	counted	train	80000	0.18
1789533683	1260	counted	train	80000	0.37
1789533683	1260	counted	train	80000	0.06
1789533684	1260	counted	train	80000	0.13
1789533684	1260	counted	train	80000	0.25
1789533684	1260	counted	train	80000	0.14
1789533684	1260	counted	train	80000	0.10
1789533684	1260	counted	train	80000	0.19
1789533685	1260	counted	train	80000	0.11
1789533685	1260	counted	train	80000	0.23
1789533685	1260	counted	train	80000	0.18
1789533685	1260	counted	train	80000	0.10
1789533685	1260	counted	train	80000	0.22
1789533686	1260	counted	train	80000	0.38
1789533686	1260	counted	train	80000	0.07
1789533686	1260	counted	train	80000	0.18
1789533687	1260	counted	train	80000	0.29
1789533687	1260	counted	train	80000	0.15
1789533687	1260	counted	train	80000	0.11
1789533687	1260	counted	train	80000	0.21
1789533687	1260	counted	train	80000	0.11
1789533688	1260	counted	train	80000	0.26
1789533688	1260	counted	train	80000	0.17
1789533688	1260	counted	train	80000	0.09
1789533688	1260	counted	train	80000	0.20
1789533689	1260	counted	train	80000	0.44
1789533689	1260	counted	train	80000	0.08
1789533689	1260	counted	train	80000	0.18
1789533689	1260	counted	train	80000	0.31
1789533689	1260	counted	train	80000	0.17
1789533690	1260	counted	train	80000	0.12
1789533690	1260	counted	train	80000	0.22
1789533690	1260	counted	train	80000	0.12
1789533690	1260	counted	train	80000	0.25
1789533691	1260	counted	train	80000	0.17
1789533691	1260	counted	train	80000	0.09
1789533691	1260	counted	train	80000	0.19
1789533691	1260	counted	train	80000	0.36
1789533691	1260	counted	train	80000	0.07
1789533692	1260	counted	train	80000	0.16
1789533692	1260	counted	train	80000	0.31
1789533692	1260	counted	train	80000	0.18
1789533692	1260	counted	train	80000	0.12
1789533693	1260	counted	train	80000	0.25
1789533693	1260	counted	train	80000	0.13
1789533693	1260	counted	train	80000	0.29
1789533693	1260	counted	train	80000	0.18
1789533693	1260	counted	train	80000	0.09
1789533694	1260	counted	train	80000	0.20
1789533694	1260	counted	train	80000	0.42
1789533694	1260	counted	train	80000	0.08
1789533694	1260	counted	train	80000	0.16
1789533695	1260	counted	train	80000	0.33
1789533695	1260	counted	train	80000	0.16
1789533695	1260	counted	train	80000	0.11
1789533695	1260	counted	train	80000	0.25
1789533696	1260	counted	train	80000	0.13
1789533696	1260	counted	train	80000	0.26
1789533696	1260	counted	train	80000	0.17
1789533696	1260	counted	train	80000	0.09
1789533696	1260	counted	train	80000	0.21
1789533697	1260	counted	train	80000	0.43
1789533697	1260	counted	train	80000	0.07
1789533697	1260	counted	train	80000	0.17
1789533698	1260	counted	train	80000	0.32
1789533698	1260	counted	train	80000	0.16
1789533698	1260	counted	train	80000	0.13
1789533698	1260	counted	train	80000	0.24
1789533698	1260	counted	train	80000	0.13
1789533699	1260	counted	train	80000	0.27
1789533699	1260	counted	train	80000	0.20
1789533699	1260	counted	train	80000	0.10
1789533699	1260	counted	train	80000	0.22
1789533700	1260	counted	train	80000	0.47
1789533700	1260	counted	train	80000	0.08
1789533700	1260	counted	train	80000	0.16
1789533701	1260	counted	train	80000	0.34
1789533701	1260	counted	train	80000	0.17
1789533701	1260	counted	train	80000	0.13
1789533701	1260	counted	train	80000	0.26
1789533701	1260	counted	train	80000	0.14
1789533702	1260	counted	train	80000	0.31
1789533702	1260	counted	train	80000	0.23
1789533702	1260	counted	train	80000	0.10
1789533702	1260	counted	train	80000	0.22
1789533703	1260	counted	train	80000	0.44
1789533703	1260	counted	train	80000	0.08
1789533703	1260	counted	train	80000	0.15
1789533704	1260	counted	train	80000	0.30
1789533704	1260	counted	train	80000	0.16
1789533704	1260	counted	train	80000	0.12
1789533704	1260	counted	train	80000	0.24
1789533704	1260	counted	train	80000	0.13
1789533705	1260	counted	train	80000	0.28
1789533705	1260	counted	train	80000	0.20
1789533705	1260	counted	train	80000	0.10
1789533705	1260	counted	train	80000	0.21
1789533706	1260	counted	train	80000	0.41
1789533706	1260	counted	train	80000	0.07
1789533706	1260	counted	train	80000	0.16
1789533706	1260	counted	train	80000	0.34
1789533707	1260	counted	train	80000	0.17
1789533707	1260	counted	train	80000	0.11
1789533707	1260	counted	train	80000	0.25
1789533707	1260	counted	train	80000	0.12
1789533708	1260	counted	train	80000	0.28
1789533708	1260	counted	train	80000	0.19
1789533708	1260	counted	train	80000	0.11
1789533708	1260	counted	train	80000	0.22
1789533709	1260	counted	train	80000	0.45
1789533709	1260	counted	train	80000	0.08
1789533709	1260	counted	train	80000	0.18
1789533709	1260	counted	train	80000	0.34
1789533710	1260	counted	train	80000	0.21
1789533710	1260	counted	train	80000	0.13
1789533710	1260	counted	train	80000	0.25
1789533710	1260	counted	train	80000	0.13
1789533711	1260	counted	train	80000	0.27
1789533711	1260	counted	train	80000	0.17
1789533711	1260	counted	train	80000	0.09
1789533711	1260	counted	train	80000	0.19
1789533712	1260	counted	train	80000	0.39
1789533712	1260	counted	train	80000	0.08
1789533712	1260	counted	train	80000	0.17
1789533712	1260	counted	train	80000	0.34
1789533712	1260	counted	train	80000	0.17
1789533713	1260	counted	train	80000	0.13
1789533713	1260	counted	train	80000	0.24
1789533713	1260	counted	train	80000	0.13
1789533713	1260	counted	train	80000	0.32
1789533714	1260	counted	train	80000	0.18
1789533714	1260	counted	train	80000	0.10
1789533714	1260	counted	train	80000	0.22
1789533714	1260	counted	train	80000	0.40
1789533715	1260	counted	train	80000	0.07
1789533715	1260	counted	train	80000	0.15
1789533715	1260	counted	train	80000	0.32
1789533715	1260	counted	train	80000	0.16
1789533715	1260	counted	train	80000	0.12
1789533716	1260	counted	train	80000	0.25
1789533716	1260	counted	train	80000	0.13
1789533716	1260	counted	train	80000	0.27
1789533733	1301	counted	train	80000	0.09
1789533733	1301	counted	train	80000	0.16
1789533733	1301	counted	train	80000	0.31
1789533734	1301	counted	train	80000	0.16
1789533734	1301	counted	train	80000	0.11
1789533734	1301	counted	train	80000	0.21
1789533734	1301	counted	train	80000	0.14
1789533734	1301	counted	train	80000	0.29
1789533735	1301	counted	train	80000	0.20
1789533735	1301	counted	train	80000	0.10
1789533735	1301	counted	train	80000	0.19
1789533735	1301	counted	train	80000	0.40
1789533736	1301	counted	train	80000	0.07
1789533736	1301	counted	train	80000	0.15
1789533736	1301	counted	train	80000	0.31
1789533736	1301	counted	train	80000	0.16
1789533736	1301	counted	train	80000	0.12
1789533737	1301	counted	train	80000	0.24
1789533737	1301	counted	train	80000	0.12
1789533737	1301	counted	train	80000	0.25
1789533737	1301	counted	train	80000	0.17
1789533738	1301	counted	train	80000	0.09
1789533738	1301	counted	train	80000	0.23
1789533738	1301	counted	train	80000	0.45
1789533738	1301	counted	train	80000	0.07
1789533739	1301	counted	train	80000	0.16
1789533739	1301	counted	train	80000	0.30
1789533739	1301	counted	train	80000	0.17
1789533739	1301	counted	train	80000	0.12
1789533740	1301	counted	train	80000	0.23
1789533740	1301	counted	train	80000	0.13
1789533740	1301	counted	train	80000	0.27
1789533740	1301	counted	train	80000	0.20
1789533740	1301	counted	train	80000	0.10
1789533741	1301	counted	train	80000	0.22
1789533741	1301	counted	train	80000	0.47
1789533741	1301	counted	train	80000	0.08
1789533741	1301	counted	train	80000	0.16
1789533742	1301	counted	train	80000	0.29
1789533742	1301	counted	train	80000	0.18
1789533742	1301	counted	train	80000	0.13
1789533742	1301	counted	train	80000	0.23
1789533743	1301	counted	train	80000	0.12
1789533743	1301	counted	train	80000	0.26
1789533743	1301	counted	train	80000	0.16
1789533743	1301	counted	train	80000	0.09
1789533743	1301	counted	train	80000	0.20
1789533744	1301	counted	train	80000	0.45
1789533744	1301	counted	train	80000	0.08
1789533744	1301	counted	train	80000	0.16
1789533745	1301	counted	train	80000	0.34
1789533745	1301	counted	train	80000	0.17
1789533745	1301	counted	train	80000	0.12
1789533745	1301	counted	train	80000	0.27
1789533745	1301	counted	train	80000	0.13
1789533746	1301	counted	train	80000	0.30
1789533746	1301	counted	train	80000	0.20
1789533746	1301	counted	train	80000	0.10
1789533746	1301	counted	train	80000	0.20
1789533747	1301	counted	train	80000	0.43
1789533747	1301	counted	train	80000	0.08
1789533747	1301	counted	train	80000	0.17
1789533748	1301	counted	train	80000	0.35
1789533748	1301	counted	train	80000	0.19
1789533748	1301	counted	train	80000	0.13
1789533748	1301	counted	train	80000	0.26
1789533748	1301	counted	train	80000	0.16
1789533749	1301	counted	train	80000	0.29
1789533749	1301	counted	train	80000	0.17
1789533749	1301	counted	train	80000	0.10
1789533749	1301	counted	train	80000	0.21
1789533750	1301	counted	train	80000	0.43
1789533750	1301	counted	train	80000	0.07
1789533750	1301	counted	train	80000	0.15
1789533750	1301	counted	train	80000	0.32
1789533751	1301	counted	train	80000	0.19
1789533751	1301	counted	train	80000	0.13
1789533751	1301	counted	train	80000	0.26
1789533751	1301	counted	train	80000	0.15
1789533752	1301	counted	train	80000	0.28
1789533752	1301	counted	train	80000	0.19
1789533752	1301	counted	train	80000	0.10
1789533752	1301	counted	train	80000	0.22
1789533753	1301	counted	train	80000	0.44
1789533753	1301	counted	train	80000	0.08
1789533753	1301	counted	train	80000	0.16
1789533753	1301	counted	train	80000	0.35
1789533754	1301	counted	train	80000	0.19
1789533754	1301	counted	train	80000	0.12
1789533754	1301	counted	train	80000	0.24
1789533754	1301	counted	train	80000	0.14
1789533755	1301	counted	train	80000	0.28
1789533755	1301	counted	train	80000	0.22
1789533755	1301	counted	train	80000	0.11
1789533755	1301	counted	train	80000	0.21
1789533756	1301	counted	train	80000	0.44
1789533756	1301	counted	train	80000	0.08
1789533756	1301	counted	train	80000	0.17
1789533756	1301	counted	train	80000	0.33
1789533757	1301	counted	train	80000	0.17
1789533757	1301	counted	train	80000	0.13
1789533757	1301	counted	train	80000	0.25
1789533757	1301	counted	train	80000	0.13
1789533758	1301	counted	train	80000	0.29
1789533758	1301	counted	train	80000	0.19
1789533758	1301	counted	train	80000	0.10
1789533758	1301	counted	train	80000	0.21
1789533759	1301	counted	train	80000	0.42
1789533759	1301	counted	train	80000	0.08
1789533759	1301	counted	train	80000	0.16
1789533759	1301	counted	train	80000	0.32
1789533760	1301	counted	train	80000	0.17
1789533760	1301	counted	train	80000	0.13
1789533760	1301	counted	train	80000	0.27
1789533760	1301	counted	train	80000	0.14
1789533761	1301	counted	train	80000	0.34
1789533761	1301	counted	train	80000	0.17
1789533761	1301	counted	train	80000	0.10
1789533761	1301	counted	train	80000	0.20
1789533762	1301	counted	train	80000	0.46
1789533762	1301	counted	train	80000	0.09
1789533762	1301	counted	train	80000	0.17
1789533762	1301	counted	train	80000	0.33
1789533763	1301	counted	train	80000	0.18
1789533763	1301	counted	train	80000	0.12
1789533763	1301	counted	train	80000	0.24
1789533763	1301	counted	train	80000	0.13
1789533763	1301	counted	train	80000	0.28
1789533764	1301	counted	train	80000	0.18
1789533764	1301	counted	train	80000	0.09
1789533764	1301	counted	train	80000	0.22
1789533765	1301	counted	train	80000	0.44
1789533765	1301	counted	train	80000	0.08
1789533765	1301	counted	train	80000	0.16
1789533765	1301	counted	train	80000	0.31
1789533765	1301	counted	train	80000	0.18
1789533766	1301	counted	train	80000	0.13
1789533766	1301	counted	train	80000	0.24
1789533766	1301	counted	train	80000	0.13
1789533766	1301	counted	train	80000	0.30
1789533767	1301	counted	train	80000	0.21
1789533767	1301	counted	train	80000	0.11
1789533767	1301	counted	train	80000	0.21
1789533767	1301	counted	train	80000	0.44
1789533768	1301	counted	train	80000	0.09
1789533768	1301	counted	train	80000	0.17
1789533768	1301	counted	train	80000	0.34
1789533768	1301	counted	train	80000	0.21
1789533769	1301	counted	train	80000	0.13
1789533769	1301	counted	train	80000	0.28
1789533769	1301	counted	train	80000	0.13
1789533769	1301	counted	train	80000	0.27
1789533770	1301	counted	train	80000	0.18
1789533770	1301	counted	train	80000	0.10
1789533770	1301	counted	train	80000	0.22
1789533770	1301	counted	train	80000	0.43
1789533771	1301	counted	train	80000	0.08
1789533771	1301	counted	train	80000	0.16
1789533771	1301	counted	train	80000	0.31
1789533771	1301	counted	train	80000	0.17
1789533771	1301	counted	train	80000	0.12
1789533772	1301	counted	train	80000	0.24
1789533772	1301	counted	train	80000	0.14
1789533772	1301	counted	train	80000	0.28
1789533772	1301	counted	train	80000	0.19
1789533773	1301	counted	train	80000	0.10
1789533773	1301	counted	train	80000	0.20
1789533773	1301	counted	train	80000	0.42
1789533773	1301	counted	train	80000	0.09
1789533774	1301	counted	train	80000	0.17
1789533774	1301	counted	train	80000	0.35
1789533774	1301	counted	train	80000	0.17
1789533774	1301	counted	train	80000	0.13
1789533775	1301	counted	train	80000	0.25
1789533775	1301	counted	train	80000	0.13
1789533775	1301	counted	train	80000	0.27
1789533775	1301	counted	train	80000	0.19
1789533775	1301	counted	train	80000	0.10
1789533776	1301	counted	train	80000	0.22
1789533776	1301	counted	train	80000	0.44
1789533776	1301	counted	train	80000	0.09
1789533777	1301	counted	train	80000	0.15
1789533777	1301	counted	train	80000	0.33
1789533777	1301	counted	train	80000	0.18
1789533777	1301	counted	train	80000	0.13
1789533778	1301	counted	train	80000	0.25
1789533778	1301	counted	train	80000	0.15
1789533778	1301	counted	train	80000	0.30
1789533778	1301	counted	train	80000	0.22
1789533778	1301	counted	train	80000	0.10
1789533779	1301	counted	train	80000	0.21
1789533779	1301	counted	train	80000	0.47
1789533779	1301	counted	train	80000	0.08
1789533780	1301	counted	train	80000	0.19
1789533780	1301	counted	train	80000	0.33
1789533780	1301	counted	train	80000	0.18
1789533780	1301	counted	train	80000	0.13
1789533781	1301	counted	train	80000	0.24
1789533781	1301	counted	train	80000	0.14
1789533781	1301	counted	train	80000	0.27
1789533781	1301	counted	train	80000	0.19
1789533782	1301	counted	train	80000	0.11
1789533782	1301	counted	train	80000	0.23
1789533782	1301	counted	train	80000	0.48
1789533782	1301	counted	train	80000	0.08
1789533783	1301	counted	train	80000	0.18
1789533783	1301	counted	train	80000	0.32
1789533783	1301	counted	train	80000	0.17
1789533783	1301	counted	train	80000	0.13
1789533784	1301	counted	train	80000	0.24
1789533784	1301	counted	train	80000	0.14
1789533784	1301	counted	train	80000	0.29
1789533784	1301	counted	train	80000	0.19
1789533785	1301	counted	train	80000	0.11
1789533785	1301	counted	train	80000	0.21
1789533785	1301	counted	train	80000	0.46
1789533785	1301	counted	train	80000	0.08
1789533786	1301	counted	train	80000	0.16
1789533786	1301	counted	train	80000	0.35
1789533786	1301	counted	train	80000	0.17
1789533786	1301	counted	train	80000	0.14
1789533787	1301	counted	train	80000	0.25
1789533787	1301	counted	train	80000	0.13
1789533787	1301	counted	train	80000	0.28
1789533787	1301	counted	train	80000	0.18
1789533787	1301	counted	train	80000	0.10
1789533788	1301	counted	train	80000	0.24
1789533788	1301	counted	train	80000	0.45
1789533788	1301	counted	train	80000	0.08
1789533789	1301	counted	train	80000	0.16
1789533789	1301	counted	train	80000	0.37
1789533789	1301	counted	train	80000	0.16
1789533789	1301	counted	train	80000	0.13
1789533790	1301	counted	train	80000	0.25
1789533790	1301	counted	train	80000	0.13
1789533790	1301	counted	train	80000	0.31
1789533790	1301	counted	train	80000	0.22
1789533791	1301	counted	train	80000	0.11
1789533791	1301	counted	train	80000	0.23
1789533791	1301	counted	train	80000	0.44
1789533791	1301	counted	train	80000	0.08
1789533792	1301	counted	train	80000	0.17
1789533792	1301	counted	train	80000	0.35
1789533792	1301	counted	train	80000	0.17
1789533792	1301	counted	train	80000	0.12
1789533793	1301	counted	train	80000	0.24
1789533793	1301	counted	train	80000	0.13
1789533793	1301	counted	train	80000	0.27
1789533793	1301	counted	train	80000	0.18
1789533793	1301	counted	train	80000	0.11
1789533794	1301	counted	train	80000	0.20
1789533794	1301	counted	train	80000	0.45
1789533794	1301	counted	train	80000	0.08
1789533795	1301	counted	train	80000	0.19
1789533795	1301	counted	train	80000	0.37
1789533795	1301	counted	train	80000	0.19
1789533795	1301	counted	train	80000	0.14
1789533796	1301	counted	train	80000	0.29
1789533796	1301	counted	train	80000	0.13
1789533796	1301	counted	train	80000	0.29
1789533796	1301	counted	train	80000	0.21
1789533797	1301	counted	train	80000	0.13
1789533797	1301	counted	train	80000	0.23
1789533797	1301	counted	train	80000	0.45
1789533797	1301	counted	train	80000	0.08
1789533798	1301	counted	train	80000	0.18
1789533798	1301	counted	train	80000	0.33
1789533798	1301	counted	train	80000	0.20
1789533798	1301	counted	train	80000	0.14
1789533799	1301	counted	train	80000	0.26
1789533799	1301	counted	train	80000	0.14
1789533799	1301	counted	train	80000	0.30
1789533800	1301	counted	train	80000	0.23
1789533800	1301	counted	train	80000	0.11
1789533800	1301	counted	train	80000	0.22
1789533800	1301	counted	train	80000	0.44
1789533801	1301	counted	train	80000	0.09
1789533801	1301	counted	train	80000	0.16
1789533801	1301	counted	train	80000	0.32
1789533801	1301	counted	train	80000	0.18
1789533801	1301	counted	train	80000	0.12
1789533802	1301	counted	train	80000	0.24
1789533802	1301	counted	train	80000	0.13
1789533802	1301	counted	train	80000	0.30
1789533802	1301	counted	train	80000	0.20
1789533803	1301	counted	train	80000	0.10
1789533803	1301	counted	train	80000	0.22
1789533803	1301	counted	train	80000	0.43
1789533803	1301	counted	train	80000	0.08
1789533804	1301	counted	train	80000	0.18
1789533804	1301	counted	train	80000	0.30
1789533804	1301	counted	train	80000	0.16
1789533804	1301	counted	train	80000	0.11
1789533805	1301	counted	train	80000	0.23
1789533805	1301	counted	train	80000	0.12
1789533805	1301	counted	train	80000	0.27
1789533805	1301	counted	train	80000	0.17
1789533805	1301	counted	train	80000	0.10
1789533806	1301	counted	train	80000	0.21
1789533806	1301	counted	train	80000	0.47
1789533858	1382	counted	train	90000	0.10
1789533859	1382	counted	train	90000	0.16
1789533859	1382	counted	train	90000	0.33
1789533859	1382	counted	train	90000	0.18
1789533859	1382	counted	train	90000	0.14
1789533860	1382	counted	train	90000	0.26
1789533860	1382	counted	train	90000	0.14
1789533860	1382	counted	train	90000	0.30
1789533861	1382	counted	train	90000	0.19
1789533861	1382	counted	train	90000	0.11
1789533861	1382	counted	train	90000	0.25
1789533861	1382	counted	train	90000	0.44
1789533862	1382	counted	train	90000	0.08
1789533862	1382	counted	train	90000	0.17
1789533862	1382	counted	train	90000	0.33
1789533862	1382	counted	train	90000	0.18
1789533863	1382	counted	train	90000	0.14
1789533863	1382	counted	train	90000	0.25
1789533863	1382	counted	train	90000	0.14
1789533863	1382	counted	train	90000	0.31
1789533864	1382	counted	train	90000	0.20
1789533864	1382	counted	train	90000	0.12
1789533864	1382	counted	train	90000	0.21
1789533864	1382	counted	train	90000	0.45
1789533865	1382	counted	train	90000	0.10
1789533865	1382	counted	train	90000	0.18
1789533865	1382	counted	train	90000	0.33
1789533865	1382	counted	train	90000	0.18
1789533866	1382	counted	train	90000	0.13
1789533866	1382	counted	train	90000	0.25
1789533866	1382	counted	train	90000	0.14
1789533866	1382	counted	train	90000	0.30
1789533867	1382	counted	train	90000	0.19
1789533867	1382	counted	train	90000	0.10
1789533867	1382	counted	train	90000	0.22
1789533867	1382	counted	train	90000	0.43
1789533868	1382	counted	train	90000	0.09
1789533868	1382	counted	train	90000	0.18
1789533868	1382	counted	train	90000	0.33
1789533868	1382	counted	train	90000	0.19
1789533869	1382	counted	train	90000	0.13
1789533869	1382	counted	train	90000	0.25
1789533869	1382	counted	train	90000	0.13
1789533869	1382	counted	train	90000	0.28
1789533870	1382	counted	train	90000	0.19
1789533870	1382	counted	train	90000	0.10
1789533870	1382	counted	train	90000	0.21
1789533870	1382	counted	train	90000	0.46
1789533871	1382	counted	train	90000	0.09
1789533871	1382	counted	train	90000	0.18
1789533871	1382	counted	train	90000	0.31
1789533871	1382	counted	train	90000	0.17
1789533872	1382	counted	train	90000	0.14
1789533872	1382	counted	train	90000	0.24
1789533872	1382	counted	train	90000	0.13
1789533872	1382	counted	train	90000	0.31
1789533873	1382	counted	train	90000	0.20
1789533873	1382	counted	train	90000	0.11
1789533873	1382	counted	train	90000	0.23
1789533873	1382	counted	train	90000	0.42
1789533874	1382	counted	train	90000	0.08
1789533874	1382	counted	train	90000	0.16
1789533874	1382	counted	train	90000	0.30
1789533874	1382	counted	train	90000	0.18
1789533875	1382	counted	train	90000	0.14
1789533875	1382	counted	train	90000	0.26
1789533875	1382	counted	train	90000	0.13
1789533875	1382	counted	train	90000	0.30
1789533876	1382	counted	train	90000	0.19
1789533876	1382	counted	train	90000	0.11
1789533876	1382	counted	train	90000	0.24
1789533876	1382	counted	train	90000	0.43
1789533877	1382	counted	train	90000	0.08
1789533877	1382	counted	train	90000	0.16
1789533877	1382	counted	train	90000	0.33
1789533877	1382	counted	train	90000	0.18
1789533878	1382	counted	train	90000	0.14
1789533878	1382	counted	train	90000	0.25
1789533878	1382	counted	train	90000	0.14
1789533878	1382	counted	train	90000	0.30
1789533879	1382	counted	train	90000	0.21
1789533879	1382	counted	train	90000	0.12
1789533879	1382	counted	train	90000	0.23
1789533879	1382	counted	train	90000	0.44
1789533880	1382	counted	train	90000	0.08
1789533880	1382	counted	train	90000	0.17
1789533880	1382	counted	train	90000	0.35
1789533880	1382	counted	train	90000	0.18
1789533881	1382	counted	train	90000	0.13
1789533881	1382	counted	train	90000	0.28
1789533881	1382	counted	train	90000	0.13
1789533881	1382	counted	train	90000	0.28
1789533882	1382	counted	train	90000	0.20
1789533882	1382	counted	train	90000	0.12
1789533882	1382	counted	train	90000	0.22
1789533883	1382	counted	train	90000	0.44
1789533883	1382	counted	train	90000	0.08
1789533883	1382	counted	train	90000	0.19
1789533883	1382	counted	train	90000	0.33
1789533883	1382	counted	train	90000	0.19
1789533884	1382	counted	train	90000	0.13
1789533884	1382	counted	train	90000	0.25
1789533884	1382	counted	train	90000	0.14
1789533884	1382	counted	train	90000	0.29
1789533885	1382	counted	train	90000	0.21
1789533885	1382	counted	train	90000	0.10
1789533885	1382	counted	train	90000	0.23
1789533886	1382	counted	train	90000	0.44
1789533886	1382	counted	train	90000	0.08
1789533886	1382	counted	train	90000	0.17
1789533886	1382	counted	train	90000	0.36
1789533887	1382	counted	train	90000	0.20
1789533887	1382	counted	train	90000	0.15
1789533887	1382	counted	train	90000	0.26
1789533887	1382	counted	train	90000	0.15
1789533888	1382	counted	train	90000	0.29
1789533888	1382	counted	train	90000	0.23
1789533888	1382	counted	train	90000	0.10
1789533888	1382	counted	train	90000	0.22
1789533889	1382	counted	train	90000	0.46
1789533889	1382	counted	train	90000	0.08
1789533889	1382	counted	train	90000	0.16
1789533889	1382	counted	train	90000	0.32
1789533890	1382	counted	train	90000	0.17
1789533890	1382	counted	train	90000	0.13
1789533890	1382	counted	train	90000	0.25
1789533890	1382	counted	train	90000	0.13
1789533891	1382	counted	train	90000	0.30
1789533891	1382	counted	train	90000	0.20
1789533891	1382	counted	train	90000	0.11
1789533891	1382	counted	train	90000	0.23
1789533892	1382	counted	train	90000	0.45
1789533892	1382	counted	train	90000	0.09
1789533892	1382	counted	train	90000	0.17
1789533892	1382	counted	train	90000	0.34
1789533893	1382	counted	train	90000	0.18
1789533893	1382	counted	train	90000	0.12
1789533893	1382	counted	train	90000	0.30
1789533893	1382	counted	train	90000	0.13
1789533894	1382	counted	train	90000	0.28
1789533894	1382	counted	train	90000	0.20
1789533894	1382	counted	train	90000	0.10
1789533894	1382	counted	train	90000	0.22
1789533895	1382	counted	train	90000	0.44
1789533895	1382	counted	train	90000	0.08
1789533895	1382	counted	train	90000	0.17
1789533895	1382	counted	train	90000	0.33
1789533896	1382	counted	train	90000	0.17
1789533896	1382	counted	train	90000	0.13
1789533896	1382	counted	train	90000	0.24
1789533896	1382	counted	train	90000	0.13
1789533897	1382	counted	train	90000	0.30
1789533897	1382	counted	train	90000	0.20
1789533897	1382	counted	train	90000	0.11
1789533897	1382	counted	train	90000	0.22
1789533898	1382	counted	train	90000	0.45
1789533898	1382	counted	train	90000	0.08
1789533898	1382	counted	train	90000	0.17
1789533898	1382	counted	train	90000	0.34
1789533899	1382	counted	train	90000	0.18
1789533899	1382	counted	train	90000	0.12
1789533899	1382	counted	train	90000	0.24
1789533899	1382	counted	train	90000	0.14
1789533900	1382	counted	train	90000	0.28
1789533900	1382	counted	train	90000	0.18
1789533900	1382	counted	train	90000	0.10
1789533900	1382	counted	train	90000	0.23
1789533901	1382	counted	train	90000	0.42
1789533901	1382	counted	train	90000	0.10
1789533901	1382	counted	train	90000	0.17
1789533901	1382	counted	train	90000	0.37
1789533902	1382	counted	train	90000	0.21
1789533902	1382	counted	train	90000	0.13
1789533902	1382	counted	train	90000	0.26
1789533902	1382	counted	train	90000	0.14
1789533903	1382	counted	train	90000	0.29
1789533903	1382	counted	train	90000	0.21
1789533903	1382	counted	train	90000	0.11
1789533903	1382	counted	train	90000	0.23
1789533904	1382	counted	train	90000	0.48
1789533904	1382	counted	train	90000	0.08
1789533904	1382	counted	train	90000	0.17
1789533905	1382	counted	train	90000	0.33
1789533905	1382	counted	train	90000	0.17
1789533905	1382	counted	train	90000	0.14
1789533905	1382	counted	train	90000	0.26
1789533905	1382	counted	train	90000	0.14
1789533906	1382	counted	train	90000	0.29
1789533906	1382	counted	train	90000	0.20
1789533906	1382	counted	train	90000	0.11
1789533906	1382	counted	train	90000	0.22
1789533907	1382	counted	train	90000	0.46
1789533907	1382	counted	train	90000	0.09
1789533907	1382	counted	train	90000	0.17
1789533908	1382	counted	train	90000	0.31
1789533908	1382	counted	train	90000	0.17
1789533908	1382	counted	train	90000	0.14
1789533908	1382	counted	train	90000	0.26
1789533908	1382	counted	train	90000	0.14
1789533909	1382	counted	train	90000	0.28
1789533931	1424	counted	train	80000	0.08
1789533931	1424	counted	train	80000	0.16
1789533931	1424	counted	train	80000	0.32
1789533932	1424	counted	train	80000	0.18
1789533932	1424	counted	train	80000	0.12
1789533932	1424	counted	train	80000	0.23
1789533932	1424	counted	train	80000	0.12
1789533932	1424	counted	train	80000	0.25
1789533933	1424	counted	train	80000	0.17
1789533933	1424	counted	train	80000	0.09
1789533933	1424	counted	train	80000	0.20
1789533933	1424	counted	train	80000	0.39
1789533933	1424	counted	train	90000	0.08
1789533934	1424	counted	train	90000	0.17
1789533934	1424	counted	train	90000	0.33
1789533934	1424	counted	train	90000	0.19
1789533934	1424	counted	train	90000	0.13
1789533935	1424	counted	train	90000	0.23
1789533935	1424	counted	train	90000	0.12
1789533935	1424	counted	train	90000	0.28
1789533935	1424	counted	train	90000	0.19
1789533936	1424	counted	train	90000	0.11
1789533936	1424	counted	train	90000	0.23
1789533936	1424	counted	train	90000	0.44
1789533936	1424	counted	train	100000	0.10
1789533937	1424	counted	train	100000	0.18
1789533937	1424	counted	train	100000	0.35
1789533937	1424	counted	train	100000	0.18
1789533937	1424	counted	train	100000	0.14
1789533938	1424	counted	train	100000	0.28
1789533938	1424	counted	train	100000	0.15
1789533938	1424	counted	train	100000	0.30
1789533939	1424	counted	train	100000	0.20
1789533939	1424	counted	train	100000	0.11
1789533939	1424	counted	train	100000	0.23
1789533939	1424	counted	train	100000	0.46
1789533940	1424	counted	train	80000	0.07
1789533940	1424	counted	train	80000	0.16
1789533940	1424	counted	train	80000	0.31
1789533940	1424	counted	train	80000	0.18
1789533940	1424	counted	train	80000	0.12
1789533941	1424	counted	train	80000	0.25
1789533941	1424	counted	train	80000	0.13
1789533941	1424	counted	train	80000	0.28
1789533941	1424	counted	train	80000	0.18
1789533942	1424	counted	train	80000	0.11
1789533942	1424	counted	train	80000	0.20
1789533942	1424	counted	train	80000	0.39
1789533942	1424	counted	train	90000	0.09
1789533943	1424	counted	train	90000	0.17
1789533943	1424	counted	train	90000	0.33
1789533943	1424	counted	train	90000	0.17
1789533943	1424	counted	train	90000	0.13
1789533944	1424	counted	train	90000	0.24
1789533944	1424	counted	train	90000	0.14
1789533944	1424	counted	train	90000	0.29
1789533944	1424	counted	train	90000	0.19
1789533945	1424	counted	train	90000	0.10
1789533945	1424	counted	train	90000	0.22
1789533945	1424	counted	train	90000	0.48
1789533945	1424	counted	train	100000	0.10
1789533946	1424	counted	train	100000	0.19
1789533946	1424	counted	train	100000	0.34
1789533946	1424	counted	train	100000	0.19
1789533947	1424	counted	train	100000	0.14
1789533947	1424	counted	train	100000	0.29
1789533947	1424	counted	train	100000	0.14
1789533947	1424	counted	train	100000	0.32
1789533948	1424	counted	train	100000	0.20
1789533948	1424	counted	train	100000	0.12
1789533948	1424	counted	train	100000	0.25
1789533949	1424	counted	train	100000	0.47
1789533949	1424	counted	train	80000	0.07
1789533949	1424	counted	train	80000	0.14
1789533949	1424	counted	train	80000	0.29
1789533949	1424	counted	train	80000	0.17
1789533950	1424	counted	train	80000	0.12
1789533950	1424	counted	train	80000	0.20
1789533950	1424	counted	train	80000	0.12
1789533950	1424	counted	train	80000	0.26
1789533950	1424	counted	train	80000	0.17
1789533951	1424	counted	train	80000	0.09
1789533951	1424	counted	train	80000	0.19
1789533951	1424	counted	train	80000	0.39
1789533951	1424	counted	train	90000	0.08
1789533952	1424	counted	train	90000	0.16
1789533952	1424	counted	train	90000	0.30
1789533952	1424	counted	train	90000	0.16
1789533952	1424	counted	train	90000	0.12
1789533953	1424	counted	train	90000	0.23
1789533953	1424	counted	train	90000	0.12
1789533953	1424	counted	train	90000	0.28
1789533953	1424	counted	train	90000	0.18
1789533953	1424	counted	train	90000	0.09
1789533954	1424	counted	train	90000	0.20
1789533954	1424	counted	train	90000	0.38
1789533954	1424	counted	train	100000	0.07
1789533954	1424	counted	train	100000	0.16
1789533955	1424	counted	train	100000	0.31
1789533955	1424	counted	train	100000	0.17
1789533955	1424	counted	train	100000	0.12
1789533955	1424	counted	train	100000	0.29
1789533956	1424	counted	train	100000	0.15
1789533956	1424	counted	train	100000	0.31
1789533956	1424	counted	train	100000	0.22
1789533956	1424	counted	train	100000	0.10
1789533957	1424	counted	train	100000	0.23
1789533957	1424	counted	train	100000	0.46
1789533957	1424	counted	train	80000	0.07
1789533957	1424	counted	train	80000	0.16
1789533958	1424	counted	train	80000	0.30
1789533958	1424	counted	train	80000	0.16
1789533958	1424	counted	train	80000	0.10
1789533958	1424	counted	train	80000	0.22
1789533958	1424	counted	train	80000	0.11
1789533959	1424	counted	train	80000	0.24
1789533959	1424	counted	train	80000	0.17
1789533959	1424	counted	train	80000	0.09
1789533959	1424	counted	train	80000	0.20
1789533960	1424	counted	train	80000	0.39
1789533960	1424	counted	train	90000	0.08
1789533960	1424	counted	train	90000	0.15
1789533960	1424	counted	train	90000	0.30
1789533961	1424	counted	train	90000	0.16
1789533961	1424	counted	train	90000	0.14
1789533961	1424	counted	train	90000	0.22
1789533961	1424	counted	train	90000	0.12
1789533961	1424	counted	train	90000	0.26
1789533962	1424	counted	train	90000	0.19
1789533962	1424	counted	train	90000	0.10
1789533962	1424	counted	train	90000	0.20
1789533963	1424	counted	train	90000	0.44
1789533963	1424	counted	train	100000	0.08
1789533963	1424	counted	train	100000	0.18
1789533963	1424	counted	train	100000	0.32
1789533963	1424	counted	train	100000	0.19
1789533964	1424	counted	train	100000	0.14
1789533964	1424	counted	train	100000	0.26
1789533964	1424	counted	train	100000	0.13
1789533964	1424	counted	train	100000	0.31
1789533965	1424	counted	train	100000	0.20
1789533965	1424	counted	train	100000	0.10
1789533965	1424	counted	train	100000	0.23
1789533966	1424	counted	train	100000	0.42
1789533966	1424	counted	train	80000	0.07
1789533966	1424	counted	train	80000	0.14
1789533966	1424	counted	train	80000	0.28
1789533966	1424	counted	train	80000	0.15
1789533966	1424	counted	train	80000	0.10
1789533967	1424	counted	train	80000	0.21
1789533967	1424	counted	train	80000	0.11
1789533967	1424	counted	train	80000	0.25
1789533967	1424	counted	train	80000	0.16
1789533967	1424	counted	train	80000	0.09
1789533968	1424	counted	train	80000	0.20
1789533968	1424	counted	train	80000	0.39
1789533968	1424	counted	train	90000	0.08
1789533968	1424	counted	train	90000	0.17
1789533969	1424	counted	train	90000	0.30
1789533969	1424	counted	train	90000	0.16
1789533969	1424	counted	train	90000	0.12
1789533969	1424	counted	train	90000	0.21
1789533970	1424	counted	train	90000	0.13
1789533970	1424	counted	train	90000	0.26
1789533970	1424	counted	train	90000	0.18
1789533970	1424	counted	train	90000	0.10
1789533970	1424	counted	train	90000	0.19
1789533971	1424	counted	train	90000	0.41
1789533971	1424	counted	train	100000	0.07
1789533971	1424	counted	train	100000	0.15
1789533972	1424	counted	train	100000	0.32
1789533972	1424	counted	train	100000	0.16
1789533972	1424	counted	train	100000	0.12
1789533972	1424	counted	train	100000	0.24
1789533972	1424	counted	train	100000	0.13
1789533973	1424	counted	train	100000	0.27
1789533973	1424	counted	train	100000	0.19
1789533973	1424	counted	train	100000	0.09
1789533973	1424	counted	train	100000	0.19
1789533974	1424	counted	train	100000	0.41
1789533974	1424	counted	train	80000	0.06
1789533974	1424	counted	train	80000	0.15
1789533974	1424	counted	train	80000	0.28
1789533974	1424	counted	train	80000	0.17
1789533975	1424	counted	train	80000	0.11
1789533975	1424	counted	train	80000	0.21
1789533975	1424	counted	train	80000	0.12
1789533975	1424	counted	train	80000	0.25
1789533976	1424	counted	train	80000	0.18
1789533976	1424	counted	train	80000	0.09
1789533976	1424	counted	train	80000	0.22
1789533976	1424	counted	train	80000	0.38
1789533976	1424	counted	train	90000	0.08
1789533977	1424	counted	train	90000	0.17
1789533977	1424	counted	train	90000	0.34
1789533977	1424	counted	train	90000	0.17
1789533977	1424	counted	train	90000	0.13
1789533978	1424	counted	train	90000	0.24
1789533978	1424	counted	train	90000	0.14
1789533978	1424	counted	train	90000	0.29
1789533998	1466	counted	train	90000	0.05
1789533999	1466	counted	train	90000	0.13
1789533999	1466	counted	train	90000	0.23
1789533999	1466	counted	train	90000	0.12
1789533999	1466	counted	train	90000	0.09
1789533999	1466	counted	train	90000	0.17
1789533999	1466	counted	train	90000	0.09
1789534000	1466	counted	train	90000	0.19
1789534000	1466	counted	train	90000	0.14
1789534000	1466	counted	train	90000	0.07
1789534000	1466	counted	train	90000	0.16
1789534001	1466	counted	train	90000	0.28
1789534001	1466	counted	train	90000	0.05
1789534001	1466	counted	train	90000	0.11
1789534001	1466	counted	train	90000	0.22
1789534001	1466	counted	train	90000	0.12
1789534001	1466	counted	train	90000	0.09
1789534002	1466	counted	train	90000	0.16
1789534002	1466	counted	train	90000	0.09
1789534002	1466	counted	train	90000	0.21
1789534002	1466	counted	train	90000	0.14
1789534002	1466	counted	train	90000	0.07
1789534002	1466	counted	train	90000	0.16
1789534003	1466	counted	train	90000	0.31
1789534003	1466	counted	train	90000	0.05
1789534003	1466	counted	train	90000	0.11
1789534003	1466	counted	train	90000	0.21
1789534003	1466	counted	train	90000	0.11
1789534003	1466	counted	train	90000	0.08
1789534004	1466	counted	train	90000	0.16
1789534004	1466	counted	train	90000	0.09
1789534004	1466	counted	train	90000	0.18
1789534004	1466	counted	train	90000	0.13
1789534004	1466	counted	train	90000	0.07
1789534004	1466	counted	train	90000	0.14
1789534005	1466	counted	train	90000	0.32
1789534005	1466	counted	train	90000	0.06
1789534005	1466	counted	train	90000	0.13
1789534005	1466	counted	train	90000	0.24
1789534006	1466	counted	train	90000	0.14
1789534006	1466	counted	train	90000	0.09
1789534006	1466	counted	train	90000	0.22
1789534006	1466	counted	train	90000	0.11
1789534006	1466	counted	train	90000	0.21
1789534007	1466	counted	train	90000	0.14
1789534007	1466	counted	train	90000	0.08
1789534007	1466	counted	train	90000	0.16
1789534007	1466	counted	train	90000	0.30
1789534007	1466	counted	train	90000	0.05
1789534007	1466	counted	train	90000	0.11
1789534008	1466	counted	train	90000	0.21
1789534008	1466	counted	train	90000	0.11
1789534008	1466	counted	train	90000	0.08
1789534008	1466	counted	train	90000	0.16
1789534008	1466	counted	train	90000	0.09
1789534008	1466	counted	train	90000	0.20
1789534009	1466	counted	train	90000	0.13
1789534009	1466	counted	train	90000	0.08
1789534009	1466	counted	train	90000	0.17
1789534009	1466	counted	train	90000	0.30
1789534009	1466	counted	train	90000	0.05
1789534010	1466	counted	train	90000	0.11
1789534010	1466	counted	train	90000	0.23
1789534010	1466	counted	train	90000	0.12
1789534010	1466	counted	train	90000	0.11
1789534010	1466	counted	train	90000	0.19
1789534010	1466	counted	train	90000	0.09
1789534011	1466	counted	train	90000	0.21
1789534011	1466	counted	train	90000	0.15
1789534011	1466	counted	train	90000	0.08
1789534011	1466	counted	train	90000	0.18
1789534012	1466	counted	train	90000	0.34
1789534012	1466	counted	train	90000	0.07
1789534012	1466	counted	train	90000	0.12
1789534012	1466	counted	train	90000	0.25
1789534012	1466	counted	train	90000	0.14
1789534012	1466	counted	train	90000	0.11
1789534013	1466	counted	train	90000	0.20
1789534013	1466	counted	train	90000	0.10
1789534013	1466	counted	train	90000	0.21
1789534013	1466	counted	train	90000	0.17
1789534013	1466	counted	train	90000	0.08
1789534014	1466	counted	train	90000	0.16
1789534014	1466	counted	train	90000	0.31
1789534014	1466	counted	train	90000	0.06
1789534014	1466	counted	train	90000	0.14
1789534015	1466	counted	train	90000	0.25
1789534015	1466	counted	train	90000	0.15
1789534015	1466	counted	train	90000	0.10
1789534015	1466	counted	train	90000	0.19
1789534015	1466	counted	train	90000	0.11
1789534016	1466	counted	train	90000	0.24
1789534016	1466	counted	train	90000	0.15
1789534016	1466	counted	train	90000	0.08
1789534016	1466	counted	train	90000	0.17
1789534016	1466	counted	train	90000	0.33
1789534016	1466	counted	train	90000	0.07
1789534017	1466	counted	train	90000	0.13
1789534017	1466	counted	train	90000	0.30
1789534017	1466	counted	train	90000	0.14
1789534017	1466	counted	train	90000	0.11
1789534018	1466	counted	train	90000	0.19
1789534018	1466	counted	train	90000	0.11
1789534018	1466	counted	train	90000	0.23
1789534018	1466	counted	train	90000	0.17
1789534018	1466	counted	train	90000	0.09
1789534019	1466	counted	train	90000	0.17
1789534019	1466	counted	train	90000	0.33
1789534019	1466	counted	train	90000	0.07
1789534019	1466	counted	train	90000	0.14
1789534019	1466	counted	train	90000	0.25
1789534020	1466	counted	train	90000	0.14
1789534020	1466	counted	train	90000	0.10
1789534020	1466	counted	train	90000	0.19
1789534020	1466	counted	train	90000	0.10
1789534020	1466	counted	train	90000	0.22
1789534021	1466	counted	train	90000	0.16
1789534021	1466	counted	train	90000	0.08
1789534021	1466	counted	train	90000	0.17
1789534021	1466	counted	train	90000	0.32
1789534021	1466	counted	train	90000	0.08
1789534022	1466	counted	train	90000	0.13
1789534022	1466	counted	train	90000	0.24
1789534022	1466	counted	train	90000	0.14
1789534022	1466	counted	train	90000	0.11
1789534022	1466	counted	train	90000	0.19
1789534023	1466	counted	train	90000	0.10
1789534023	1466	counted	train	90000	0.27
1789534023	1466	counted	train	90000	0.15
1789534023	1466	counted	train	90000	0.08
1789534023	1466	counted	train	90000	0.16
1789534024	1466	counted	train	90000	0.32
1789534024	1466	counted	train	90000	0.06
1789534024	1466	counted	train	90000	0.13
1789534024	1466	counted	train	90000	0.25
1789534024	1466	counted	train	90000	0.14
1789534025	1466	counted	train	90000	0.11
1789534025	1466	counted	train	90000	0.22
1789534025	1466	counted	train	90000	0.11
1789534025	1466	counted	train	90000	0.22
1789534025	1466	counted	train	90000	0.15
1789534026	1466	counted	train	90000	0.08
1789534026	1466	counted	train	90000	0.17
1789534026	1466	counted	train	90000	0.33
1789534026	1466	counted	train	90000	0.06
1789534026	1466	counted	train	90000	0.13
1789534027	1466	counted	train	90000	0.24
1789534027	1466	counted	train	90000	0.13
1789534027	1466	counted	train	90000	0.10
1789534027	1466	counted	train	90000	0.19
1789534027	1466	counted	train	90000	0.11
1789534028	1466	counted	train	90000	0.22
1789534028	1466	counted	train	90000	0.15
1789534028	1466	counted	train	90000	0.08
1789534028	1466	counted	train	90000	0.16
1789534028	1466	counted	train	90000	0.33
1789534029	1466	counted	train	90000	0.06
1789534029	1466	counted	train	90000	0.13
1789534029	1466	counted	train	90000	0.26
1789534029	1466	counted	train	90000	0.15
1789534029	1466	counted	train	90000	0.10
1789534030	1466	counted	train	90000	0.20
1789534030	1466	counted	train	90000	0.11
1789534030	1466	counted	train	90000	0.21
1789534030	1466	counted	train	90000	0.15
1789534030	1466	counted	train	90000	0.08
1789534031	1466	counted	train	90000	0.17
1789534031	1466	counted	train	90000	0.31
1789534031	1466	counted	train	90000	0.06
1789534031	1466	counted	train	90000	0.12
1789534031	1466	counted	train	90000	0.26
1789534032	1466	counted	train	90000	0.14
1789534032	1466	counted	train	90000	0.10
1789534032	1466	counted	train	90000	0.19
1789534032	1466	counted	train	90000	0.10
1789534032	1466	counted	train	90000	0.22
1789534033	1466	counted	train	90000	0.15
1789534033	1466	counted	train	90000	0.09
1789534033	1466	counted	train	90000	0.17
1789534033	1466	counted	train	90000	0.33
1789534033	1466	counted	train	90000	0.05
1789534033	1466	counted	train	90000	0.12
1789534034	1466	counted	train	90000	0.23
1789534034	1466	counted	train	90000	0.12
1789534034	1466	counted	train	90000	0.09
1789534034	1466	counted	train	90000	0.17
1789534034	1466	counted	train	90000	0.09
1789534035	1466	counted	train	90000	0.19
1789534035	1466	counted	train	90000	0.13
1789534035	1466	counted	train	90000	0.07
1789534035	1466	counted	train	90000	0.15
1789534035	1466	counted	train	90000	0.28
1789534035	1466	counted	train	90000	0.05
1789534036	1466	counted	train	90000	0.11
1789534036	1466	counted	train	90000	0.24
1789534036	1466	counted	train	90000	0.13
1789534036	1466	counted	train	90000	0.09
1789534036	1466	counted	train	90000	0.17
1789534036	1466	counted	train	90000	0.10
1789534037	1466	counted	train	90000	0.20
1789534050	1507	counted	train	90000	0.04
1789534051	1507	counted	train	90000	0.09
1789534051	1507	counted	train	90000	0.16
1789534051	1507	counted	train	90000	0.10
1789534051	1507	counted	train	90000	0.07
1789534051	1507	counted	train	90000	0.13
1789534051	1507	counted	train	90000	0.07
1789534051	1507	counted	train	90000	0.17
1789534052	1507	counted	train	90000	0.10
1789534052	1507	counted	train	90000	0.06
1789534052	1507	counted	train	90000	0.12
1789534052	1507	counted	train	90000	0.23
1789534052	1507	counted	train	90000	0.03
1789534052	1507	counted	train	90000	0.08
1789534052	1507	counted	train	90000	0.16
1789534053	1507	counted	train	90000	0.10
1789534053	1507	counted	train	90000	0.07
1789534053	1507	counted	train	90000	0.13
1789534053	1507	counted	train	90000	0.06
1789534053	1507	counted	train	90000	0.14
1789534053	1507	counted	train	90000	0.09
1789534053	1507	counted	train	90000	0.05
1789534054	1507	counted	train	90000	0.11
1789534054	1507	counted	train	90000	0.21
1789534054	1507	counted	train	90000	0.03
1789534054	1507	counted	train	90000	0.08
1789534054	1507	counted	train	90000	0.16
1789534054	1507	counted	train	90000	0.09
1789534054	1507	counted	train	90000	0.07
1789534055	1507	counted	train	90000	0.12
1789534055	1507	counted	train	90000	0.08
1789534055	1507	counted	train	90000	0.16
1789534055	1507	counted	train	90000	0.11
1789534055	1507	counted	train	90000	0.05
1789534055	1507	counted	train	90000	0.12
1789534056	1507	counted	train	90000	0.23
1789534056	1507	counted	train	90000	0.04
1789534056	1507	counted	train	90000	0.10
1789534056	1507	counted	train	90000	0.18
1789534056	1507	counted	train	90000	0.09
1789534056	1507	counted	train	90000	0.07
1789534056	1507	counted	train	90000	0.14
1789534056	1507	counted	train	90000	0.07
1789534057	1507	counted	train	90000	0.16
1789534057	1507	counted	train	90000	0.10
1789534057	1507	counted	train	90000	0.05
1789534057	1507	counted	train	90000	0.12
1789534057	1507	counted	train	90000	0.23
1789534057	1507	counted	train	90000	0.04
1789534058	1507	counted	train	90000	0.09
1789534058	1507	counted	train	90000	0.20
1789534058	1507	counted	train	90000	0.10
1789534058	1507	counted	train	90000	0.06
1789534058	1507	counted	train	90000	0.16
1789534058	1507	counted	train	90000	0.08
1789534059	1507	counted	train	90000	0.16
1789534059	1507	counted	train	90000	0.12
1789534059	1507	counted	train	90000	0.07
1789534059	1507	counted	train	90000	0.14
1789534059	1507	counted	train	90000	0.26
1789534059	1507	counted	train	90000	0.05
1789534060	1507	counted	train	90000	0.10
1789534060	1507	counted	train	90000	0.19
1789534060	1507	counted	train	90000	0.11
1789534060	1507	counted	train	90000	0.07
1789534060	1507	counted	train	90000	0.15
1789534060	1507	counted	train	90000	0.08
1789534061	1507	counted	train	90000	0.16
1789534061	1507	counted	train	90000	0.10
1789534061	1507	counted	train	90000	0.06
1789534061	1507	counted	train	90000	0.13
1789534061	1507	counted	train	90000	0.23
1789534061	1507	counted	train	90000	0.04
1789534061	1507	counted	train	90000	0.10
1789534062	1507	counted	train	90000	0.19
1789534062	1507	counted	train	90000	0.10
1789534062	1507	counted	train	90000	0.07
1789534062	1507	counted	train	90000	0.14
1789534062	1507	counted	train	90000	0.09
1789534062	1507	counted	train	90000	0.19
1789534063	1507	counted	train	90000	0.12
1789534063	1507	counted	train	90000	0.06
1789534063	1507	counted	train	90000	0.13
1789534063	1507	counted	train	90000	0.26
1789534063	1507	counted	train	90000	0.04
1789534063	1507	counted	train	90000	0.09
1789534064	1507	counted	train	90000	0.19
1789534064	1507	counted	train	90000	0.10
1789534064	1507	counted	train	90000	0.07
1789534064	1507	counted	train	90000	0.14
1789534064	1507	counted	train	90000	0.08
1789534064	1507	counted	train	90000	0.16
1789534064	1507	counted	train	90000	0.10
1789534065	1507	counted	train	90000	0.06
1789534065	1507	counted	train	90000	0.13
1789534065	1507	counted	train	90000	0.24
1789534065	1507	counted	train	90000	0.05
1789534065	1507	counted	train	90000	0.09
1789534065	1507	counted	train	90000	0.17
1789534066	1507	counted	train	90000	0.10
1789534066	1507	counted	train	90000	0.07
1789534066	1507	counted	train	90000	0.14
1789534066	1507	counted	train	90000	0.07
1789534066	1507	counted	train	90000	0.17
1789534066	1507	counted	train	90000	0.12
1789534066	1507	counted	train	90000	0.06
1789534067	1507	counted	train	90000	0.12
1789534067	1507	counted	train	90000	0.26
1789534067	1507	counted	train	90000	0.04
1789534067	1507	counted	train	90000	0.11
1789534067	1507	counted	train	90000	0.19
1789534067	1507	counted	train	90000	0.10
1789534068	1507	counted	train	90000	0.07
1789534068	1507	counted	train	90000	0.15
1789534068	1507	counted	train	90000	0.08
1789534068	1507	counted	train	90000	0.16
1789534068	1507	counted	train	90000	0.10
1789534068	1507	counted	train	90000	0.06
1789534068	1507	counted	train	90000	0.13
1789534069	1507	counted	train	90000	0.25
1789534069	1507	counted	train	90000	0.04
1789534069	1507	counted	train	90000	0.09
1789534069	1507	counted	train	90000	0.20
1789534069	1507	counted	train	90000	0.10
1789534069	1507	counted	train	90000	0.07
1789534070	1507	counted	train	90000	0.16
1789534070	1507	counted	train	90000	0.08
1789534070	1507	counted	train	90000	0.18
1789534070	1507	counted	train	90000	0.11
1789534070	1507	counted	train	90000	0.06
1789534070	1507	counted	train	90000	0.13
1789534071	1507	counted	train	90000	0.24
1789534071	1507	counted	train	90000	0.04
1789534071	1507	counted	train	90000	0.09
1789534071	1507	counted	train	90000	0.18
1789534071	1507	counted	train	90000	0.11
1789534071	1507	counted	train	90000	0.08
1789534072	1507	counted	train	90000	0.16
1789534072	1507	counted	train	90000	0.08
1789534072	1507	counted	train	90000	0.16
1789534072	1507	counted	train	90000	0.10
1789534072	1507	counted	train	90000	0.06
1789534072	1507	counted	train	90000	0.13
1789534073	1507	counted	train	90000	0.23
1789534073	1507	counted	train	90000	0.04
1789534073	1507	counted	train	90000	0.10
1789534073	1507	counted	train	90000	0.19
1789534073	1507	counted	train	90000	0.10
1789534073	1507	counted	train	90000	0.07
1789534073	1507	counted	train	90000	0.14
1789534074	1507	counted	train	90000	0.08
1789534074	1507	counted	train	90000	0.16
1789534074	1507	counted	train	90000	0.11
1789534074	1507	counted	train	90000	0.05
1789534074	1507	counted	train	90000	0.13
1789534074	1507	counted	train	90000	0.24
1789534075	1507	counted	train	90000	0.04
1789534075	1507	counted	train	90000	0.10
1789534075	1507	counted	train	90000	0.18
1789534075	1507	counted	train	90000	0.10
1789534075	1507	counted	train	90000	0.06
1789534075	1507	counted	train	90000	0.14
1789534075	1507	counted	train	90000	0.07
1789534076	1507	counted	train	90000	0.16
1789534076	1507	counted	train	90000	0.10
1789534076	1507	counted	train	90000	0.05
1789534076	1507	counted	train	90000	0.12
1789534076	1507	counted	train	90000	0.26
1789534076	1507	counted	train	90000	0.04
1789534076	1507	counted	train	90000	0.09
1789534077	1507	counted	train	90000	0.18
1789534077	1507	counted	train	90000	0.10
1789534077	1507	counted	train	90000	0.07
1789534077	1507	counted	train	90000	0.15
1789534077	1507	counted	train	90000	0.07
1789534077	1507	counted	train	90000	0.16
1789534078	1507	counted	train	90000	0.10
1789534078	1507	counted	train	90000	0.06
1789534078	1507	counted	train	90000	0.13
1789534078	1507	counted	train	90000	0.23
1789534078	1507	counted	train	90000	0.04
1789534078	1507	counted	train	90000	0.10
1789534079	1507	counted	train	90000	0.20
1789534079	1507	counted	train	90000	0.10
1789534079	1507	counted	train	90000	0.07
1789534079	1507	counted	train	90000	0.15
1789534079	1507	counted	train	90000	0.08
1789534079	1507	counted	train	90000	0.20
1789534079	1507	counted	train	90000	0.11
1789534080	1507	counted	train	90000	0.07
1789534080	1507	counted	train	90000	0.12
1789534080	1507	counted	train	90000	0.26
1789534080	1507	counted	train	90000	0.04
1789534080	1507	counted	train	90000	0.09
1789534080	1507	counted	train	90000	0.19
1789534081	1507	counted	train	90000	0.11
1789534081	1507	counted	train	90000	0.07
1789534081	1507	counted	train	90000	0.16
1789534081	1507	counted	train	90000	0.08
1789534081	1507	counted	train	90000	0.16
1789534095	1549	counted	train	90000	0.07
1789534095	1549	counted	train	90000	0.13
1789534095	1549	counted	train	90000	0.28
1789534095	1549	counted	train	90000	0.13
1789534095	1549	counted	train	90000	0.10
1789534096	1549	counted	train	90000	0.19
1789534096	1549	counted	train	90000	0.10
1789534096	1549	counted	train	90000	0.21
1789534096	1549	counted	train	90000	0.14
1789534096	1549	counted	train	90000	0.07
1789534096	1549	counted	train	90000	0.16
1789534097	1549	counted	train	90000	0.31
1789534097	1549	counted	train	90000	0.06
1789534097	1549	counted	train	90000	0.13
1789534097	1549	counted	train	90000	0.25
1789534098	1549	counted	train	90000	0.12
1789534098	1549	counted	train	90000	0.09
1789534098	1549	counted	train	90000	0.21
1789534098	1549	counted	train	90000	0.12
1789534098	1549	counted	train	90000	0.23
1789534099	1549	counted	train	90000	0.15
1789534099	1549	counted	train	90000	0.08
1789534099	1549	counted	train	90000	0.20
1789534099	1549	counted	train	90000	0.33
1789534099	1549	counted	train	90000	0.06
1789534100	1549	counted	train	90000	0.13
1789534100	1549	counted	train	90000	0.26
1789534100	1549	counted	train	90000	0.13
1789534100	1549	counted	train	90000	0.11
1789534100	1549	counted	train	90000	0.21
1789534101	1549	counted	train	90000	0.10
1789534101	1549	counted	train	90000	0.22
1789534101	1549	counted	train	90000	0.15
1789534101	1549	counted	train	90000	0.08
1789534101	1549	counted	train	90000	0.18
1789534102	1549	counted	train	90000	0.35
1789534102	1549	counted	train	90000	0.06
1789534102	1549	counted	train	90000	0.16
1789534102	1549	counted	train	90000	0.31
1789534103	1549	counted	train	90000	0.15
1789534103	1549	counted	train	90000	0.12
1789534103	1549	counted	train	90000	0.20
1789534103	1549	counted	train	90000	0.12
1789534103	1549	counted	train	90000	0.23
1789534104	1549	counted	train	90000	0.16
1789534104	1549	counted	train	90000	0.08
1789534104	1549	counted	train	90000	0.19
1789534104	1549	counted	train	90000	0.34
1789534104	1549	counted	train	90000	0.06
1789534105	1549	counted	train	90000	0.14
1789534105	1549	counted	train	90000	0.26
1789534105	1549	counted	train	90000	0.16
1789534105	1549	counted	train	90000	0.11
1789534105	1549	counted	train	90000	0.21
1789534106	1549	counted	train	90000	0.11
1789534106	1549	counted	train	90000	0.25
1789534106	1549	counted	train	90000	0.16
1789534106	1549	counted	train	90000	0.08
1789534106	1549	counted	train	90000	0.17
1789534107	1549	counted	train	90000	0.34
1789534107	1549	counted	train	90000	0.06
1789534107	1549	counted	train	90000	0.14
1789534107	1549	counted	train	90000	0.27
1789534108	1549	counted	train	90000	0.14
1789534108	1549	counted	train	90000	0.10
1789534108	1549	counted	train	90000	0.21
1789534108	1549	counted	train	90000	0.12
1789534108	1549	counted	train	90000	0.25
1789534109	1549	counted	train	90000	0.16
1789534109	1549	counted	train	90000	0.08
1789534109	1549	counted	train	90000	0.19
1789534109	1549	counted	train	90000	0.36
1789534110	1549	counted	train	90000	0.07
1789534110	1549	counted	train	90000	0.14
1789534110	1549	counted	train	90000	0.25
1789534110	1549	counted	train	90000	0.13
1789534110	1549	counted	train	90000	0.10
1789534111	1549	counted	train	90000	0.20
1789534111	1549	counted	train	90000	0.10
1789534111	1549	counted	train	90000	0.22
1789534111	1549	counted	train	90000	0.15
1789534111	1549	counted	train	90000	0.09
1789534111	1549	counted	train	90000	0.17
1789534112	1549	counted	train	90000	0.33
1789534112	1549	counted	train	90000	0.06
1789534112	1549	counted	train	90000	0.13
1789534112	1549	counted	train	90000	0.26
1789534113	1549	counted	train	90000	0.16
1789534113	1549	counted	train	90000	0.10
1789534113	1549	counted	train	90000	0.21
1789534113	1549	counted	train	90000	0.11
1789534113	1549	counted	train	90000	0.23
1789534114	1549	counted	train	90000	0.15
1789534114	1549	counted	train	90000	0.08
1789534114	1549	counted	train	90000	0.17
1789534114	1549	counted	train	90000	0.34
1789534114	1549	counted	train	90000	0.06
1789534115	1549	counted	train	90000	0.13
1789534115	1549	counted	train	90000	0.25
1789534115	1549	counted	train	90000	0.13
1789534115	1549	counted	train	90000	0.10
1789534115	1549	counted	train	90000	0.21
1789534116	1549	counted	train	90000	0.11
1789534116	1549	counted	train	90000	0.23
1789534116	1549	counted	train	90000	0.16
1789534116	1549	counted	train	90000	0.08
1789534116	1549	counted	train	90000	0.20
1789534117	1549	counted	train	90000	0.36
1789534117	1549	counted	train	90000	0.07
1789534117	1549	counted	train	90000	0.15
1789534117	1549	counted	train	90000	0.31
1789534118	1549	counted	train	90000	0.15
1789534118	1549	counted	train	90000	0.11
1789534118	1549	counted	train	90000	0.20
1789534118	1549	counted	train	90000	0.10
1789534118	1549	counted	train	90000	0.24
1789534119	1549	counted	train	90000	0.16
1789534119	1549	counted	train	90000	0.10
1789534119	1549	counted	train	90000	0.17
1789534119	1549	counted	train	90000	0.38
1789534120	1549	counted	train	90000	0.07
1789534120	1549	counted	train	90000	0.15
1789534120	1549	counted	train	90000	0.28
1789534120	1549	counted	train	90000	0.16
1789534120	1549	counted	train	90000	0.11
1789534121	1549	counted	train	90000	0.21
1789534121	1549	counted	train	90000	0.11
1789534121	1549	counted	train	90000	0.26
1789534121	1549	counted	train	90000	0.16
1789534121	1549	counted	train	90000	0.08
1789534122	1549	counted	train	90000	0.20
1789534122	1549	counted	train	90000	0.33
1789534122	1549	counted	train	90000	0.06
1789534122	1549	counted	train	90000	0.13
1789534123	1549	counted	train	90000	0.26
1789534123	1549	counted	train	90000	0.13
1789534123	1549	counted	train	90000	0.10
1789534123	1549	counted	train	90000	0.19
1789534123	1549	counted	train	90000	0.11
1789534124	1549	counted	train	90000	0.23
1789534124	1549	counted	train	90000	0.17
1789534124	1549	counted	train	90000	0.08
1789534124	1549	counted	train	90000	0.17
1789534124	1549	counted	train	90000	0.33
1789534125	1549	counted	train	90000	0.06
1789534125	1549	counted	train	90000	0.16
1789534125	1549	counted	train	90000	0.27
1789534125	1549	counted	train	90000	0.13
1789534125	1549	counted	train	90000	0.10
1789534126	1549	counted	train	90000	0.19
1789534126	1549	counted	train	90000	0.10
1789534126	1549	counted	train	90000	0.23
1789534126	1549	counted	train	90000	0.14
1789534126	1549	counted	train	90000	0.08
1789534127	1549	counted	train	90000	0.19
1789534127	1549	counted	train	90000	0.34
1789534127	1549	counted	train	90000	0.06
1789534127	1549	counted	train	90000	0.15
1789534128	1549	counted	train	90000	0.27
1789534128	1549	counted	train	90000	0.14
1789534128	1549	counted	train	90000	0.10
1789534128	1549	counted	train	90000	0.22
1789534128	1549	counted	train	90000	0.11
1789534129	1549	counted	train	90000	0.22
1789534129	1549	counted	train	90000	0.17
1789534129	1549	counted	train	90000	0.09
1789534129	1549	counted	train	90000	0.17
1789534130	1549	counted	train	90000	0.33
1789534130	1549	counted	train	90000	0.06
1789534130	1549	counted	train	90000	0.13
1789534130	1549	counted	train	90000	0.26
1789534130	1549	counted	train	90000	0.14
1789534130	1549	counted	train	90000	0.09
1789534131	1549	counted	train	90000	0.20
1789534131	1549	counted	train	90000	0.11
1789534131	1549	counted	train	90000	0.23
1789534131	1549	counted	train	90000	0.15
1789534131	1549	counted	train	90000	0.08
1789534132	1549	counted	train	90000	0.17
1789534132	1549	counted	train	90000	0.35
1789534132	1549	counted	train	90000	0.06
1789534132	1549	counted	train	90000	0.14
1789534133	1549	counted	train	90000	0.27
1789534133	1549	counted	train	90000	0.15
1789534133	1549	counted	train	90000	0.10
1789534133	1549	counted	train	90000	0.21
1789534133	1549	counted	train	90000	0.10
1789534133	1549	counted	train	90000	0.21
1789534134	1549	counted	train	90000	0.14
1789534134	1549	counted	train	90000	0.09
1789534134	1549	counted	train	90000	0.18
1789534134	1549	counted	train	90000	0.32
1789534134	1549	counted	train	90000	0.06
1789534135	1549	counted	train	90000	0.13
1789534135	1549	counted	train	90000	0.27
1789534135	1549	counted	train	90000	0.14
1789534135	1549	counted	train	90000	0.09
1789534135	1549	counted	train	90000	0.19
1789534136	1549	counted	train	90000	0.12
1789534136	1549	counted	train	90000	0.23
1789534151	1591	counted	train	90000	0.11
1789534151	1591	counted	train	90000	0.20
1789534152	1591	counted	train	90000	0.36
1789534152	1591	counted	train	90000	0.23
1789534152	1591	counted	train	90000	0.16
1789534152	1591	counted	train	90000	0.30
1789534153	1591	counted	train	90000	0.18
1789534153	1591	counted	train	90000	0.32
1789534153	1591	counted	train	90000	0.19
1789534153	1591	counted	train	90000	0.12
1789534154	1591	counted	train	90000	0.23
1789534154	1591	counted	train	90000	0.47
1789534154	1591	counted	train	90000	0.09
1789534154	1591	counted	train	90000	0.20
1789534155	1591	counted	train	90000	0.41
1789534155	1591	counted	train	90000	0.24
1789534155	1591	counted	train	90000	0.15
1789534156	1591	counted	train	90000	0.27
1789534156	1591	counted	train	90000	0.18
1789534156	1591	counted	train	90000	0.32
1789534156	1591	counted	train	90000	0.22
1789534157	1591	counted	train	90000	0.13
1789534157	1591	counted	train	90000	0.25
1789534157	1591	counted	train	90000	0.47
1789534158	1591	counted	train	90000	0.10
1789534158	1591	counted	train	90000	0.20
1789534158	1591	counted	train	90000	0.37
1789534158	1591	counted	train	90000	0.22
1789534159	1591	counted	train	90000	0.17
1789534159	1591	counted	train	90000	0.28
1789534159	1591	counted	train	90000	0.18
1789534160	1591	counted	train	90000	0.35
1789534160	1591	counted	train	90000	0.21
1789534160	1591	counted	train	90000	0.13
1789534160	1591	counted	train	90000	0.26
1789534161	1591	counted	train	90000	0.44
1789534161	1591	counted	train	90000	0.10
1789534161	1591	counted	train	90000	0.20
1789534162	1591	counted	train	90000	0.34
1789534162	1591	counted	train	90000	0.22
1789534162	1591	counted	train	90000	0.15
1789534162	1591	counted	train	90000	0.29
1789534162	1591	counted	train	90000	0.17
1789534163	1591	counted	train	90000	0.36
1789534163	1591	counted	train	90000	0.22
1789534163	1591	counted	train	90000	0.16
1789534164	1591	counted	train	90000	0.30
1789534164	1591	counted	train	90000	0.50
1789534164	1591	counted	train	90000	0.09
1789534165	1591	counted	train	90000	0.19
1789534165	1591	counted	train	90000	0.35
1789534165	1591	counted	train	90000	0.21
1789534165	1591	counted	train	90000	0.15
1789534166	1591	counted	train	90000	0.31
1789534166	1591	counted	train	90000	0.19
1789534166	1591	counted	train	90000	0.36
1789534167	1591	counted	train	90000	0.22
1789534167	1591	counted	train	90000	0.14
1789534167	1591	counted	train	90000	0.27
1789534168	1591	counted	train	90000	0.47
1789534168	1591	counted	train	90000	0.10
1789534168	1591	counted	train	90000	0.19
1789534168	1591	counted	train	90000	0.39
1789534169	1591	counted	train	90000	0.22
1789534169	1591	counted	train	90000	0.15
1789534169	1591	counted	train	90000	0.27
1789534169	1591	counted	train	90000	0.17
1789534170	1591	counted	train	90000	0.34
1789534170	1591	counted	train	90000	0.24
1789534170	1591	counted	train	90000	0.13
1789534171	1591	counted	train	90000	0.27
1789534171	1591	counted	train	90000	0.51
1789534171	1591	counted	train	90000	0.10
1789534172	1591	counted	train	90000	0.20
1789534172	1591	counted	train	90000	0.37
1789534172	1591	counted	train	90000	0.22
1789534172	1591	counted	train	90000	0.16
1789534173	1591	counted	train	90000	0.30
1789534173	1591	counted	train	90000	0.17
1789534173	1591	counted	train	90000	0.34
1789534174	1591	counted	train	90000	0.23
1789534174	1591	counted	train	90000	0.15
1789534174	1591	counted	train	90000	0.26
1789534175	1591	counted	train	90000	0.50
1789534175	1591	counted	train	90000	0.11
1789534175	1591	counted	train	90000	0.20
1789534175	1591	counted	train	90000	0.38
1789534176	1591	counted	train	90000	0.23
1789534176	1591	counted	train	90000	0.16
1789534176	1591	counted	train	90000	0.29
1789534176	1591	counted	train	90000	0.17
1789534177	1591	counted	train	90000	0.35
1789534177	1591	counted	train	90000	0.24
1789534177	1591	counted	train	90000	0.14
1789534178	1591	counted	train	90000	0.28
1789534178	1591	counted	train	90000	0.50
1789534178	1591	counted	train	90000	0.11
1789534179	1591	counted	train	90000	0.23
1789534179	1591	counted	train	90000	0.38
1789534179	1591	counted	train	90000	0.22
1789534179	1591	counted	train	90000	0.16
1789534180	1591	counted	train	90000	0.29
1789534180	1591	counted	train	90000	0.17
1789534180	1591	counted	train	90000	0.37
1789534181	1591	counted	train	90000	0.23
1789534181	1591	counted	train	90000	0.14
1789534181	1591	counted	train	90000	0.26
1789534182	1591	counted	train	90000	0.51
1789534182	1591	counted	train	90000	0.13
1789534182	1591	counted	train	90000	0.21
1789534183	1591	counted	train	90000	0.42
1789534183	1591	counted	train	90000	0.24
1789534183	1591	counted	train	90000	0.16
1789534183	1591	counted	train	90000	0.28
1789534184	1591	counted	train	90000	0.19
1789534184	1591	counted	train	90000	0.34
1789534184	1591	counted	train	90000	0.22
1789534184	1591	counted	train	90000	0.13
1789534185	1591	counted	train	90000	0.26
1789534185	1591	counted	train	90000	0.50
1789534185	1591	counted	train	90000	0.10
1789534186	1591	counted	train	90000	0.20
1789534186	1591	counted	train	90000	0.38
1789534186	1591	counted	train	90000	0.26
1789534187	1591	counted	train	90000	0.19
1789534187	1591	counted	train	90000	0.31
1789534187	1591	counted	train	90000	0.19
1789534188	1591	counted	train	90000	0.34
1789534188	1591	counted	train	90000	0.22
1789534188	1591	counted	train	90000	0.15
1789534188	1591	counted	train	90000	0.27
1789534189	1591	counted	train	90000	0.49
1789534189	1591	counted	train	90000	0.10
1789534189	1591	counted	train	90000	0.21
1789534190	1591	counted	train	90000	0.37
1789534190	1591	counted	train	90000	0.23
1789534190	1591	counted	train	90000	0.17
1789534191	1591	counted	train	90000	0.30
1789534191	1591	counted	train	90000	0.18
1789534191	1591	counted	train	90000	0.35
1789534191	1591	counted	train	90000	0.22
1789534192	1591	counted	train	90000	0.15
1789534192	1591	counted	train	90000	0.26
1789534192	1591	counted	train	90000	0.57
1789534193	1591	counted	train	90000	0.11
1789534193	1591	counted	train	90000	0.21
1789534193	1591	counted	train	90000	0.38
1789534194	1591	counted	train	90000	0.24
1789534194	1591	counted	train	90000	0.16
1789534194	1591	counted	train	90000	0.30
1789534194	1591	counted	train	90000	0.17
1789534195	1591	counted	train	90000	0.34
1789534195	1591	counted	train	90000	0.22
1789534195	1591	counted	train	90000	0.13
1789534195	1591	counted	train	90000	0.27
1789534196	1591	counted	train	90000	0.49
1789534196	1591	counted	train	90000	0.10
1789534196	1591	counted	train	90000	0.21
1789534197	1591	counted	train	90000	0.38
1789534197	1591	counted	train	90000	0.26
1789534197	1591	counted	train	90000	0.17
1789534198	1591	counted	train	90000	0.28
1789534198	1591	counted	train	90000	0.19
1789534198	1591	counted	train	90000	0.34
1789534198	1591	counted	train	90000	0.21
1789534199	1591	counted	train	90000	0.13
1789534199	1591	counted	train	90000	0.25
1789534199	1591	counted	train	90000	0.50
1789534200	1591	counted	train	90000	0.10
1789534200	1591	counted	train	90000	0.21
1789534200	1591	counted	train	90000	0.40
1789534201	1591	counted	train	90000	0.23
1789534201	1591	counted	train	90000	0.17
1789534201	1591	counted	train	90000	0.30
1789534201	1591	counted	train	90000	0.17
1789534202	1591	counted	train	90000	0.35
1789534202	1591	counted	train	90000	0.24
1789534202	1591	counted	train	90000	0.14
1789534202	1591	counted	train	90000	0.27
1789534203	1591	counted	train	90000	0.49
1789534203	1591	counted	train	90000	0.10
1789534203	1591	counted	train	90000	0.20
1789534204	1591	counted	train	90000	0.37
1789534204	1591	counted	train	90000	0.22
1789534204	1591	counted	train	90000	0.15
1789534205	1591	counted	train	90000	0.29
1789534205	1591	counted	train	90000	0.17
1789534205	1591	counted	train	90000	0.37
1789534205	1591	counted	train	90000	0.23
1789534206	1591	counted	train	90000	0.14
1789534206	1591	counted	train	90000	0.27
1789534206	1591	counted	train	90000	0.49
1789534207	1591	counted	train	90000	0.12
1789534207	1591	counted	train	90000	0.21
1789534207	1591	counted	train	90000	0.36
1789534208	1591	counted	train	90000	0.22
1789534208	1591	counted	train	90000	0.16
1789534208	1591	counted	train	90000	0.31
1789534208	1591	counted	train	90000	0.18
1789534209	1591	counted	train	90000	0.35
1789534226	1632	counted	train	90000	0.14
1789534227	1632	counted	train	90000	0.26
1789534227	1632	counted	train	90000	0.57
1789534228	1632	counted	train	90000	0.35
1789534228	1632	counted	train	90000	0.20
1789534228	1632	counted	train	90000	0.41
1789534229	1632	counted	train	90000	0.27
1789534229	1632	counted	train	90000	0.48
1789534229	1632	counted	train	90000	0.33
1789534230	1632	counted	train	90000	0.19
1789534230	1632	counted	train	90000	0.37
1789534231	1632	counted	train	90000	0.76
1789534231	1632	counted	train	90000	0.17
1789534231	1632	counted	train	90000	0.28
1789534232	1632	counted	train	90000	0.57
1789534232	1632	counted	train	90000	0.36
1789534233	1632	counted	train	90000	0.23
1789534233	1632	counted	train	90000	0.42
1789534234	1632	counted	train	90000	0.29
1789534234	1632	counted	train	90000	0.47
1789534234	1632	counted	train	90000	0.33
1789534235	1632	counted	train	90000	0.22
1789534235	1632	counted	train	90000	0.36
1789534236	1632	counted	train	90000	0.73
1789534236	1632	counted	train	90000	0.16
1789534236	1632	counted	train	90000	0.31
1789534237	1632	counted	train	90000	0.53
1789534237	1632	counted	train	90000	0.37
1789534238	1632	counted	train	90000	0.23
1789534238	1632	counted	train	90000	0.42
1789534238	1632	counted	train	90000	0.29
1789534239	1632	counted	train	90000	0.49
1789534239	1632	counted	train	90000	0.32
1789534240	1632	counted	train	90000	0.22
1789534240	1632	counted	train	90000	0.40
1789534241	1632	counted	train	90000	0.73
1789534241	1632	counted	train	90000	0.20
1789534241	1632	counted	train	90000	0.31
1789534242	1632	counted	train	90000	0.55
1789534242	1632	counted	train	90000	0.37
1789534243	1632	counted	train	90000	0.23
1789534243	1632	counted	train	90000	0.43
1789534243	1632	counted	train	90000	0.28
1789534244	1632	counted	train	90000	0.51
1789534244	1632	counted	train	90000	0.34
1789534245	1632	counted	train	90000	0.22
1789534245	1632	counted	train	90000	0.36
1789534246	1632	counted	train	90000	0.75
1789534246	1632	counted	train	90000	0.16
1789534246	1632	counted	train	90000	0.32
1789534247	1632	counted	train	90000	0.64
1789534247	1632	counted	train	90000	0.37
1789534248	1632	counted	train	90000	0.24
1789534248	1632	counted	train	90000	0.45
1789534249	1632	counted	train	90000	0.27
1789534249	1632	counted	train	90000	0.47
1789534249	1632	counted	train	90000	0.29
1789534250	1632	counted	train	90000	0.20
1789534250	1632	counted	train	90000	0.38
1789534251	1632	counted	train	90000	0.71
1789534251	1632	counted	train	90000	0.16
1789534251	1632	counted	train	90000	0.29
1789534252	1632	counted	train	90000	0.55
1789534252	1632	counted	train	90000	0.34
1789534253	1632	counted	train	90000	0.22
1789534253	1632	counted	train	90000	0.43
1789534253	1632	counted	train	90000	0.26
1789534254	1632	counted	train	90000	0.48
1789534254	1632	counted	train	90000	0.32
1789534254	1632	counted	train	90000	0.20
1789534255	1632	counted	train	90000	0.37
1789534256	1632	counted	train	90000	0.72
1789534256	1632	counted	train	90000	0.15
1789534256	1632	counted	train	90000	0.26
1789534257	1632	counted	train	90000	0.50
1789534257	1632	counted	train	90000	0.32
1789534257	1632	counted	train	90000	0.21
1789534258	1632	counted	train	90000	0.40
1789534258	1632	counted	train	90000	0.26
1789534258	1632	counted	train	90000	0.47
1789534259	1632	counted	train	90000	0.31
1789534259	1632	counted	train	90000	0.21
1789534259	1632	counted	train	90000	0.37
1789534260	1632	counted	train	90000	0.71
1789534260	1632	counted	train	90000	0.15
1789534261	1632	counted	train	90000	0.28
1789534261	1632	counted	train	90000	0.54
1789534262	1632	counted	train	90000	0.34
1789534262	1632	counted	train	90000	0.22
1789534262	1632	counted	train	90000	0.45
1789534263	1632	counted	train	90000	0.28
1789534263	1632	counted	train	90000	0.51
1789534264	1632	counted	train	90000	0.33
1789534264	1632	counted	train	90000	0.23
1789534264	1632	counted	train	90000	0.36
1789534265	1632	counted	train	90000	0.68
1789534265	1632	counted	train	90000	0.16
1789534265	1632	counted	train	90000	0.29
1789534266	1632	counted	train	90000	0.56
1789534267	1632	counted	train	90000	0.38
1789534267	1632	counted	train	90000	0.25
1789534267	1632	counted	train	90000	0.41
1789534268	1632	counted	train	90000	0.27
1789534268	1632	counted	train	90000	0.50
1789534268	1632	counted	train	90000	0.30
1789534269	1632	counted	train	90000	0.21
1789534269	1632	counted	train	90000	0.38
1789534270	1632	counted	train	90000	0.73
1789534270	1632	counted	train	90000	0.17
1789534270	1632	counted	train	90000	0.34
1789534271	1632	counted	train	90000	0.57
1789534271	1632	counted	train	90000	0.35
1789534272	1632	counted	train	90000	0.23
1789534272	1632	counted	train	90000	0.41
1789534273	1632	counted	train	90000	0.29
1789534273	1632	counted	train	90000	0.51
1789534273	1632	counted	train	90000	0.34
1789534274	1632	counted	train	90000	0.21
1789534274	1632	counted	train	90000	0.38
1789534275	1632	counted	train	90000	0.72
1789534275	1632	counted	train	90000	0.16
1789534275	1632	counted	train	90000	0.28
1789534276	1632	counted	train	90000	0.54
1789534276	1632	counted	train	90000	0.36
1789534277	1632	counted	train	90000	0.28
1789534277	1632	counted	train	90000	0.45
1789534278	1632	counted	train	90000	0.28
1789534278	1632	counted	train	90000	0.50
1789534278	1632	counted	train	90000	0.35
1789534279	1632	counted	train	90000	0.20
1789534279	1632	counted	train	90000	0.37
1789534280	1632	counted	train	90000	0.71
1789534280	1632	counted	train	90000	0.15
1789534280	1632	counted	train	90000	0.29
1789534281	1632	counted	train	90000	0.55
1789534281	1632	counted	train	90000	0.39
1789534282	1632	counted	train	90000	0.23
1789534282	1632	counted	train	90000	0.41
1789534282	1632	counted	train	90000	0.26
1789534283	1632	counted	train	90000	0.44
1789534283	1632	counted	train	90000	0.28
1789534283	1632	counted	train	90000	0.19
1789534284	1632	counted	train	90000	0.34
1789534284	1632	counted	train	90000	0.64
1789534285	1632	counted	train	90000	0.14
1789534285	1632	counted	train	90000	0.27
1789534286	1632	counted	train	90000	0.56
1789534286	1632	counted	train	90000	0.35
1789534286	1632	counted	train	90000	0.23
1789534287	1632	counted	train	90000	0.39
1789534287	1632	counted	train	90000	0.29
1789534287	1632	counted	train	90000	0.50
1789534288	1632	counted	train	90000	0.36
1789534288	1632	counted	train	90000	0.21
1789534289	1632	counted	train	90000	0.36
1789534289	1632	counted	train	90000	0.79
1789534290	1632	counted	train	90000	0.17
1789534290	1632	counted	train	90000	0.30
1789534290	1632	counted	train	90000	0.55
1789534291	1632	counted	train	90000	0.37
1789534291	1632	counted	train	90000	0.22
1789534292	1632	counted	train	90000	0.41
1789534292	1632	counted	train	90000	0.26
1789534292	1632	counted	train	90000	0.50
1789534293	1632	counted	train	90000	0.31
1789534293	1632	counted	train	90000	0.20
1789534293	1632	counted	train	90000	0.37
1789534294	1632	counted	train	90000	0.71
1789534294	1632	counted	train	90000	0.14
1789534295	1632	counted	train	90000	0.27
1789534295	1632	counted	train	90000	0.50
1789534296	1632	counted	train	90000	0.36
1789534296	1632	counted	train	90000	0.20
1789534296	1632	counted	train	90000	0.41
1789534297	1632	counted	train	90000	0.25
1789534297	1632	counted	train	90000	0.49
1789534297	1632	counted	train	90000	0.32
1789534298	1632	counted	train	90000	0.22
1789534298	1632	counted	train	90000	0.37
1789534299	1632	counted	train	90000	0.68
1789534299	1632	counted	train	90000	0.14
1789534299	1632	counted	train	90000	0.27
1789534300	1632	counted	train	90000	0.65
1789534300	1632	counted	train	90000	0.33
1789534301	1632	counted	train	90000	0.22
1789534301	1632	counted	train	90000	0.41
1789534301	1632	counted	train	90000	0.28
1789534302	1632	counted	train	90000	0.44
1789534302	1632	counted	train	90000	0.30
1789534303	1632	counted	train	90000	0.21
1789534303	1632	counted	train	90000	0.36
1789534304	1632	counted	train	90000	0.66
1789534304	1632	counted	train	90000	0.15
1789534304	1632	counted	train	90000	0.27
1789534305	1632	counted	train	90000	0.51
1789534305	1632	counted	train	90000	0.36
1789534305	1632	counted	train	90000	0.22
1789534306	1632	counted	train	90000	0.42
1789534306	1632	counted	train	90000	0.26
1789534307	1632	counted	train	90000	0.49
1789534332	1674	counted	train	90000	0.18
1789534332	1674	counted	train	90000	0.29
1789534332	1674	counted	train	90000	0.54
1789534333	1674	counted	train	90000	0.37
1789534333	1674	counted	train	90000	0.23
1789534334	1674	counted	train	90000	0.46
1789534334	1674	counted	train	90000	0.30
1789534335	1674	counted	train	90000	0.52
1789534335	1674	counted	train	90000	0.34
1789534335	1674	counted	train	90000	0.21
1789534336	1674	counted	train	90000	0.41
1789534336	1674	counted	train	90000	0.73
1789534337	1674	counted	train	90000	0.16
1789534337	1674	counted	train	90000	0.33
1789534338	1674	counted	train	90000	0.56
1789534338	1674	counted	train	90000	0.39
1789534338	1674	counted	train	90000	0.25
1789534339	1674	counted	train	90000	0.44
1789534339	1674	counted	train	90000	0.27
1789534340	1674	counted	train	90000	0.50
1789534340	1674	counted	train	90000	0.34
1789534340	1674	counted	train	90000	0.22
1789534341	1674	counted	train	90000	0.39
1789534341	1674	counted	train	90000	0.74
1789534342	1674	counted	train	90000	0.17
1789534342	1674	counted	train	90000	0.29
1789534343	1674	counted	train	90000	0.58
1789534343	1674	counted	train	90000	0.38
1789534343	1674	counted	train	90000	0.25
1789534344	1674	counted	train	90000	0.45
1789534344	1674	counted	train	90000	0.30
1789534345	1674	counted	train	90000	0.50
1789534345	1674	counted	train	90000	0.35
1789534345	1674	counted	train	90000	0.24
1789534346	1674	counted	train	90000	0.39
1789534347	1674	counted	train	90000	0.74
1789534347	1674	counted	train	90000	0.16
1789534347	1674	counted	train	90000	0.32
1789534348	1674	counted	train	90000	0.56
1789534348	1674	counted	train	90000	0.35
1789534349	1674	counted	train	90000	0.25
1789534349	1674	counted	train	90000	0.45
1789534349	1674	counted	train	90000	0.31
1789534350	1674	counted	train	90000	0.49
1789534350	1674	counted	train	90000	0.32
1789534351	1674	counted	train	90000	0.21
1789534351	1674	counted	train	90000	0.40
1789534352	1674	counted	train	90000	0.78
1789534352	1674	counted	train	90000	0.19
1789534352	1674	counted	train	90000	0.29
1789534353	1674	counted	train	90000	0.58
1789534353	1674	counted	train	90000	0.39
1789534354	1674	counted	train	90000	0.22
1789534354	1674	counted	train	90000	0.42
1789534355	1674	counted	train	90000	0.28
1789534355	1674	counted	train	90000	0.51
1789534355	1674	counted	train	90000	0.35
1789534356	1674	counted	train	90000	0.21
1789534356	1674	counted	train	90000	0.38
1789534357	1674	counted	train	90000	0.74
1789534357	1674	counted	train	90000	0.17
1789534357	1674	counted	train	90000	0.30
1789534358	1674	counted	train	90000	0.56
1789534358	1674	counted	train	90000	0.37
1789534359	1674	counted	train	90000	0.23
1789534359	1674	counted	train	90000	0.41
1789534360	1674	counted	train	90000	0.27
1789534360	1674	counted	train	90000	0.49
1789534360	1674	counted	train	90000	0.33
1789534361	1674	counted	train	90000	0.21
1789534361	1674	counted	train	90000	0.38
1789534362	1674	counted	train	90000	0.74
1789534362	1674	counted	train	90000	0.16
1789534362	1674	counted	train	90000	0.30
1789534363	1674	counted	train	90000	0.58
1789534363	1674	counted	train	90000	0.34
1789534364	1674	counted	train	90000	0.23
1789534364	1674	counted	train	90000	0.41
1789534364	1674	counted	train	90000	0.28
1789534365	1674	counted	train	90000	0.53
1789534365	1674	counted	train	90000	0.36
1789534366	1674	counted	train	90000	0.22
1789534366	1674	counted	train	90000	0.38
1789534367	1674	counted	train	90000	0.80
1789534367	1674	counted	train	90000	0.16
1789534367	1674	counted	train	90000	0.28
1789534368	1674	counted	train	90000	0.57
1789534369	1674	counted	train	90000	0.38
1789534369	1674	counted	train	90000	0.25
1789534369	1674	counted	train	90000	0.45
1789534370	1674	counted	train	90000	0.28
1789534370	1674	counted	train	90000	0.52
1789534371	1674	counted	train	90000	0.38
1789534371	1674	counted	train	90000	0.22
1789534371	1674	counted	train	90000	0.38
1789534372	1674	counted	train	90000	0.79
1789534372	1674	counted	train	90000	0.16
1789534373	1674	counted	train	90000	0.32
1789534373	1674	counted	train	90000	0.60
1789534374	1674	counted	train	90000	0.36
1789534374	1674	counted	train	90000	0.25
1789534375	1674	counted	train	90000	0.48
1789534375	1674	counted	train	90000	0.28
1789534375	1674	counted	train	90000	0.51
1789534376	1674	counted	train	90000	0.32
1789534376	1674	counted	train	90000	0.21
1789534376	1674	counted	train	90000	0.40
1789534377	1674	counted	train	90000	0.78
1789534378	1674	counted	train	90000	0.17
1789534378	1674	counted	train	90000	0.29
1789534378	1674	counted	train	90000	0.59
1789534379	1674	counted	train	90000	0.37
1789534379	1674	counted	train	90000	0.23
1789534380	1674	counted	train	90000	0.44
1789534380	1674	counted	train	90000	0.27
1789534380	1674	counted	train	90000	0.48
1789534381	1674	counted	train	90000	0.32
1789534381	1674	counted	train	90000	0.22
1789534382	1674	counted	train	90000	0.37
1789534382	1674	counted	train	90000	0.77
1789534383	1674	counted	train	90000	0.16
1789534383	1674	counted	train	90000	0.28
1789534383	1674	counted	train	90000	0.59
1789534384	1674	counted	train	90000	0.36
1789534384	1674	counted	train	90000	0.23
1789534385	1674	counted	train	90000	0.43
1789534385	1674	counted	train	90000	0.31
1789534386	1674	counted	train	90000	0.48
1789534386	1674	counted	train	90000	0.32
1789534386	1674	counted	train	90000	0.20
1789534387	1674	counted	train	90000	0.39
1789534387	1674	counted	train	90000	0.74
1789534388	1674	counted	train	90000	0.16
1789534388	1674	counted	train	90000	0.33
1789534389	1674	counted	train	90000	0.57
1789534389	1674	counted	train	90000	0.35
1789534389	1674	counted	train	90000	0.23
1789534390	1674	counted	train	90000	0.42
1789534390	1674	counted	train	90000	0.30
1789534391	1674	counted	train	90000	0.53
1789534391	1674	counted	train	90000	0.31
1789534391	1674	counted	train	90000	0.22
1789534392	1674	counted	train	90000	0.40
1789534392	1674	counted	train	90000	0.74
1789534393	1674	counted	train	90000	0.16
1789534393	1674	counted	train	90000	0.29
1789534394	1674	counted	train	90000	0.57
1789534394	1674	counted	train	90000	0.39
1789534394	1674	counted	train	90000	0.23
1789534395	1674	counted	train	90000	0.45
1789534395	1674	counted	train	90000	0.28
1789534396	1674	counted	train	90000	0.50
1789534396	1674	counted	train	90000	0.34
1789534396	1674	counted	train	90000	0.23
1789534397	1674	counted	train	90000	0.37
1789534397	1674	counted	train	90000	0.70
1789534398	1674	counted	train	90000	0.15
1789534398	1674	counted	train	90000	0.30
1789534399	1674	counted	train	90000	0.50
1789534399	1674	counted	train	90000	0.33
1789534399	1674	counted	train	90000	0.21
1789534400	1674	counted	train	90000	0.40
1789534400	1674	counted	train	90000	0.27
1789534400	1674	counted	train	90000	0.50
1789534401	1674	counted	train	90000	0.32
1789534401	1674	counted	train	90000	0.20
1789534401	1674	counted	train	90000	0.36
1789534402	1674	counted	train	90000	0.70
1789534402	1674	counted	train	90000	0.15
1789534403	1674	counted	train	90000	0.28
1789534403	1674	counted	train	90000	0.52
1789534404	1674	counted	train	90000	0.33
1789534404	1674	counted	train	90000	0.26
1789534404	1674	counted	train	90000	0.46
1789534405	1674	counted	train	90000	0.31
1789534405	1674	counted	train	90000	0.51
1789534406	1674	counted	train	90000	0.34
1789534406	1674	counted	train	90000	0.20
1789534406	1674	counted	train	90000	0.37
1789534407	1674	counted	train	90000	0.71
1789534407	1674	counted	train	90000	0.18
1789534408	1674	counted	train	90000	0.31
1789534408	1674	counted	train	90000	0.62
1789534409	1674	counted	train	90000	0.36
1789534409	1674	counted	train	90000	0.23
1789534410	1674	counted	train	90000	0.44
1789534410	1674	counted	train	90000	0.27
1789534410	1674	counted	train	90000	0.52
1789534411	1674	counted	train	90000	0.34
1789534411	1674	counted	train	90000	0.22
1789534411	1674	counted	train	90000	0.37
1789534412	1674	counted	train	90000	0.74
1789534412	1674	counted	train	90000	0.17
1789534413	1674	counted	train	90000	0.30
1789534413	1674	counted	train	90000	0.53
1789534414	1674	counted	train	90000	0.36
1789534414	1674	counted	train	90000	0.22
1789534414	1674	counted	train	90000	0.41
1789534415	1674	counted	train	90000	0.28
1789534415	1674	counted	train	90000	0.51
1789534441	1715	counted	train	95000	0.15
1789534441	1715	counted	train	95000	0.29
1789534441	1715	counted	train	95000	0.55
1789534442	1715	counted	train	95000	0.38
1789534442	1715	counted	train	95000	0.24
1789534443	1715	counted	train	95000	0.44
1789534443	1715	counted	train	95000	0.29
1789534444	1715	counted	train	95000	0.55
1789534444	1715	counted	train	95000	0.36
1789534444	1715	counted	train	95000	0.23
1789534445	1715	counted	train	95000	0.45
1789534446	1715	counted	train	95000	0.78
1789534446	1715	counted	train	95000	0.19
1789534446	1715	counted	train	95000	0.32
1789534447	1715	counted	train	95000	0.61
1789534447	1715	counted	train	95000	0.37
1789534448	1715	counted	train	95000	0.26
1789534448	1715	counted	train	95000	0.46
1789534448	1715	counted	train	95000	0.33
1789534449	1715	counted	train	95000	0.54
1789534449	1715	counted	train	95000	0.35
1789534450	1715	counted	train	95000	0.25
1789534450	1715	counted	train	95000	0.41
1789534451	1715	counted	train	95000	0.79
1789534451	1715	counted	train	95000	0.18
1789534452	1715	counted	train	95000	0.33
1789534452	1715	counted	train	95000	0.61
1789534453	1715	counted	train	95000	0.37
1789534453	1715	counted	train	95000	0.24
1789534453	1715	counted	train	95000	0.45
1789534454	1715	counted	train	95000	0.29
1789534454	1715	counted	train	95000	0.52
1789534455	1715	counted	train	95000	0.38
1789534455	1715	counted	train	95000	0.24
1789534456	1715	counted	train	95000	0.42
1789534456	1715	counted	train	95000	0.77
1789534457	1715	counted	train	95000	0.17
1789534457	1715	counted	train	95000	0.30
1789534458	1715	counted	train	95000	0.61
1789534458	1715	counted	train	95000	0.41
1789534458	1715	counted	train	95000	0.25
1789534459	1715	counted	train	95000	0.46
1789534459	1715	counted	train	95000	0.35
1789534460	1715	counted	train	95000	0.59
1789534460	1715	counted	train	95000	0.34
1789534461	1715	counted	train	95000	0.24
1789534461	1715	counted	train	95000	0.39
1789534462	1715	counted	train	95000	0.78
1789534462	1715	counted	train	95000	0.19
1789534462	1715	counted	train	95000	0.34
1789534463	1715	counted	train	95000	0.64
1789534463	1715	counted	train	95000	0.38
1789534464	1715	counted	train	95000	0.25
1789534464	1715	counted	train	95000	0.44
1789534465	1715	counted	train	95000	0.28
1789534465	1715	counted	train	95000	0.53
1789534466	1715	counted	train	95000	0.37
1789534466	1715	counted	train	95000	0.23
1789534466	1715	counted	train	95000	0.41
1789534467	1715	counted	train	95000	0.80
1789534467	1715	counted	train	95000	0.18
1789534468	1715	counted	train	95000	0.32
1789534468	1715	counted	train	95000	0.60
1789534469	1715	counted	train	95000	0.37
1789534469	1715	counted	train	95000	0.25
1789534470	1715	counted	train	95000	0.50
1789534470	1715	counted	train	95000	0.31
1789534471	1715	counted	train	95000	0.55
1789534471	1715	counted	train	95000	0.38
1789534471	1715	counted	train	95000	0.22
1789534472	1715	counted	train	95000	0.40
1789534473	1715	counted	train	95000	0.77
1789534473	1715	counted	train	95000	0.18
1789534473	1715	counted	train	95000	0.32
1789534474	1715	counted	train	95000	0.59
1789534474	1715	counted	train	95000	0.38
1789534474	1715	counted	train	95000	0.25
1789534475	1715	counted	train	95000	0.46
1789534475	1715	counted	train	95000	0.29
1789534476	1715	counted	train	95000	0.50
1789534476	1715	counted	train	95000	0.34
1789534477	1715	counted	train	95000	0.23
1789534477	1715	counted	train	95000	0.42
1789534478	1715	counted	train	95000	0.74
1789534478	1715	counted	train	95000	0.17
1789534478	1715	counted	train	95000	0.35
1789534479	1715	counted	train	95000	0.58
1789534479	1715	counted	train	95000	0.36
1789534480	1715	counted	train	95000	0.25
1789534480	1715	counted	train	95000	0.47
1789534481	1715	counted	train	95000	0.31
1789534481	1715	counted	train	95000	0.55
1789534482	1715	counted	train	95000	0.39
1789534482	1715	counted	train	95000	0.24
1789534482	1715	counted	train	95000	0.44
1789534483	1715	counted	train	95000	0.76
1789534483	1715	counted	train	95000	0.17
1789534484	1715	counted	train	95000	0.30
1789534484	1715	counted	train	95000	0.57
1789534485	1715	counted	train	95000	0.39
1789534485	1715	counted	train	95000	0.25
1789534486	1715	counted	train	95000	0.43
1789534486	1715	counted	train	95000	0.28
1789534486	1715	counted	train	95000	0.50
1789534487	1715	counted	train	95000	0.34
1789534487	1715	counted	train	95000	0.21
1789534487	1715	counted	train	95000	0.37
1789534488	1715	counted	train	95000	0.74
1789534488	1715	counted	train	95000	0.16
1789534489	1715	counted	train	95000	0.29
1789534489	1715	counted	train	95000	0.54
1789534490	1715	counted	train	95000	0.39
1789534490	1715	counted	train	95000	0.24
1789534491	1715	counted	train	95000	0.44
1789534491	1715	counted	train	95000	0.27
1789534491	1715	counted	train	95000	0.51
1789534492	1715	counted	train	95000	0.36
1789534492	1715	counted	train	95000	0.22
1789534493	1715	counted	train	95000	0.40
1789534493	1715	counted	train	95000	0.72
1789534494	1715	counted	train	95000	0.17
1789534494	1715	counted	train	95000	0.29
1789534494	1715	counted	train	95000	0.52
1789534495	1715	counted	train	95000	0.38
1789534495	1715	counted	train	95000	0.25
1789534496	1715	counted	train	95000	0.46
1789534496	1715	counted	train	95000	0.27
1789534497	1715	counted	train	95000	0.49
1789534497	1715	counted	train	95000	0.35
1789534497	1715	counted	train	95000	0.23
1789534498	1715	counted	train	95000	0.42
1789534498	1715	counted	train	95000	0.78
1789534499	1715	counted	train	95000	0.16
1789534499	1715	counted	train	95000	0.30
1789534500	1715	counted	train	95000	0.61
1789534500	1715	counted	train	95000	0.38
1789534500	1715	counted	train	95000	0.25
1789534501	1715	counted	train	95000	0.47
1789534501	1715	counted	train	95000	0.29
1789534502	1715	counted	train	95000	0.56
1789534502	1715	counted	train	95000	0.37
1789534503	1715	counted	train	95000	0.23
1789534503	1715	counted	train	95000	0.39
1789534504	1715	counted	train	95000	0.77
1789534504	1715	counted	train	95000	0.18
1789534504	1715	counted	train	95000	0.32
1789534505	1715	counted	train	95000	0.57
1789534505	1715	counted	train	95000	0.41
1789534506	1715	counted	train	95000	0.26
1789534506	1715	counted	train	95000	0.45
1789534507	1715	counted	train	95000	0.30
1789534507	1715	counted	train	95000	0.54
1789534508	1715	counted	train	95000	0.34
1789534508	1715	counted	train	95000	0.24
1789534508	1715	counted	train	95000	0.46
1789534509	1715	counted	train	95000	0.84
1789534509	1715	counted	train	95000	0.18
1789534510	1715	counted	train	95000	0.33
1789534510	1715	counted	train	95000	0.63
1789534511	1715	counted	train	95000	0.42
1789534511	1715	counted	train	95000	0.24
1789534512	1715	counted	train	95000	0.49
1789534512	1715	counted	train	95000	0.31
1789534513	1715	counted	train	95000	0.59
1789534513	1715	counted	train	95000	0.40
1789534514	1715	counted	train	95000	0.28
1789534514	1715	counted	train	95000	0.41
1789534515	1715	counted	train	95000	0.90
1789534515	1715	counted	train	95000	0.20
1789534516	1715	counted	train	95000	0.37
1789534516	1715	counted	train	95000	0.71
1789534517	1715	counted	train	95000	0.44
1789534517	1715	counted	train	95000	0.30
1789534518	1715	counted	train	95000	0.53
1789534518	1715	counted	train	95000	0.34
1789534519	1715	counted	train	95000	0.59
1789534519	1715	counted	train	95000	0.39
1789534520	1715	counted	train	95000	0.26
1789534520	1715	counted	train	95000	0.47
1789534521	1715	counted	train	95000	0.85
1789534521	1715	counted	train	95000	0.19
1789534522	1715	counted	train	95000	0.32
1789534522	1715	counted	train	95000	0.62
1789534523	1715	counted	train	95000	0.42
1789534523	1715	counted	train	95000	0.29
1789534524	1715	counted	train	95000	0.45
1789534524	1715	counted	train	95000	0.30
1789534524	1715	counted	train	95000	0.53
1789534525	1715	counted	train	95000	0.38
1789534525	1715	counted	train	95000	0.24
1789534526	1715	counted	train	95000	0.41
1789534526	1715	counted	train	95000	0.79
1789534527	1715	counted	train	95000	0.17
1789534527	1715	counted	train	95000	0.34
1789534528	1715	counted	train	95000	0.65
1789534528	1715	counted	train	95000	0.38
1789534529	1715	counted	train	95000	0.30
1789534529	1715	counted	train	95000	0.47
1789534529	1715	counted	train	95000	0.28
1789534530	1715	counted	train	95000	0.51
1789534556	1758	counted	train	90000	0.17
1789534556	1758	counted	train	90000	0.33
1789534557	1758	counted	train	90000	0.59
1789534557	1758	counted	train	90000	0.37
1789534557	1758	counted	train	90000	0.25
1789534558	1758	counted	train	90000	0.45
1789534558	1758	counted	train	90000	0.29
1789534559	1758	counted	train	90000	0.51
1789534559	1758	counted	train	90000	0.39
1789534559	1758	counted	train	90000	0.23
1789534560	1758	counted	train	90000	0.42
1789534561	1758	counted	train	90000	0.72
1789534561	1758	counted	train	90000	0.16
1789534561	1758	counted	train	90000	0.29
1789534562	1758	counted	train	90000	0.55
1789534562	1758	counted	train	90000	0.37
1789534562	1758	counted	train	90000	0.24
1789534563	1758	counted	train	90000	0.48
1789534563	1758	counted	train	90000	0.32
1789534564	1758	counted	train	90000	0.51
1789534564	1758	counted	train	90000	0.40
1789534565	1758	counted	train	90000	0.22
1789534565	1758	counted	train	90000	0.39
1789534566	1758	counted	train	90000	0.76
1789534566	1758	counted	train	90000	0.17
1789534566	1758	counted	train	90000	0.30
1789534567	1758	counted	train	90000	0.58
1789534567	1758	counted	train	90000	0.41
1789534568	1758	counted	train	90000	0.24
1789534568	1758	counted	train	90000	0.52
1789534569	1758	counted	train	90000	0.30
1789534569	1758	counted	train	90000	0.49
1789534570	1758	counted	train	90000	0.33
1789534570	1758	counted	train	90000	0.23
1789534570	1758	counted	train	90000	0.40
1789534571	1758	counted	train	90000	0.79
1789534571	1758	counted	train	90000	0.17
1789534572	1758	counted	train	90000	0.33
1789534572	1758	counted	train	90000	0.60
1789534573	1758	counted	train	90000	0.38
1789534573	1758	counted	train	90000	0.27
1789534574	1758	counted	train	90000	0.46
1789534574	1758	counted	train	90000	0.29
1789534575	1758	counted	train	90000	0.54
1789534575	1758	counted	train	90000	0.34
1789534575	1758	counted	train	90000	0.25
1789534576	1758	counted	train	90000	0.46
1789534577	1758	counted	train	90000	0.81
1789534577	1758	counted	train	90000	0.18
1789534577	1758	counted	train	90000	0.33
1789534578	1758	counted	train	90000	0.66
1789534578	1758	counted	train	90000	0.43
1789534579	1758	counted	train	90000	0.25
1789534579	1758	counted	train	90000	0.52
1789534580	1758	counted	train	90000	0.33
1789534580	1758	counted	train	90000	0.56
1789534581	1758	counted	train	90000	0.34
1789534581	1758	counted	train	90000	0.23
1789534581	1758	counted	train	90000	0.43
1789534582	1758	counted	train	90000	0.82
1789534582	1758	counted	train	90000	0.19
1789534583	1758	counted	train	90000	0.37
1789534584	1758	counted	train	90000	0.65
1789534584	1758	counted	train	90000	0.39
1789534584	1758	counted	train	90000	0.25
1789534585	1758	counted	train	90000	0.47
1789534585	1758	counted	train	90000	0.32
1789534586	1758	counted	train	90000	0.56
1789534586	1758	counted	train	90000	0.35
1789534586	1758	counted	train	90000	0.26
1789534587	1758	counted	train	90000	0.43
1789534588	1758	counted	train	90000	0.88
1789534588	1758	counted	train	90000	0.21
1789534588	1758	counted	train	90000	0.33
1789534589	1758	counted	train	90000	0.68
1789534590	1758	counted	train	90000	0.40
1789534590	1758	counted	train	90000	0.27
1789534591	1758	counted	train	90000	0.50
1789534591	1758	counted	train	90000	0.30
1789534591	1758	counted	train	90000	0.54
1789534592	1758	counted	train	90000	0.37
1789534592	1758	counted	train	90000	0.25
1789534593	1758	counted	train	90000	0.40
1789534594	1758	counted	train	90000	0.82
1789534594	1758	counted	train	90000	0.18
1789534594	1758	counted	train	90000	0.33
1789534595	1758	counted	train	90000	0.62
1789534595	1758	counted	train	90000	0.41
1789534596	1758	counted	train	90000	0.26
1789534596	1758	counted	train	90000	0.46
1789534596	1758	counted	train	90000	0.28
1789534597	1758	counted	train	90000	0.52
1789534597	1758	counted	train	90000	0.37
1789534598	1758	counted	train	90000	0.24
1789534598	1758	counted	train	90000	0.46
1789534599	1758	counted	train	90000	0.77
1789534599	1758	counted	train	90000	0.17
1789534600	1758	counted	train	90000	0.35
1789534600	1758	counted	train	90000	0.62
1789534601	1758	counted	train	90000	0.39
1789534601	1758	counted	train	90000	0.27
1789534602	1758	counted	train	90000	0.45
1789534602	1758	counted	train	90000	0.34
1789534602	1758	counted	train	90000	0.56
1789534603	1758	counted	train	90000	0.33
1789534603	1758	counted	train	90000	0.24
1789534604	1758	counted	train	90000	0.40
1789534604	1758	counted	train	90000	0.74
1789534605	1758	counted	train	90000	0.16
1789534605	1758	counted	train	90000	0.31
1789534606	1758	counted	train	90000	0.61
1789534606	1758	counted	train	90000	0.38
1789534606	1758	counted	train	90000	0.26
1789534607	1758	counted	train	90000	0.50
1789534607	1758	counted	train	90000	0.33
1789534608	1758	counted	train	90000	0.55
1789534608	1758	counted	train	90000	0.36
1789534608	1758	counted	train	90000	0.23
1789534609	1758	counted	train	90000	0.44
1789534610	1758	counted	train	90000	0.78
1789534610	1758	counted	train	90000	0.20
1789534610	1758	counted	train	90000	0.35
1789534611	1758	counted	train	90000	0.62
1789534612	1758	counted	train	90000	0.39
1789534612	1758	counted	train	90000	0.25
1789534612	1758	counted	train	90000	0.49
1789534613	1758	counted	train	90000	0.29
1789534613	1758	counted	train	90000	0.51
1789534614	1758	counted	train	90000	0.34
1789534614	1758	counted	train	90000	0.23
1789534614	1758	counted	train	90000	0.41
1789534615	1758	counted	train	90000	0.80
1789534616	1758	counted	train	90000	0.18
1789534616	1758	counted	train	90000	0.31
1789534616	1758	counted	train	90000	0.57
1789534617	1758	counted	train	90000	0.40
1789534617	1758	counted	train	90000	0.24
1789534618	1758	counted	train	90000	0.48
1789534618	1758	counted	train	90000	0.31
1789534619	1758	counted	train	90000	0.56
1789534619	1758	counted	train	90000	0.38
1789534619	1758	counted	train	90000	0.25
1789534620	1758	counted	train	90000	0.45
1789534621	1758	counted	train	90000	0.85
1789534621	1758	counted	train	90000	0.18
1789534621	1758	counted	train	90000	0.34
1789534622	1758	counted	train	90000	0.66
1789534623	1758	counted	train	90000	0.43
1789534623	1758	counted	train	90000	0.29
1789534624	1758	counted	train	90000	0.49
1789534624	1758	counted	train	90000	0.32
1789534624	1758	counted	train	90000	0.54
1789534625	1758	counted	train	90000	0.36
1789534625	1758	counted	train	90000	0.23
1789534626	1758	counted	train	90000	0.42
1789534627	1758	counted	train	90000	0.84
1789534627	1758	counted	train	90000	0.19
1789534627	1758	counted	train	90000	0.35
1789534628	1758	counted	train	90000	0.62
1789534628	1758	counted	train	90000	0.41
1789534629	1758	counted	train	90000	0.26
1789534629	1758	counted	train	90000	0.48
1789534629	1758	counted	train	90000	0.30
1789534630	1758	counted	train	90000	0.58
1789534631	1758	counted	train	90000	0.38
1789534631	1758	counted	train	90000	0.22
1789534631	1758	counted	train	90000	0.47
1789534632	1758	counted	train	90000	0.74
1789534632	1758	counted	train	90000	0.19
1789534633	1758	counted	train	90000	0.31
1789534633	1758	counted	train	90000	0.60
1789534634	1758	counted	train	90000	0.40
1789534634	1758	counted	train	90000	0.27
1789534635	1758	counted	train	90000	0.47
1789534635	1758	counted	train	90000	0.31
1789534636	1758	counted	train	90000	0.54
1789534636	1758	counted	train	90000	0.35
1789534636	1758	counted	train	90000	0.24
1789534637	1758	counted	train	90000	0.40
1789534638	1758	counted	train	90000	0.81
1789534638	1758	counted	train	90000	0.19
1789534638	1758	counted	train	90000	0.37
1789534639	1758	counted	train	90000	0.63
1789534639	1758	counted	train	90000	0.41
1789534640	1758	counted	train	90000	0.26
1789534640	1758	counted	train	90000	0.52
1789534641	1758	counted	train	90000	0.31
1789534641	1758	counted	train	90000	0.55
1789534642	1758	counted	train	90000	0.37
1789534642	1758	counted	train	90000	0.23
1789534642	1758	counted	train	90000	0.42
1789534643	1758	counted	train	90000	0.84
1789534643	1758	counted	train	90000	0.17
1789534644	1758	counted	train	90000	0.31
1789534644	1758	counted	train	90000	0.55
1789534645	1758	counted	train	90000	0.40
1789534645	1758	counted	train	90000	0.25
1789534646	1758	counted	train	90000	0.47
1789534646	1758	counted	train	90000	0.30
1789534647	1758	counted	train	90000	0.54
1789534680	1798	exempt	train	90000	0.17
1789534681	1798	exempt	train	90000	0.30
1789534681	1798	exempt	train	90000	0.65
1789534682	1798	exempt	train	90000	0.37
1789534682	1798	exempt	train	90000	0.25
1789534683	1798	exempt	train	90000	0.41
1789534683	1798	exempt	train	90000	0.29
1789534683	1798	exempt	train	90000	0.51
1789534684	1798	exempt	train	90000	0.32
1789534684	1798	exempt	train	90000	0.21
1789534684	1798	exempt	train	90000	0.41
1789534685	1798	exempt	train	90000	0.79
1789534686	1798	exempt	train	90000	0.15
1789534686	1798	exempt	train	90000	0.30
1789534686	1798	exempt	train	90000	0.56
1789534687	1798	exempt	train	90000	0.34
1789534687	1798	exempt	train	90000	0.23
1789534688	1798	exempt	train	90000	0.42
1789534688	1798	exempt	train	90000	0.28
1789534688	1798	exempt	train	90000	0.53
1789534689	1798	exempt	train	90000	0.34
1789534689	1798	exempt	train	90000	0.23
1789534690	1798	exempt	train	90000	0.42
1789534690	1798	exempt	train	90000	0.74
1789534691	1798	exempt	train	90000	0.18
1789534691	1798	exempt	train	90000	0.29
1789534691	1798	exempt	train	90000	0.53
1789534692	1798	exempt	train	90000	0.36
1789534692	1798	exempt	train	90000	0.22
1789534693	1798	exempt	train	90000	0.45
1789534693	1798	exempt	train	90000	0.27
1789534693	1798	exempt	train	90000	0.52
1789534694	1798	exempt	train	90000	0.32
1789534694	1798	exempt	train	90000	0.22
1789534695	1798	exempt	train	90000	0.36
1789534695	1798	exempt	train	90000	0.72
1789534695	1798	exempt	train	90000	0.16
1789534696	1798	exempt	train	90000	0.31
1789534696	1798	exempt	train	90000	0.58
1789534697	1798	exempt	train	90000	0.37
1789534697	1798	exempt	train	90000	0.23
1789534698	1798	exempt	train	90000	0.44
1789534698	1798	exempt	train	90000	0.27
1789534699	1798	exempt	train	90000	0.51
1789534699	1798	exempt	train	90000	0.33
1789534699	1798	exempt	train	90000	0.20
1789534700	1798	exempt	train	90000	0.37
1789534700	1798	exempt	train	90000	0.71
1789534700	1798	exempt	train	90000	0.16
1789534701	1798	exempt	train	90000	0.32
1789534701	1798	exempt	train	90000	0.55
1789534702	1798	exempt	train	90000	0.36
1789534702	1798	exempt	train	90000	0.25
1789534703	1798	exempt	train	90000	0.42
1789534703	1798	exempt	train	90000	0.27
1789534703	1798	exempt	train	90000	0.54
1789534704	1798	exempt	train	90000	0.32
1789534704	1798	exempt	train	90000	0.21
1789534705	1798	exempt	train	90000	0.40
1789534705	1798	exempt	train	90000	0.73
1789534705	1798	exempt	train	90000	0.16
1789534706	1798	exempt	train	90000	0.29
1789534706	1798	exempt	train	90000	0.53
1789534707	1798	exempt	train	90000	0.37
1789534707	1798	exempt	train	90000	0.22
1789534708	1798	exempt	train	90000	0.42
1789534708	1798	exempt	train	90000	0.28
1789534708	1798	exempt	train	90000	0.56
1789534709	1798	exempt	train	90000	0.36
1789534709	1798	exempt	train	90000	0.21
1789534710	1798	exempt	train	90000	0.38
1789534710	1798	exempt	train	90000	0.69
1789534710	1798	exempt	train	90000	0.16
1789534711	1798	exempt	train	90000	0.27
1789534711	1798	exempt	train	90000	0.53
1789534712	1798	exempt	train	90000	0.35
1789534712	1798	exempt	train	90000	0.23
1789534713	1798	exempt	train	90000	0.42
1789534713	1798	exempt	train	90000	0.27
1789534713	1798	exempt	train	90000	0.47
1789534714	1798	exempt	train	90000	0.31
1789534714	1798	exempt	train	90000	0.19
1789534714	1798	exempt	train	90000	0.33
1789534715	1798	exempt	train	90000	0.68
1789534715	1798	exempt	train	90000	0.18
1789534716	1798	exempt	train	90000	0.30
1789534716	1798	exempt	train	90000	0.56
1789534717	1798	exempt	train	90000	0.36
1789534717	1798	exempt	train	90000	0.21
1789534717	1798	exempt	train	90000	0.44
1789534718	1798	exempt	train	90000	0.29
1789534718	1798	exempt	train	90000	0.49
1789534719	1798	exempt	train	90000	0.33
1789534719	1798	exempt	train	90000	0.22
1789534719	1798	exempt	train	90000	0.38
1789534720	1798	exempt	train	90000	0.73
1789534720	1798	exempt	train	90000	0.17
1789534721	1798	exempt	train	90000	0.32
1789534721	1798	exempt	train	90000	0.55
1789534722	1798	exempt	train	90000	0.41
1789534722	1798	exempt	train	90000	0.23
1789534722	1798	exempt	train	90000	0.40
1789534723	1798	exempt	train	90000	0.28
1789534723	1798	exempt	train	90000	0.52
1789534724	1798	exempt	train	90000	0.33
1789534724	1798	exempt	train	90000	0.22
1789534724	1798	exempt	train	90000	0.38
1789534725	1798	exempt	train	90000	0.69
1789534725	1798	exempt	train	90000	0.19
1789534726	1798	exempt	train	90000	0.27
1789534726	1798	exempt	train	90000	0.54
1789534727	1798	exempt	train	90000	0.39
1789534727	1798	exempt	train	90000	0.25
1789534727	1798	exempt	train	90000	0.43
1789534728	1798	exempt	train	90000	0.28
1789534728	1798	exempt	train	90000	0.52
1789534729	1798	exempt	train	90000	0.32
1789534729	1798	exempt	train	90000	0.22
1789534729	1798	exempt	train	90000	0.35
1789534730	1798	exempt	train	90000	0.70
1789534730	1798	exempt	train	90000	0.15
1789534730	1798	exempt	train	90000	0.30
1789534731	1798	exempt	train	90000	0.58
1789534731	1798	exempt	train	90000	0.34
1789534732	1798	exempt	train	90000	0.22
1789534732	1798	exempt	train	90000	0.39
1789534732	1798	exempt	train	90000	0.27
1789534733	1798	exempt	train	90000	0.49
1789534733	1798	exempt	train	90000	0.30
1789534734	1798	exempt	train	90000	0.19
1789534734	1798	exempt	train	90000	0.35
1789534735	1798	exempt	train	90000	0.70
1789534735	1798	exempt	train	90000	0.16
1789534735	1798	exempt	train	90000	0.29
1789534736	1798	exempt	train	90000	0.53
1789534736	1798	exempt	train	90000	0.34
1789534736	1798	exempt	train	90000	0.21
1789534737	1798	exempt	train	90000	0.41
1789534737	1798	exempt	train	90000	0.27
1789534738	1798	exempt	train	90000	0.49
1789534738	1798	exempt	train	90000	0.31
1789534738	1798	exempt	train	90000	0.20
1789534739	1798	exempt	train	90000	0.35
1789534739	1798	exempt	train	90000	0.68
1789534740	1798	exempt	train	90000	0.14
1789534740	1798	exempt	train	90000	0.28
1789534740	1798	exempt	train	90000	0.52
1789534741	1798	exempt	train	90000	0.34
1789534741	1798	exempt	train	90000	0.21
1789534742	1798	exempt	train	90000	0.41
1789534742	1798	exempt	train	90000	0.28
1789534742	1798	exempt	train	90000	0.51
1789534743	1798	exempt	train	90000	0.31
1789534743	1798	exempt	train	90000	0.22
1789534743	1798	exempt	train	90000	0.35
1789534744	1798	exempt	train	90000	0.69
1789534744	1798	exempt	train	90000	0.15
1789534745	1798	exempt	train	90000	0.28
1789534745	1798	exempt	train	90000	0.54
1789534746	1798	exempt	train	90000	0.34
1789534746	1798	exempt	train	90000	0.22
1789534746	1798	exempt	train	90000	0.41
1789534747	1798	exempt	train	90000	0.26
1789534747	1798	exempt	train	90000	0.49
1789534748	1798	exempt	train	90000	0.32
1789534748	1798	exempt	train	90000	0.22
1789534748	1798	exempt	train	90000	0.37
1789534749	1798	exempt	train	90000	0.72
1789534749	1798	exempt	train	90000	0.15
1789534750	1798	exempt	train	90000	0.28
1789534750	1798	exempt	train	90000	0.56
1789534751	1798	exempt	train	90000	0.36
1789534751	1798	exempt	train	90000	0.24
1789534751	1798	exempt	train	90000	0.42
1789534752	1798	exempt	train	90000	0.28
1789534752	1798	exempt	train	90000	0.48
1789534753	1798	exempt	train	90000	0.33
1789534753	1798	exempt	train	90000	0.20
1789534753	1798	exempt	train	90000	0.42
1789534754	1798	exempt	train	90000	0.74
1789534754	1798	exempt	train	90000	0.17
1789534755	1798	exempt	train	90000	0.29
1789534755	1798	exempt	train	90000	0.55
1789534756	1798	exempt	train	90000	0.35
1789534756	1798	exempt	train	90000	0.23
1789534756	1798	exempt	train	90000	0.43
1789534757	1798	exempt	train	90000	0.28
1789534757	1798	exempt	train	90000	0.50
1789534758	1798	exempt	train	90000	0.33
1789534758	1798	exempt	train	90000	0.21
1789534758	1798	exempt	train	90000	0.42
1789534759	1798	exempt	train	90000	0.71
1789534759	1798	exempt	train	90000	0.16
1789534760	1798	exempt	train	90000	0.31
1789534760	1798	exempt	train	90000	0.60
1789534761	1798	exempt	train	90000	0.37
1789534761	1798	exempt	train	90000	0.26
1789534761	1798	exempt	train	90000	0.45
1789534762	1798	exempt	train	90000	0.28
1789534762	1798	exempt	train	90000	0.52
