ts	pid	kind	api	rows	seconds
1789640974	197	counted	train	100000	0.17
1789641046	341	counted	train	100000	0.35
1789641063	466	counted	train	100000	2.01
1789641088	553	counted	train	84984	1.11
1789641109	707	counted	train	100000	0.15
1789641148	790	exempt	train	100000	0.33
1789641148	790	exempt	train	100000	0.62
1789641149	790	exempt	train	100000	0.87
1789641150	790	exempt	train	100000	0.18
1789641151	790	exempt	train	100000	1.13
1789641152	790	exempt	train	100000	0.33
1789641152	790	exempt	train	100000	0.62
1789641153	790	exempt	train	100000	0.89
1789641154	790	exempt	train	100000	0.19
1789641155	790	exempt	train	100000	1.12
1789641156	790	exempt	train	100000	0.33
1789641156	790	exempt	train	100000	0.64
1789641157	790	exempt	train	100000	0.90
1789641158	790	exempt	train	100000	0.20
1789641159	790	exempt	train	100000	1.12
1789641160	790	exempt	train	100000	0.40
1789641161	790	exempt	train	100000	0.77
1789641162	790	exempt	train	100000	1.10
1789641163	790	exempt	train	100000	0.22
1789641164	790	exempt	train	100000	1.31
1789641165	790	exempt	train	100000	0.38
1789641166	790	exempt	train	100000	0.74
1789641167	790	exempt	train	100000	1.04
1789641167	790	exempt	train	100000	0.21
1789641169	790	exempt	train	100000	1.30
1789641170	790	exempt	train	100000	0.37
1789641171	790	exempt	train	100000	0.71
1789641172	790	exempt	train	100000	0.97
1789641172	790	exempt	train	100000	0.20
1789641173	790	exempt	train	100000	1.25
1789641174	790	exempt	train	100000	0.36
1789641175	790	exempt	train	100000	0.71
1789641176	790	exempt	train	100000	0.98
1789641177	790	exempt	train	100000	0.20
1789641178	790	exempt	train	100000	1.28
1789641202	912	exempt	train	100000	0.14
1789641203	912	exempt	train	100000	0.15
1789641203	912	exempt	train	100000	0.33
1789641204	912	exempt	train	100000	0.16
1789641204	912	exempt	train	100000	0.15
1789641204	912	exempt	train	100000	0.15
1789641205	912	exempt	train	100000	0.15
1789641205	912	exempt	train	100000	0.17
1789641206	912	exempt	train	100000	0.18
1789641206	912	exempt	train	100000	0.10
1789641206	912	exempt	train	100000	0.12
1789641206	912	exempt	train	100000	0.21
1789641207	912	exempt	train	100000	0.27
1789641207	912	exempt	train	100000	0.11
1789641207	912	exempt	train	100000	0.20
1789641208	912	exempt	train	100000	0.24
1789641208	912	exempt	train	100000	0.15
1789641208	912	exempt	train	100000	0.15
1789641209	912	exempt	train	100000	0.29
1789641209	912	exempt	train	100000	0.15
1789641228	964	exempt	train	100000	0.15
1789641228	964	exempt	train	100000	0.14
1789641228	964	exempt	train	100000	0.15
1789641229	964	exempt	train	100000	0.15
1789641229	964	exempt	train	100000	0.15
1789641229	964	exempt	train	100000	0.15
1789641229	964	exempt	train	100000	0.15
1789641229	964	exempt	train	100000	0.15
1789641230	964	exempt	train	100000	0.15
1789641230	964	exempt	train	100000	0.15
1789641230	964	exempt	train	100000	0.15
1789641230	964	exempt	train	100000	0.16
1789641230	964	exempt	train	100000	0.17
1789641231	964	exempt	train	100000	0.16
1789641231	964	exempt	train	100000	0.15
1789641231	964	exempt	train	100000	0.15
1789641232	964	exempt	train	100000	0.13
1789641232	964	exempt	train	100000	0.12
1789641232	964	exempt	train	100000	0.12
1789641232	964	exempt	train	100000	0.12
1789641232	964	exempt	train	100000	0.12
1789641232	964	exempt	train	100000	0.12
1789641233	964	exempt	train	100000	0.16
1789641233	964	exempt	train	100000	0.16
1789641233	964	exempt	train	100000	0.16
1789641233	964	exempt	train	100000	0.16
1789641234	964	exempt	train	100000	0.17
1789641234	964	exempt	train	100000	0.16
1789641234	964	exempt	train	100000	0.16
1789641234	964	exempt	train	100000	0.16
1789641234	964	exempt	train	100000	0.16
1789641235	964	exempt	train	100000	0.16
1789641235	964	exempt	train	100000	0.16
1789641235	964	exempt	train	100000	0.15
1789641235	964	exempt	train	100000	0.15
1789641236	964	exempt	train	100000	0.16
1789641236	964	exempt	train	100000	0.16
1789641236	964	exempt	train	100000	0.14
1789641236	964	exempt	train	100000	0.13
1789641237	964	exempt	train	100000	0.13
1789641237	964	exempt	train	100000	0.13
1789641237	964	exempt	train	100000	0.13
1789641237	964	exempt	train	100000	0.14
1789641237	964	exempt	train	100000	0.15
1789641238	964	exempt	train	100000	0.14
1789641238	964	exempt	train	100000	0.14
1789641238	964	exempt	train	100000	0.14
1789641238	964	exempt	train	100000	0.14
1789641238	964	exempt	train	100000	0.14
1789641239	964	exempt	train	100000	0.14
1789641239	964	exempt	train	100000	0.14
1789641239	964	exempt	train	100000	0.14
1789641239	964	exempt	train	100000	0.14
1789641240	964	exempt	train	100000	0.14
1789641240	964	exempt	train	100000	0.14
1789641240	964	exempt	train	100000	0.14
1789641240	964	exempt	train	100000	0.14
1789641240	964	exempt	train	100000	0.12
1789641241	964	exempt	train	100000	0.11
1789641241	964	exempt	train	100000	0.11
1789641241	964	exempt	train	100000	0.11
1789641241	964	exempt	train	100000	0.11
1789641242	964	exempt	train	100000	0.14
1789641242	964	exempt	train	100000	0.17
1789641242	964	exempt	train	100000	0.15
1789641242	964	exempt	train	100000	0.11
1789641243	964	exempt	train	100000	0.15
1789641243	964	exempt	train	100000	0.11
1789641243	964	exempt	train	100000	0.15
1789641243	964	exempt	train	100000	0.12
1789641256	1016	exempt	train	100000	0.07
1789641256	1016	exempt	train	100000	0.07
1789641256	1016	exempt	train	100000	0.07
1789641256	1016	exempt	train	100000	0.07
1789641256	1016	exempt	train	100000	0.07
1789641256	1016	exempt	train	100000	0.07
1789641256	1016	exempt	train	100000	0.07
1789641256	1016	exempt	train	100000	0.07
1789641257	1016	exempt	train	100000	0.07
1789641257	1016	exempt	train	100000	0.07
1789641257	1016	exempt	train	100000	0.07
1789641257	1016	exempt	train	100000	0.07
1789641257	1016	exempt	train	100000	0.07
1789641257	1016	exempt	train	100000	0.07
1789641257	1016	exempt	train	100000	0.07
1789641257	1016	exempt	train	100000	0.07
1789641258	1016	exempt	train	100000	0.07
1789641258	1016	exempt	train	100000	0.07
1789641258	1016	exempt	train	100000	0.07
1789641258	1016	exempt	train	100000	0.07
1789641258	1016	exempt	train	100000	0.08
1789641258	1016	exempt	train	100000	0.08
1789641258	1016	exempt	train	100000	0.08
1789641259	1016	exempt	train	100000	0.08
1789641259	1016	exempt	train	100000	0.08
1789641259	1016	exempt	train	100000	0.10
1789641259	1016	exempt	train	100000	0.10
1789641259	1016	exempt	train	100000	0.09
1789641259	1016	exempt	train	100000	0.10
1789641259	1016	exempt	train	100000	0.10
1789641260	1016	exempt	train	100000	0.10
1789641260	1016	exempt	train	100000	0.10
1789641260	1016	exempt	train	100000	0.09
1789641260	1016	exempt	train	100000	0.10
1789641260	1016	exempt	train	100000	0.10
1789641260	1016	exempt	train	100000	0.10
1789641261	1016	exempt	train	100000	0.09
1789641261	1016	exempt	train	100000	0.10
1789641261	1016	exempt	train	100000	0.10
1789641261	1016	exempt	train	100000	0.10
1789641261	1016	exempt	train	100000	0.10
1789641261	1016	exempt	train	100000	0.11
1789641262	1016	exempt	train	100000	0.10
1789641262	1016	exempt	train	100000	0.10
1789641262	1016	exempt	train	100000	0.10
1789641262	1016	exempt	train	100000	0.10
1789641262	1016	exempt	train	100000	0.10
1789641262	1016	exempt	train	100000	0.10
1789641263	1016	exempt	train	100000	0.11
1789641263	1016	exempt	train	100000	0.10
1789641263	1016	exempt	train	100000	0.11
1789641263	1016	exempt	train	100000	0.11
1789641263	1016	exempt	train	100000	0.11
1789641263	1016	exempt	train	100000	0.11
1789641264	1016	exempt	train	100000	0.12
1789641264	1016	exempt	train	100000	0.12
1789641264	1016	exempt	train	100000	0.12
1789641264	1016	exempt	train	100000	0.11
1789641264	1016	exempt	train	100000	0.12
1789641265	1016	exempt	train	100000	0.11
1789641265	1016	exempt	train	100000	0.11
1789641265	1016	exempt	train	100000	0.11
1789641265	1016	exempt	train	100000	0.12
1789641265	1016	exempt	train	100000	0.12
1789641265	1016	exempt	train	100000	0.12
1789641266	1016	exempt	train	100000	0.12
1789641266	1016	exempt	train	100000	0.12
1789641266	1016	exempt	train	100000	0.12
1789641266	1016	exempt	train	100000	0.13
1789641266	1016	exempt	train	100000	0.13
1789641267	1016	exempt	train	100000	0.13
1789641267	1016	exempt	train	100000	0.13
1789641267	1016	exempt	train	100000	0.12
1789641267	1016	exempt	train	100000	0.12
1789641267	1016	exempt	train	100000	0.13
1789641268	1016	exempt	train	100000	0.12
1789641268	1016	exempt	train	100000	0.12
1789641268	1016	exempt	train	100000	0.13
1789641268	1016	exempt	train	100000	0.12
1789641268	1016	exempt	train	100000	0.13
1789641269	1016	exempt	train	100000	0.13
1789641269	1016	exempt	train	100000	0.13
1789641269	1016	exempt	train	100000	0.12
1789641269	1016	exempt	train	100000	0.13
1789641269	1016	exempt	train	100000	0.12
1789641269	1016	exempt	train	100000	0.13
1789641270	1016	exempt	train	100000	0.13
1789641270	1016	exempt	train	100000	0.13
1789641270	1016	exempt	train	100000	0.13
1789641270	1016	exempt	train	100000	0.13
1789641270	1016	exempt	train	100000	0.13
1789641271	1016	exempt	train	100000	0.13
1789641271	1016	exempt	train	100000	0.13
1789641271	1016	exempt	train	100000	0.13
1789641271	1016	exempt	train	100000	0.13
1789641271	1016	exempt	train	100000	0.12
1789641272	1016	exempt	train	100000	0.13
1789641272	1016	exempt	train	100000	0.13
1789641272	1016	exempt	train	100000	0.13
1789641272	1016	exempt	train	100000	0.13
1789641272	1016	exempt	train	100000	0.15
1789641273	1016	exempt	train	100000	0.15
1789641273	1016	exempt	train	100000	0.16
1789641273	1016	exempt	train	100000	0.15
1789641273	1016	exempt	train	100000	0.15
1789641274	1016	exempt	train	100000	0.15
1789641274	1016	exempt	train	100000	0.16
1789641274	1016	exempt	train	100000	0.16
1789641274	1016	exempt	train	100000	0.16
1789641274	1016	exempt	train	100000	0.17
1789641275	1016	exempt	train	100000	0.15
1789641275	1016	exempt	train	100000	0.40
1789641275	1016	exempt	train	100000	0.15
1789641276	1016	exempt	train	100000	0.15
1789641276	1016	exempt	train	100000	0.15
1789641276	1016	exempt	train	100000	0.15
1789641276	1016	exempt	train	100000	0.15
1789641276	1016	exempt	train	100000	0.16
1789641277	1016	exempt	train	100000	0.15
1789641277	1016	exempt	train	100000	0.16
1789641277	1016	exempt	train	100000	0.16
1789641277	1016	exempt	train	100000	0.16
1789641278	1016	exempt	train	100000	0.16
1789641278	1016	exempt	train	100000	0.15
1789641278	1016	exempt	train	100000	0.16
1789641278	1016	exempt	train	100000	0.16
1789641279	1016	exempt	train	100000	0.16
1789641279	1016	exempt	train	100000	0.16
1789641279	1016	exempt	train	100000	0.17
1789641279	1016	exempt	train	100000	0.16
1789641280	1016	exempt	train	100000	0.15
1789641280	1016	exempt	train	100000	0.17
1789641280	1016	exempt	train	100000	0.15
1789641280	1016	exempt	train	100000	0.16
1789641280	1016	exempt	train	100000	0.15
1789641281	1016	exempt	train	100000	0.15
1789641281	1016	exempt	train	100000	0.15
1789641281	1016	exempt	train	100000	0.15
1789641281	1016	exempt	train	100000	0.15
1789641282	1016	exempt	train	100000	0.16
1789641282	1016	exempt	train	100000	0.15
1789641282	1016	exempt	train	100000	0.15
1789641282	1016	exempt	train	100000	0.15
1789641282	1016	exempt	train	100000	0.15
1789641283	1016	exempt	train	100000	0.15
1789641283	1016	exempt	train	100000	0.15
1789641283	1016	exempt	train	100000	0.15
1789641283	1016	exempt	train	100000	0.15
1789641284	1016	exempt	train	100000	0.15
1789641284	1016	exempt	train	100000	0.16
1789641284	1016	exempt	train	100000	0.13
1789641284	1016	exempt	train	100000	0.12
1789641284	1016	exempt	train	100000	0.12
1789641285	1016	exempt	train	100000	0.12
1789641285	1016	exempt	train	100000	0.13
1789641285	1016	exempt	train	100000	0.13
1789641285	1016	exempt	train	100000	0.13
1789641285	1016	exempt	train	100000	0.12
1789641285	1016	exempt	train	100000	0.13
1789641286	1016	exempt	train	100000	0.13
1789641286	1016	exempt	train	100000	0.13
1789641286	1016	exempt	train	100000	0.13
1789641286	1016	exempt	train	100000	0.12
1789641286	1016	exempt	train	100000	0.13
1789641287	1016	exempt	train	100000	0.13
1789641287	1016	exempt	train	100000	0.13
1789641287	1016	exempt	train	100000	0.13
1789641287	1016	exempt	train	100000	0.12
1789641287	1016	exempt	train	100000	0.13
1789641288	1016	exempt	train	100000	0.13
1789641288	1016	exempt	train	100000	0.13
1789641288	1016	exempt	train	100000	0.13
1789641288	1016	exempt	train	100000	0.12
1789641288	1016	exempt	train	100000	0.13
1789641289	1016	exempt	train	100000	0.13
1789641289	1016	exempt	train	100000	0.12
1789641289	1016	exempt	train	100000	0.13
1789641289	1016	exempt	train	100000	0.12
1789641289	1016	exempt	train	100000	0.13
1789641290	1016	exempt	train	100000	0.12
1789641290	1016	exempt	train	100000	0.12
1789641290	1016	exempt	train	100000	0.13
1789641290	1016	exempt	train	100000	0.12
1789641290	1016	exempt	train	100000	0.12
1789641291	1016	exempt	train	100000	0.12
1789641291	1016	exempt	train	100000	0.12
1789641291	1016	exempt	train	100000	0.13
1789641291	1016	exempt	train	100000	0.12
1789641291	1016	exempt	train	100000	0.12
1789641291	1016	exempt	train	100000	0.13
1789641292	1016	exempt	train	100000	0.12
1789641292	1016	exempt	train	100000	0.12
1789641292	1016	exempt	train	100000	0.12
1789641292	1016	exempt	train	100000	0.12
1789641292	1016	exempt	train	100000	0.13
1789641293	1016	exempt	train	100000	0.12
1789641293	1016	exempt	train	100000	0.13
1789641293	1016	exempt	train	100000	0.12
1789641293	1016	exempt	train	100000	0.12
1789641293	1016	exempt	train	100000	0.14
1789641294	1016	exempt	train	100000	0.25
1789641294	1016	exempt	train	100000	0.25
1789641294	1016	exempt	train	100000	0.25
1789641295	1016	exempt	train	100000	0.25
1789641295	1016	exempt	train	100000	0.26
1789641295	1016	exempt	train	100000	0.26
1789641296	1016	exempt	train	100000	0.26
1789641296	1016	exempt	train	100000	0.25
1789641296	1016	exempt	train	100000	0.25
1789641297	1016	exempt	train	100000	0.25
1789641297	1016	exempt	train	100000	0.20
1789641297	1016	exempt	train	100000	0.21
1789641298	1016	exempt	train	100000	0.21
1789641298	1016	exempt	train	100000	0.21
1789641298	1016	exempt	train	100000	0.20
1789641298	1016	exempt	train	100000	0.20
1789641299	1016	exempt	train	100000	0.21
1789641299	1016	exempt	train	100000	0.21
1789641299	1016	exempt	train	100000	0.22
1789641300	1016	exempt	train	100000	0.21
1789641300	1016	exempt	train	100000	0.10
1789641300	1016	exempt	train	100000	0.13
1789641300	1016	exempt	train	100000	0.16
1789641300	1016	exempt	train	100000	0.11
1789641301	1016	exempt	train	100000	0.13
1789641301	1016	exempt	train	100000	0.12
1789641301	1016	exempt	train	100000	0.15
1789641301	1016	exempt	train	100000	0.10
1789641301	1016	exempt	train	100000	0.13
1789641302	1016	exempt	train	100000	0.16
1789641311	1090	counted	train	100000	0.14
1789641311	1090	counted	train	100000	0.14
1789641311	1090	counted	train	100000	0.13
1789641311	1090	counted	train	100000	0.12
1789641311	1090	counted	train	100000	0.12
1789641311	1090	counted	train	100000	0.12
1789641311	1090	counted	train	100000	0.13
1789641312	1090	counted	train	100000	0.13
1789641312	1090	counted	train	100000	0.13
1789641312	1090	counted	train	100000	0.13
1789641346	1169	exempt	train	100000	0.12
1789641346	1169	exempt	train	100000	0.12
1789641346	1169	exempt	train	100000	0.12
1789641346	1169	exempt	train	100000	0.12
1789641347	1169	exempt	train	100000	0.12
1789641347	1169	exempt	train	100000	0.12
1789641347	1169	exempt	train	100000	0.13
1789641347	1169	exempt	train	100000	0.12
1789641347	1169	exempt	train	100000	0.12
1789641348	1169	exempt	train	100000	0.12
1789641348	1169	exempt	train	100000	0.20
1789641348	1169	exempt	train	100000	0.20
1789641348	1169	exempt	train	100000	0.20
1789641349	1169	exempt	train	100000	0.21
1789641349	1169	exempt	train	100000	0.20
1789641349	1169	exempt	train	100000	0.21
1789641350	1169	exempt	train	100000	0.20
1789641350	1169	exempt	train	100000	0.21
1789641350	1169	exempt	train	100000	0.21
1789641350	1169	exempt	train	100000	0.20
1789641351	1169	exempt	train	100000	0.16
1789641351	1169	exempt	train	100000	0.16
1789641351	1169	exempt	train	100000	0.16
1789641351	1169	exempt	train	100000	0.17
1789641352	1169	exempt	train	100000	0.16
1789641352	1169	exempt	train	100000	0.16
1789641352	1169	exempt	train	100000	0.16
1789641352	1169	exempt	train	100000	0.16
1789641353	1169	exempt	train	100000	0.16
1789641353	1169	exempt	train	100000	0.17
1789641353	1169	exempt	train	100000	0.12
1789641353	1169	exempt	train	100000	0.12
1789641353	1169	exempt	train	100000	0.12
1789641354	1169	exempt	train	100000	0.12
1789641354	1169	exempt	train	100000	0.12
1789641354	1169	exempt	train	100000	0.12
1789641354	1169	exempt	train	100000	0.12
1789641354	1169	exempt	train	100000	0.12
1789641354	1169	exempt	train	100000	0.12
1789641355	1169	exempt	train	100000	0.12
1789641355	1169	exempt	train	100000	0.12
1789641355	1169	exempt	train	100000	0.12
1789641355	1169	exempt	train	100000	0.12
1789641355	1169	exempt	train	100000	0.13
1789641356	1169	exempt	train	100000	0.12
1789641356	1169	exempt	train	100000	0.13
1789641356	1169	exempt	train	100000	0.12
1789641356	1169	exempt	train	100000	0.12
1789641356	1169	exempt	train	100000	0.12
1789641357	1169	exempt	train	100000	0.12
1789641357	1169	exempt	train	100000	0.13
1789641357	1169	exempt	train	100000	0.13
1789641357	1169	exempt	train	100000	0.12
1789641357	1169	exempt	train	100000	0.12
1789641358	1169	exempt	train	100000	0.13
1789641358	1169	exempt	train	100000	0.13
1789641358	1169	exempt	train	100000	0.13
1789641358	1169	exempt	train	100000	0.12
1789641358	1169	exempt	train	100000	0.12
1789641359	1169	exempt	train	100000	0.13
1789641359	1169	exempt	train	100000	0.12
1789641359	1169	exempt	train	100000	0.12
1789641359	1169	exempt	train	100000	0.12
1789641359	1169	exempt	train	100000	0.12
1789641359	1169	exempt	train	100000	0.12
1789641360	1169	exempt	train	100000	0.12
1789641360	1169	exempt	train	100000	0.12
1789641360	1169	exempt	train	100000	0.12
1789641360	1169	exempt	train	100000	0.12
1789641360	1169	exempt	train	100000	0.13
1789641361	1169	exempt	train	100000	0.12
1789641361	1169	exempt	train	100000	0.12
1789641361	1169	exempt	train	100000	0.12
1789641361	1169	exempt	train	100000	0.12
1789641361	1169	exempt	train	100000	0.12
1789641362	1169	exempt	train	100000	0.12
1789641362	1169	exempt	train	100000	0.12
1789641362	1169	exempt	train	100000	0.12
1789641362	1169	exempt	train	100000	0.12
1789641362	1169	exempt	train	100000	0.12
1789641362	1169	exempt	train	100000	0.12
1789641363	1169	exempt	train	100000	0.12
1789641363	1169	exempt	train	100000	0.12
1789641363	1169	exempt	train	100000	0.12
1789641363	1169	exempt	train	100000	0.12
1789641363	1169	exempt	train	100000	0.12
1789641364	1169	exempt	train	100000	0.13
1789641364	1169	exempt	train	100000	0.13
1789641364	1169	exempt	train	100000	0.12
1789641364	1169	exempt	train	100000	0.12
1789641364	1169	exempt	train	100000	0.13
1789641365	1169	exempt	train	100000	0.13
1789641365	1169	exempt	train	100000	0.12
1789641365	1169	exempt	train	100000	0.13
1789641365	1169	exempt	train	100000	0.12
1789641365	1169	exempt	train	100000	0.12
1789641366	1169	exempt	train	100000	0.13
1789641366	1169	exempt	train	100000	0.12
1789641366	1169	exempt	train	100000	0.13
1789641366	1169	exempt	train	100000	0.12
1789641366	1169	exempt	train	100000	0.12
1789641366	1169	exempt	train	100000	0.12
1789641367	1169	exempt	train	100000	0.12
1789641367	1169	exempt	train	100000	0.12
1789641367	1169	exempt	train	100000	0.13
1789641367	1169	exempt	train	100000	0.13
1789641367	1169	exempt	train	100000	0.12
1789641368	1169	exempt	train	100000	0.12
1789641368	1169	exempt	train	100000	0.12
1789641368	1169	exempt	train	100000	0.12
1789641368	1169	exempt	train	100000	0.26
1789641369	1169	exempt	train	100000	0.26
1789641369	1169	exempt	train	100000	0.26
1789641369	1169	exempt	train	100000	0.26
1789641370	1169	exempt	train	100000	0.27
1789641370	1169	exempt	train	100000	0.25
1789641370	1169	exempt	train	100000	0.26
1789641371	1169	exempt	train	100000	0.26
1789641371	1169	exempt	train	100000	0.27
1789641371	1169	exempt	train	100000	0.26
1789641372	1169	exempt	train	100000	0.10
1789641372	1169	exempt	train	100000	0.10
1789641372	1169	exempt	train	100000	0.13
1789641372	1169	exempt	train	100000	0.13
1789641372	1169	exempt	train	100000	0.16
1789641373	1169	exempt	train	100000	0.16
1789641373	1169	exempt	train	100000	0.13
1789641373	1169	exempt	train	100000	0.12
1789641373	1169	exempt	train	100000	0.10
1789641373	1169	exempt	train	100000	0.10
1789641374	1169	exempt	train	100000	0.17
1789641374	1169	exempt	train	100000	0.16
1789641387	1222	exempt	train	100000	0.20
1789641388	1222	exempt	train	100000	0.19
1789641388	1222	exempt	train	100000	0.19
1789641388	1222	exempt	train	100000	0.20
1789641389	1222	exempt	train	100000	0.20
1789641389	1222	exempt	train	100000	0.20
1789641389	1222	exempt	train	100000	0.20
1789641389	1222	exempt	train	100000	0.20
1789641390	1222	exempt	train	100000	0.21
1789641390	1222	exempt	train	100000	0.20
1789641390	1222	exempt	train	100000	0.29
1789641391	1222	exempt	train	100000	0.28
1789641391	1222	exempt	train	100000	0.27
1789641391	1222	exempt	train	100000	0.28
1789641392	1222	exempt	train	100000	0.28
1789641392	1222	exempt	train	100000	0.29
1789641393	1222	exempt	train	100000	0.28
1789641393	1222	exempt	train	100000	0.27
1789641393	1222	exempt	train	100000	0.28
1789641394	1222	exempt	train	100000	0.28
1789641394	1222	exempt	train	100000	0.35
1789641395	1222	exempt	train	100000	0.35
1789641395	1222	exempt	train	100000	0.34
1789641395	1222	exempt	train	100000	0.34
1789641396	1222	exempt	train	100000	0.34
1789641396	1222	exempt	train	100000	0.36
1789641397	1222	exempt	train	100000	0.34
1789641397	1222	exempt	train	100000	0.34
1789641398	1222	exempt	train	100000	0.35
1789641398	1222	exempt	train	100000	0.35
1789641399	1222	exempt	train	100000	0.45
1789641399	1222	exempt	train	100000	0.48
1789641400	1222	exempt	train	100000	0.45
1789641400	1222	exempt	train	100000	0.45
1789641401	1222	exempt	train	100000	0.45
1789641402	1222	exempt	train	100000	0.46
1789641402	1222	exempt	train	100000	0.45
1789641403	1222	exempt	train	100000	0.46
1789641403	1222	exempt	train	100000	0.45
1789641404	1222	exempt	train	100000	0.45
1789641404	1222	exempt	train	100000	0.22
1789641405	1222	exempt	train	100000	0.21
1789641405	1222	exempt	train	100000	0.20
1789641405	1222	exempt	train	100000	0.21
1789641406	1222	exempt	train	100000	0.20
1789641406	1222	exempt	train	100000	0.21
1789641406	1222	exempt	train	100000	0.20
1789641406	1222	exempt	train	100000	0.21
1789641407	1222	exempt	train	100000	0.20
1789641407	1222	exempt	train	100000	0.20
1789641407	1222	exempt	train	100000	0.21
1789641408	1222	exempt	train	100000	0.22
1789641408	1222	exempt	train	100000	0.21
1789641408	1222	exempt	train	100000	0.23
1789641409	1222	exempt	train	100000	0.21
1789641409	1222	exempt	train	100000	0.22
1789641409	1222	exempt	train	100000	0.21
1789641409	1222	exempt	train	100000	0.22
1789641410	1222	exempt	train	100000	0.21
1789641410	1222	exempt	train	100000	0.21
1789641410	1222	exempt	train	100000	0.21
1789641411	1222	exempt	train	100000	0.22
1789641411	1222	exempt	train	100000	0.21
1789641411	1222	exempt	train	100000	0.20
1789641411	1222	exempt	train	100000	0.20
1789641412	1222	exempt	train	100000	0.22
1789641412	1222	exempt	train	100000	0.21
1789641412	1222	exempt	train	100000	0.21
1789641413	1222	exempt	train	100000	0.21
1789641413	1222	exempt	train	100000	0.21
1789641413	1222	exempt	train	100000	0.22
1789641414	1222	exempt	train	100000	0.22
1789641414	1222	exempt	train	100000	0.20
1789641414	1222	exempt	train	100000	0.20
1789641414	1222	exempt	train	100000	0.19
1789641415	1222	exempt	train	100000	0.19
1789641415	1222	exempt	train	100000	0.19
1789641415	1222	exempt	train	100000	0.19
1789641416	1222	exempt	train	100000	0.19
1789641416	1222	exempt	train	100000	0.19
1789641416	1222	exempt	train	100000	0.19
1789641416	1222	exempt	train	100000	0.19
1789641417	1222	exempt	train	100000	0.20
1789641417	1222	exempt	train	100000	0.19
1789641417	1222	exempt	train	100000	0.19
1789641418	1222	exempt	train	100000	0.19
1789641418	1222	exempt	train	100000	0.19
1789641418	1222	exempt	train	100000	0.19
1789641418	1222	exempt	train	100000	0.19
1789641419	1222	exempt	train	100000	0.19
1789641419	1222	exempt	train	100000	0.21
1789641419	1222	exempt	train	100000	0.21
1789641420	1222	exempt	train	100000	0.20
1789641420	1222	exempt	train	100000	0.20
1789641420	1222	exempt	train	100000	0.20
1789641420	1222	exempt	train	100000	0.21
1789641421	1222	exempt	train	100000	0.20
1789641421	1222	exempt	train	100000	0.20
1789641421	1222	exempt	train	100000	0.20
1789641422	1222	exempt	train	100000	0.21
1789641422	1222	exempt	train	100000	0.21
1789641422	1222	exempt	train	100000	0.21
1789641423	1222	exempt	train	100000	0.20
1789641423	1222	exempt	train	100000	0.21
1789641423	1222	exempt	train	100000	0.21
1789641424	1222	exempt	train	100000	0.21
1789641424	1222	exempt	train	100000	0.23
1789641424	1222	exempt	train	100000	0.21
1789641424	1222	exempt	train	100000	0.22
1789641425	1222	exempt	train	100000	0.21
1789641446	1344	exempt	train	100000	0.20
1789641446	1344	exempt	train	100000	0.19
1789641447	1344	exempt	train	100000	0.19
1789641447	1344	exempt	train	100000	0.19
1789641447	1344	exempt	train	100000	0.20
1789641447	1344	exempt	train	100000	0.20
1789641448	1344	exempt	train	100000	0.19
1789641448	1344	exempt	train	100000	0.19
1789641448	1344	exempt	train	100000	0.20
1789641449	1344	exempt	train	100000	0.21
1789641449	1344	exempt	train	100000	0.21
1789641449	1344	exempt	train	100000	0.22
1789641450	1344	exempt	train	100000	0.21
1789641450	1344	exempt	train	100000	0.21
1789641450	1344	exempt	train	100000	0.21
1789641450	1344	exempt	train	100000	0.21
1789641451	1344	exempt	train	100000	0.21
1789641451	1344	exempt	train	100000	0.20
1789641451	1344	exempt	train	100000	0.21
1789641452	1344	exempt	train	100000	0.21
1789641452	1344	exempt	train	100000	0.23
1789641452	1344	exempt	train	100000	0.23
1789641453	1344	exempt	train	100000	0.24
1789641453	1344	exempt	train	100000	0.24
1789641453	1344	exempt	train	100000	0.24
1789641454	1344	exempt	train	100000	0.23
1789641454	1344	exempt	train	100000	0.23
1789641454	1344	exempt	train	100000	0.23
1789641454	1344	exempt	train	100000	0.23
1789641455	1344	exempt	train	100000	0.23
1789641455	1344	exempt	train	100000	0.30
1789641456	1344	exempt	train	100000	0.30
1789641456	1344	exempt	train	100000	0.29
1789641456	1344	exempt	train	100000	0.30
1789641457	1344	exempt	train	100000	0.30
1789641457	1344	exempt	train	100000	0.30
1789641458	1344	exempt	train	100000	0.29
1789641458	1344	exempt	train	100000	0.30
1789641458	1344	exempt	train	100000	0.29
1789641459	1344	exempt	train	100000	0.29
1789641459	1344	exempt	train	100000	0.34
1789641460	1344	exempt	train	100000	0.35
1789641460	1344	exempt	train	100000	0.37
1789641461	1344	exempt	train	100000	0.35
1789641461	1344	exempt	train	100000	0.35
1789641462	1344	exempt	train	100000	0.35
1789641462	1344	exempt	train	100000	0.35
1789641462	1344	exempt	train	100000	0.35
1789641463	1344	exempt	train	100000	0.35
1789641463	1344	exempt	train	100000	0.35
1789641464	1344	exempt	train	100000	0.44
1789641464	1344	exempt	train	100000	0.44
1789641465	1344	exempt	train	100000	0.43
1789641466	1344	exempt	train	100000	0.43
1789641466	1344	exempt	train	100000	0.44
1789641467	1344	exempt	train	100000	0.46
1789641467	1344	exempt	train	100000	0.45
1789641468	1344	exempt	train	100000	0.44
1789641468	1344	exempt	train	100000	0.45
1789641469	1344	exempt	train	100000	0.41
1789641469	1344	exempt	train	100000	0.28
1789641470	1344	exempt	train	100000	0.29
1789641470	1344	exempt	train	100000	0.29
1789641470	1344	exempt	train	100000	0.30
1789641471	1344	exempt	train	100000	0.28
1789641471	1344	exempt	train	100000	0.28
1789641472	1344	exempt	train	100000	0.29
1789641472	1344	exempt	train	100000	0.28
1789641472	1344	exempt	train	100000	0.29
1789641473	1344	exempt	train	100000	0.29
1789641473	1344	exempt	train	100000	0.29
1789641474	1344	exempt	train	100000	0.30
1789641474	1344	exempt	train	100000	0.28
1789641474	1344	exempt	train	100000	0.28
1789641475	1344	exempt	train	100000	0.28
1789641475	1344	exempt	train	100000	0.28
1789641475	1344	exempt	train	100000	0.28
1789641476	1344	exempt	train	100000	0.28
1789641476	1344	exempt	train	100000	0.30
1789641477	1344	exempt	train	100000	0.29
1789641480	1344	exempt	train	100000	2.95
1789641483	1344	exempt	train	100000	3.18
1789641486	1344	exempt	train	100000	2.99
1789641489	1344	exempt	train	100000	3.07
1789641492	1344	exempt	train	100000	3.22
1789641495	1344	exempt	train	100000	3.00
1789641498	1344	exempt	train	100000	3.09
1789641501	1344	exempt	train	100000	2.94
1789641504	1344	exempt	train	100000	2.94
1789641507	1344	exempt	train	100000	3.05
1789641508	1344	exempt	train	100000	0.19
1789641508	1344	exempt	train	100000	0.19
1789641508	1344	exempt	train	100000	0.20
1789641509	1344	exempt	train	100000	0.20
1789641509	1344	exempt	train	100000	0.20
1789641509	1344	exempt	train	100000	0.19
1789641509	1344	exempt	train	100000	0.19
1789641510	1344	exempt	train	100000	0.19
1789641510	1344	exempt	train	100000	0.20
1789641510	1344	exempt	train	100000	0.20
1789641511	1344	exempt	train	100000	0.20
1789641511	1344	exempt	train	100000	0.20
1789641511	1344	exempt	train	100000	0.21
1789641511	1344	exempt	train	100000	0.19
1789641512	1344	exempt	train	100000	0.19
1789641512	1344	exempt	train	100000	0.20
1789641512	1344	exempt	train	100000	0.20
1789641512	1344	exempt	train	100000	0.19
1789641513	1344	exempt	train	100000	0.19
1789641513	1344	exempt	train	100000	0.19
1789641513	1344	exempt	train	100000	0.18
1789641514	1344	exempt	train	100000	0.18
1789641514	1344	exempt	train	100000	0.17
1789641514	1344	exempt	train	100000	0.17
1789641514	1344	exempt	train	100000	0.19
1789641514	1344	exempt	train	100000	0.17
1789641515	1344	exempt	train	100000	0.18
1789641515	1344	exempt	train	100000	0.18
1789641515	1344	exempt	train	100000	0.18
1789641515	1344	exempt	train	100000	0.18
1789641516	1344	exempt	train	100000	0.20
1789641516	1344	exempt	train	100000	0.20
1789641516	1344	exempt	train	100000	0.20
1789641517	1344	exempt	train	100000	0.20
1789641517	1344	exempt	train	100000	0.21
1789641517	1344	exempt	train	100000	0.21
1789641517	1344	exempt	train	100000	0.20
1789641518	1344	exempt	train	100000	0.21
1789641518	1344	exempt	train	100000	0.20
1789641518	1344	exempt	train	100000	0.20
1789641519	1344	exempt	train	100000	0.20
1789641519	1344	exempt	train	100000	0.20
1789641519	1344	exempt	train	100000	0.20
1789641519	1344	exempt	train	100000	0.20
1789641520	1344	exempt	train	100000	0.20
1789641520	1344	exempt	train	100000	0.19
1789641520	1344	exempt	train	100000	0.19
1789641520	1344	exempt	train	100000	0.19
1789641521	1344	exempt	train	100000	0.20
1789641521	1344	exempt	train	100000	0.20
1789641521	1344	exempt	train	100000	0.19
1789641522	1344	exempt	train	100000	0.18
1789641522	1344	exempt	train	100000	0.19
1789641522	1344	exempt	train	100000	0.19
1789641523	1344	exempt	train	100000	0.18
1789641523	1344	exempt	train	100000	0.19
1789641523	1344	exempt	train	100000	0.19
1789641523	1344	exempt	train	100000	0.19
1789641524	1344	exempt	train	100000	0.18
1789641524	1344	exempt	train	100000	0.19
1789641537	1498	counted	train	100000	0.19
1789641537	1498	counted	train	100000	0.19
1789641537	1498	counted	train	100000	0.19
1789641538	1498	counted	train	100000	0.19
1789641538	1498	counted	train	100000	0.20
1789641538	1498	counted	train	100000	0.20
1789641538	1498	counted	train	100000	0.19
1789641539	1498	counted	train	100000	0.19
1789641539	1498	counted	train	100000	0.18
1789641539	1498	counted	train	100000	0.19
1789641552	1564	exempt	train	100000	0.18
1789641553	1564	exempt	train	100000	0.19
1789641553	1564	exempt	train	100000	0.18
1789641553	1564	exempt	train	100000	0.17
1789641553	1564	exempt	train	100000	0.18
1789641554	1564	exempt	train	100000	0.17
1789641554	1564	exempt	train	100000	0.18
1789641554	1564	exempt	train	100000	0.17
1789641554	1564	exempt	train	100000	0.17
1789641555	1564	exempt	train	100000	0.17
1789641555	1564	exempt	train	100000	0.19
1789641556	1564	exempt	train	100000	0.18
1789641556	1564	exempt	train	100000	0.17
1789641556	1564	exempt	train	100000	0.18
1789641556	1564	exempt	train	100000	0.19
1789641557	1564	exempt	train	100000	0.18
1789641557	1564	exempt	train	100000	0.17
1789641557	1564	exempt	train	100000	0.18
1789641557	1564	exempt	train	100000	0.18
1789641558	1564	exempt	train	100000	0.19
1789641558	1564	exempt	train	100000	0.19
1789641559	1564	exempt	train	100000	0.19
1789641559	1564	exempt	train	100000	0.18
1789641559	1564	exempt	train	100000	0.18
1789641559	1564	exempt	train	100000	0.18
1789641560	1564	exempt	train	100000	0.19
1789641560	1564	exempt	train	100000	0.19
1789641560	1564	exempt	train	100000	0.19
1789641560	1564	exempt	train	100000	0.19
1789641561	1564	exempt	train	100000	0.20
1789641561	1564	exempt	train	100000	0.20
1789641562	1564	exempt	train	100000	0.20
1789641562	1564	exempt	train	100000	0.20
1789641562	1564	exempt	train	100000	0.19
1789641563	1564	exempt	train	100000	0.19
1789641563	1564	exempt	train	100000	0.21
1789641563	1564	exempt	train	100000	0.21
1789641563	1564	exempt	train	100000	0.21
1789641564	1564	exempt	train	100000	0.19
1789641564	1564	exempt	train	100000	0.19
1789641565	1564	exempt	train	100000	0.21
1789641565	1564	exempt	train	100000	0.21
1789641565	1564	exempt	train	100000	0.21
1789641565	1564	exempt	train	100000	0.20
1789641566	1564	exempt	train	100000	0.21
1789641566	1564	exempt	train	100000	0.20
1789641566	1564	exempt	train	100000	0.20
1789641567	1564	exempt	train	100000	0.20
1789641567	1564	exempt	train	100000	0.20
1789641567	1564	exempt	train	100000	0.20
1789641568	1564	exempt	train	100000	0.19
1789641568	1564	exempt	train	100000	0.21
1789641568	1564	exempt	train	100000	0.20
1789641569	1564	exempt	train	100000	0.19
1789641569	1564	exempt	train	100000	0.20
1789641569	1564	exempt	train	100000	0.20
1789641569	1564	exempt	train	100000	0.19
1789641570	1564	exempt	train	100000	0.19
1789641570	1564	exempt	train	100000	0.19
1789641570	1564	exempt	train	100000	0.20
1789641571	1564	exempt	train	100000	0.19
1789641571	1564	exempt	train	100000	0.20
1789641571	1564	exempt	train	100000	0.20
1789641572	1564	exempt	train	100000	0.19
1789641572	1564	exempt	train	100000	0.20
1789641572	1564	exempt	train	100000	0.20
1789641573	1564	exempt	train	100000	0.20
1789641573	1564	exempt	train	100000	0.19
1789641573	1564	exempt	train	100000	0.20
1789641573	1564	exempt	train	100000	0.19
1789641574	1564	exempt	train	100000	0.20
1789641574	1564	exempt	train	100000	0.20
1789641575	1564	exempt	train	100000	0.19
1789641575	1564	exempt	train	100000	0.20
1789641575	1564	exempt	train	100000	0.20
1789641575	1564	exempt	train	100000	0.20
1789641576	1564	exempt	train	100000	0.19
1789641576	1564	exempt	train	100000	0.20
1789641576	1564	exempt	train	100000	0.21
1789641577	1564	exempt	train	100000	0.20
1789641577	1564	exempt	train	100000	0.19
1789641577	1564	exempt	train	100000	0.19
1789641578	1564	exempt	train	100000	0.19
1789641578	1564	exempt	train	100000	0.19
1789641578	1564	exempt	train	100000	0.19
1789641579	1564	exempt	train	100000	0.19
1789641579	1564	exempt	train	100000	0.20
1789641579	1564	exempt	train	100000	0.20
1789641579	1564	exempt	train	100000	0.20
1789641580	1564	exempt	train	100000	0.20
1789641580	1564	exempt	train	100000	0.20
1789641581	1564	exempt	train	100000	0.21
1789641581	1564	exempt	train	100000	0.20
1789641581	1564	exempt	train	100000	0.21
1789641582	1564	exempt	train	100000	0.20
1789641582	1564	exempt	train	100000	0.24
1789641582	1564	exempt	train	100000	0.22
1789641582	1564	exempt	train	100000	0.21
1789641583	1564	exempt	train	100000	0.21
1789641583	1564	exempt	train	100000	0.21
1789641583	1564	exempt	train	100000	0.15
1789641584	1564	exempt	train	100000	0.15
1789641584	1564	exempt	train	100000	0.14
1789641584	1564	exempt	train	100000	0.14
1789641584	1564	exempt	train	100000	0.15
1789641584	1564	exempt	train	100000	0.15
1789641585	1564	exempt	train	100000	0.15
1789641585	1564	exempt	train	100000	0.15
1789641585	1564	exempt	train	100000	0.16
1789641585	1564	exempt	train	100000	0.15
1789641586	1564	exempt	train	100000	0.24
1789641586	1564	exempt	train	100000	0.23
1789641586	1564	exempt	train	100000	0.24
1789641587	1564	exempt	train	100000	0.24
1789641587	1564	exempt	train	100000	0.23
1789641587	1564	exempt	train	100000	0.24
1789641588	1564	exempt	train	100000	0.24
1789641588	1564	exempt	train	100000	0.23
1789641588	1564	exempt	train	100000	0.23
1789641588	1564	exempt	train	100000	0.23
1789641589	1564	exempt	train	100000	0.29
1789641589	1564	exempt	train	100000	0.30
1789641590	1564	exempt	train	100000	0.29
1789641590	1564	exempt	train	100000	0.30
1789641590	1564	exempt	train	100000	0.30
1789641591	1564	exempt	train	100000	0.30
1789641591	1564	exempt	train	100000	0.31
1789641592	1564	exempt	train	100000	0.29
1789641592	1564	exempt	train	100000	0.30
1789641592	1564	exempt	train	100000	0.31
1789641593	1564	exempt	train	100000	0.18
1789641593	1564	exempt	train	100000	0.19
1789641593	1564	exempt	train	100000	0.19
1789641594	1564	exempt	train	100000	0.18
1789641594	1564	exempt	train	100000	0.18
1789641594	1564	exempt	train	100000	0.18
1789641594	1564	exempt	train	100000	0.18
1789641595	1564	exempt	train	100000	0.18
1789641595	1564	exempt	train	100000	0.18
1789641595	1564	exempt	train	100000	0.18
1789641595	1564	exempt	train	100000	0.18
1789641596	1564	exempt	train	100000	0.20
1789641596	1564	exempt	train	100000	0.19
1789641596	1564	exempt	train	100000	0.19
1789641596	1564	exempt	train	100000	0.18
1789641597	1564	exempt	train	100000	0.19
1789641597	1564	exempt	train	100000	0.18
1789641597	1564	exempt	train	100000	0.19
1789641598	1564	exempt	train	100000	0.18
1789641598	1564	exempt	train	100000	0.20
1789641598	1564	exempt	train	100000	0.19
1789641598	1564	exempt	train	100000	0.19
1789641599	1564	exempt	train	100000	0.19
1789641599	1564	exempt	train	100000	0.19
1789641599	1564	exempt	train	100000	0.19
1789641599	1564	exempt	train	100000	0.18
1789641600	1564	exempt	train	100000	0.19
1789641600	1564	exempt	train	100000	0.19
1789641600	1564	exempt	train	100000	0.19
1789641600	1564	exempt	train	100000	0.19
1789641601	1564	exempt	train	100000	0.25
1789641601	1564	exempt	train	100000	0.27
1789641602	1564	exempt	train	100000	0.26
1789641602	1564	exempt	train	100000	0.25
1789641602	1564	exempt	train	100000	0.26
1789641603	1564	exempt	train	100000	0.26
1789641603	1564	exempt	train	100000	0.26
1789641603	1564	exempt	train	100000	0.26
1789641604	1564	exempt	train	100000	0.26
1789641604	1564	exempt	train	100000	0.26
1789641604	1564	exempt	train	100000	0.35
1789641605	1564	exempt	train	100000	0.36
1789641605	1564	exempt	train	100000	0.37
1789641606	1564	exempt	train	100000	0.37
1789641606	1564	exempt	train	100000	0.36
1789641607	1564	exempt	train	100000	0.35
1789641607	1564	exempt	train	100000	0.37
1789641608	1564	exempt	train	100000	0.35
1789641608	1564	exempt	train	100000	0.35
1789641609	1564	exempt	train	100000	0.37
1789641609	1564	exempt	train	100000	0.19
1789641609	1564	exempt	train	100000	0.20
1789641610	1564	exempt	train	100000	0.20
1789641610	1564	exempt	train	100000	0.20
1789641610	1564	exempt	train	100000	0.21
1789641610	1564	exempt	train	100000	0.20
1789641611	1564	exempt	train	100000	0.19
1789641611	1564	exempt	train	100000	0.19
1789641611	1564	exempt	train	100000	0.20
1789641612	1564	exempt	train	100000	0.20
1789641612	1564	exempt	train	100000	0.19
1789641612	1564	exempt	train	100000	0.19
1789641612	1564	exempt	train	100000	0.19
1789641613	1564	exempt	train	100000	0.19
1789641613	1564	exempt	train	100000	0.19
1789641613	1564	exempt	train	100000	0.19
1789641613	1564	exempt	train	100000	0.20
1789641614	1564	exempt	train	100000	0.18
1789641614	1564	exempt	train	100000	0.19
1789641614	1564	exempt	train	100000	0.19
1789641626	1617	exempt	train	100000	0.14
1789641626	1617	exempt	train	100000	0.17
1789641626	1617	exempt	train	100000	0.17
1789641627	1617	exempt	train	100000	0.17
1789641627	1617	exempt	train	100000	0.19
1789641627	1617	exempt	train	100000	0.18
1789641627	1617	exempt	train	100000	0.18
1789641628	1617	exempt	train	100000	0.17
1789641628	1617	exempt	train	100000	0.18
1789641628	1617	exempt	train	100000	0.18
1789641628	1617	exempt	train	100000	0.18
1789641629	1617	exempt	train	100000	0.17
1789641629	1617	exempt	train	100000	0.17
1789641629	1617	exempt	train	100000	0.18
1789641630	1617	exempt	train	100000	0.18
1789641630	1617	exempt	train	100000	0.17
1789641630	1617	exempt	train	100000	0.17
1789641630	1617	exempt	train	100000	0.17
1789641631	1617	exempt	train	100000	0.18
1789641631	1617	exempt	train	100000	0.17
1789641631	1617	exempt	train	100000	0.17
1789641631	1617	exempt	train	100000	0.17
1789641632	1617	exempt	train	100000	0.17
1789641632	1617	exempt	train	100000	0.17
1789641632	1617	exempt	train	100000	0.18
1789641632	1617	exempt	train	100000	0.17
1789641633	1617	exempt	train	100000	0.17
1789641633	1617	exempt	train	100000	0.17
1789641633	1617	exempt	train	100000	0.17
1789641633	1617	exempt	train	100000	0.17
1789641634	1617	exempt	train	100000	0.19
1789641634	1617	exempt	train	100000	0.17
1789641634	1617	exempt	train	100000	0.17
1789641634	1617	exempt	train	100000	0.17
1789641635	1617	exempt	train	100000	0.18
1789641635	1617	exempt	train	100000	0.17
1789641635	1617	exempt	train	100000	0.17
1789641635	1617	exempt	train	100000	0.17
1789641636	1617	exempt	train	100000	0.18
1789641636	1617	exempt	train	100000	0.18
1789641636	1617	exempt	train	100000	0.18
1789641636	1617	exempt	train	100000	0.18
1789641637	1617	exempt	train	100000	0.18
1789641637	1617	exempt	train	100000	0.18
1789641637	1617	exempt	train	100000	0.17
1789641637	1617	exempt	train	100000	0.18
1789641638	1617	exempt	train	100000	0.17
1789641638	1617	exempt	train	100000	0.17
1789641638	1617	exempt	train	100000	0.17
1789641638	1617	exempt	train	100000	0.17
1789641639	1617	exempt	train	100000	0.17
1789641639	1617	exempt	train	100000	0.18
1789641639	1617	exempt	train	100000	0.17
1789641639	1617	exempt	train	100000	0.17
1789641640	1617	exempt	train	100000	0.18
1789641640	1617	exempt	train	100000	0.18
1789641640	1617	exempt	train	100000	0.17
1789641641	1617	exempt	train	100000	0.18
1789641641	1617	exempt	train	100000	0.17
1789641641	1617	exempt	train	100000	0.18
1789641641	1617	exempt	train	100000	0.17
1789641642	1617	exempt	train	100000	0.17
1789641642	1617	exempt	train	100000	0.17
1789641642	1617	exempt	train	100000	0.17
1789641642	1617	exempt	train	100000	0.17
1789641643	1617	exempt	train	100000	0.17
1789641643	1617	exempt	train	100000	0.17
1789641643	1617	exempt	train	100000	0.17
1789641643	1617	exempt	train	100000	0.17
1789641644	1617	exempt	train	100000	0.17
1789641644	1617	exempt	train	100000	0.17
1789641644	1617	exempt	train	100000	0.18
1789641644	1617	exempt	train	100000	0.18
1789641645	1617	exempt	train	100000	0.17
1789641645	1617	exempt	train	100000	0.18
1789641645	1617	exempt	train	100000	0.17
1789641645	1617	exempt	train	100000	0.17
1789641646	1617	exempt	train	100000	0.18
1789641646	1617	exempt	train	100000	0.17
1789641646	1617	exempt	train	100000	0.18
1789641646	1617	exempt	train	100000	0.18
1789641647	1617	exempt	train	100000	0.17
1789641647	1617	exempt	train	100000	0.17
1789641647	1617	exempt	train	100000	0.18
1789641647	1617	exempt	train	100000	0.18
1789641648	1617	exempt	train	100000	0.18
1789641648	1617	exempt	train	100000	0.17
1789641648	1617	exempt	train	100000	0.17
1789641649	1617	exempt	train	100000	0.18
1789641649	1617	exempt	train	100000	0.18
1789641649	1617	exempt	train	100000	0.18
1789641649	1617	exempt	train	100000	0.19
1789641650	1617	exempt	train	100000	0.18
1789641650	1617	exempt	train	100000	0.18
1789641650	1617	exempt	train	100000	0.18
1789641650	1617	exempt	train	100000	0.18
1789641651	1617	exempt	train	100000	0.19
1789641651	1617	exempt	train	100000	0.18
1789641651	1617	exempt	train	100000	0.18
1789641651	1617	exempt	train	100000	0.18
1789641652	1617	exempt	train	100000	0.19
1789641652	1617	exempt	train	100000	0.18
1789641652	1617	exempt	train	100000	0.18
1789641652	1617	exempt	train	100000	0.17
1789641653	1617	exempt	train	100000	0.19
1789641653	1617	exempt	train	100000	0.18
1789641653	1617	exempt	train	100000	0.18
1789641654	1617	exempt	train	100000	0.17
1789641654	1617	exempt	train	100000	0.18
1789641654	1617	exempt	train	100000	0.19
1789641654	1617	exempt	train	100000	0.19
1789641655	1617	exempt	train	100000	0.19
1789641655	1617	exempt	train	100000	0.19
1789641655	1617	exempt	train	100000	0.19
1789641655	1617	exempt	train	100000	0.19
1789641656	1617	exempt	train	100000	0.19
1789641656	1617	exempt	train	100000	0.19
1789641656	1617	exempt	train	100000	0.19
1789641657	1617	exempt	train	100000	0.20
1789641657	1617	exempt	train	100000	0.19
1789641657	1617	exempt	train	100000	0.19
1789641657	1617	exempt	train	100000	0.19
1789641658	1617	exempt	train	100000	0.19
1789641658	1617	exempt	train	100000	0.19
1789641658	1617	exempt	train	100000	0.19
1789641658	1617	exempt	train	100000	0.20
1789641659	1617	exempt	train	100000	0.19
1789641659	1617	exempt	train	100000	0.19
1789641659	1617	exempt	train	100000	0.19
1789641660	1617	exempt	train	100000	0.20
1789641660	1617	exempt	train	100000	0.19
1789641660	1617	exempt	train	100000	0.19
1789641660	1617	exempt	train	100000	0.18
1789641661	1617	exempt	train	100000	0.19
1789641661	1617	exempt	train	100000	0.18
1789641661	1617	exempt	train	100000	0.18
1789641661	1617	exempt	train	100000	0.19
1789641662	1617	exempt	train	100000	0.18
1789641662	1617	exempt	train	100000	0.18
1789641662	1617	exempt	train	100000	0.18
1789641663	1617	exempt	train	100000	0.19
1789641663	1617	exempt	train	100000	0.19
1789641663	1617	exempt	train	100000	0.19
1789641663	1617	exempt	train	100000	0.18
1789641664	1617	exempt	train	100000	0.18
1789641664	1617	exempt	train	100000	0.18
1789641664	1617	exempt	train	100000	0.19
1789641664	1617	exempt	train	100000	0.18
1789641665	1617	exempt	train	100000	0.19
1789641665	1617	exempt	train	100000	0.18
1789641665	1617	exempt	train	100000	0.19
1789641666	1617	exempt	train	100000	0.20
1789641666	1617	exempt	train	100000	0.19
1789641666	1617	exempt	train	100000	0.19
1789641666	1617	exempt	train	100000	0.19
1789641667	1617	exempt	train	100000	0.20
1789641667	1617	exempt	train	100000	0.18
1789641667	1617	exempt	train	100000	0.19
1789641667	1617	exempt	train	100000	0.19
1789641668	1617	exempt	train	100000	0.19
1789641679	1670	exempt	train	100000	0.19
1789641679	1670	exempt	train	100000	0.19
1789641679	1670	exempt	train	100000	0.19
1789641680	1670	exempt	train	100000	0.18
1789641680	1670	exempt	train	100000	0.19
1789641680	1670	exempt	train	100000	0.19
1789641680	1670	exempt	train	100000	0.18
1789641681	1670	exempt	train	100000	0.18
1789641681	1670	exempt	train	100000	0.18
1789641681	1670	exempt	train	100000	0.19
1789641681	1670	exempt	train	100000	0.19
1789641682	1670	exempt	train	100000	0.20
1789641682	1670	exempt	train	100000	0.19
1789641682	1670	exempt	train	100000	0.19
1789641683	1670	exempt	train	100000	0.19
1789641683	1670	exempt	train	100000	0.19
1789641683	1670	exempt	train	100000	0.19
1789641683	1670	exempt	train	100000	0.19
1789641684	1670	exempt	train	100000	0.20
1789641684	1670	exempt	train	100000	0.19
1789641684	1670	exempt	train	100000	0.19
1789641685	1670	exempt	train	100000	0.19
1789641685	1670	exempt	train	100000	0.20
1789641685	1670	exempt	train	100000	0.20
1789641685	1670	exempt	train	100000	0.19
1789641686	1670	exempt	train	100000	0.19
1789641686	1670	exempt	train	100000	0.18
1789641686	1670	exempt	train	100000	0.19
1789641686	1670	exempt	train	100000	0.19
1789641687	1670	exempt	train	100000	0.18
1789641687	1670	exempt	train	100000	0.18
1789641687	1670	exempt	train	100000	0.19
1789641688	1670	exempt	train	100000	0.19
1789641688	1670	exempt	train	100000	0.18
1789641688	1670	exempt	train	100000	0.18
1789641688	1670	exempt	train	100000	0.19
1789641689	1670	exempt	train	100000	0.19
1789641689	1670	exempt	train	100000	0.18
1789641689	1670	exempt	train	100000	0.19
1789641689	1670	exempt	train	100000	0.19
1789641690	1670	exempt	train	100000	0.19
1789641690	1670	exempt	train	100000	0.19
1789641690	1670	exempt	train	100000	0.19
1789641691	1670	exempt	train	100000	0.19
1789641691	1670	exempt	train	100000	0.19
1789641691	1670	exempt	train	100000	0.19
1789641691	1670	exempt	train	100000	0.19
1789641692	1670	exempt	train	100000	0.18
1789641692	1670	exempt	train	100000	0.19
1789641692	1670	exempt	train	100000	0.18
1789641692	1670	exempt	train	100000	0.19
1789641693	1670	exempt	train	100000	0.19
1789641693	1670	exempt	train	100000	0.19
1789641693	1670	exempt	train	100000	0.19
1789641694	1670	exempt	train	100000	0.20
1789641694	1670	exempt	train	100000	0.20
1789641694	1670	exempt	train	100000	0.19
1789641694	1670	exempt	train	100000	0.19
1789641695	1670	exempt	train	100000	0.19
1789641695	1670	exempt	train	100000	0.19
1789641695	1670	exempt	train	100000	0.20
1789641696	1670	exempt	train	100000	0.19
1789641696	1670	exempt	train	100000	0.19
1789641696	1670	exempt	train	100000	0.18
1789641696	1670	exempt	train	100000	0.19
1789641697	1670	exempt	train	100000	0.18
1789641697	1670	exempt	train	100000	0.18
1789641697	1670	exempt	train	100000	0.18
1789641697	1670	exempt	train	100000	0.18
1789641698	1670	exempt	train	100000	0.17
1789641698	1670	exempt	train	100000	0.21
1789641698	1670	exempt	train	100000	0.21
1789641699	1670	exempt	train	100000	0.21
1789641699	1670	exempt	train	100000	0.21
1789641699	1670	exempt	train	100000	0.21
1789641699	1670	exempt	train	100000	0.21
1789641700	1670	exempt	train	100000	0.21
1789641700	1670	exempt	train	100000	0.21
1789641700	1670	exempt	train	100000	0.20
1789641701	1670	exempt	train	100000	0.21
1789641701	1670	exempt	train	100000	0.25
1789641701	1670	exempt	train	100000	0.24
1789641702	1670	exempt	train	100000	0.24
1789641702	1670	exempt	train	100000	0.24
1789641702	1670	exempt	train	100000	0.25
1789641703	1670	exempt	train	100000	0.24
1789641703	1670	exempt	train	100000	0.24
1789641703	1670	exempt	train	100000	0.24
1789641704	1670	exempt	train	100000	0.25
1789641704	1670	exempt	train	100000	0.26
1789641704	1670	exempt	train	100000	0.18
1789641705	1670	exempt	train	100000	0.18
1789641705	1670	exempt	train	100000	0.18
1789641705	1670	exempt	train	100000	0.18
1789641705	1670	exempt	train	100000	0.17
1789641706	1670	exempt	train	100000	0.17
1789641706	1670	exempt	train	100000	0.18
1789641706	1670	exempt	train	100000	0.17
1789641706	1670	exempt	train	100000	0.17
1789641707	1670	exempt	train	100000	0.17
1789641707	1670	exempt	train	100000	0.18
1789641707	1670	exempt	train	100000	0.18
1789641707	1670	exempt	train	100000	0.17
1789641708	1670	exempt	train	100000	0.18
1789641708	1670	exempt	train	100000	0.19
1789641708	1670	exempt	train	100000	0.18
1789641708	1670	exempt	train	100000	0.18
1789641709	1670	exempt	train	100000	0.17
1789641709	1670	exempt	train	100000	0.18
1789641709	1670	exempt	train	100000	0.17
1789641709	1670	exempt	train	100000	0.17
1789641710	1670	exempt	train	100000	0.18
1789641710	1670	exempt	train	100000	0.18
1789641710	1670	exempt	train	100000	0.18
1789641710	1670	exempt	train	100000	0.19
1789641711	1670	exempt	train	100000	0.18
1789641711	1670	exempt	train	100000	0.18
1789641711	1670	exempt	train	100000	0.17
1789641711	1670	exempt	train	100000	0.17
1789641712	1670	exempt	train	100000	0.17
1789641712	1670	exempt	train	100000	0.18
1789641712	1670	exempt	train	100000	0.17
1789641712	1670	exempt	train	100000	0.18
1789641713	1670	exempt	train	100000	0.18
1789641713	1670	exempt	train	100000	0.18
1789641713	1670	exempt	train	100000	0.18
1789641713	1670	exempt	train	100000	0.17
1789641714	1670	exempt	train	100000	0.17
1789641714	1670	exempt	train	100000	0.18
1789641714	1670	exempt	train	100000	0.17
1789641715	1670	exempt	train	100000	0.18
1789641715	1670	exempt	train	100000	0.18
1789641715	1670	exempt	train	100000	0.17
1789641715	1670	exempt	train	100000	0.18
1789641716	1670	exempt	train	100000	0.18
1789641716	1670	exempt	train	100000	0.19
1789641716	1670	exempt	train	100000	0.18
1789641716	1670	exempt	train	100000	0.18
1789641717	1670	exempt	train	100000	0.17
1789641717	1670	exempt	train	100000	0.18
1789641717	1670	exempt	train	100000	0.17
1789641717	1670	exempt	train	100000	0.17
1789641718	1670	exempt	train	100000	0.17
1789641718	1670	exempt	train	100000	0.18
1789641718	1670	exempt	train	100000	0.18
1789641718	1670	exempt	train	100000	0.18
1789641719	1670	exempt	train	100000	0.18
1789641719	1670	exempt	train	100000	0.17
1789641719	1670	exempt	train	100000	0.18
1789641719	1670	exempt	train	100000	0.18
1789641720	1670	exempt	train	100000	0.18
1789641720	1670	exempt	train	100000	0.18
1789641720	1670	exempt	train	100000	0.18
1789641720	1670	exempt	train	100000	0.18
1789641721	1670	exempt	train	100000	0.18
1789641721	1670	exempt	train	100000	0.19
1789641721	1670	exempt	train	100000	0.19
1789641722	1670	exempt	train	100000	0.18
1789641722	1670	exempt	train	100000	0.18
1789641722	1670	exempt	train	100000	0.19
1789641722	1670	exempt	train	100000	0.19
1789641723	1670	exempt	train	100000	0.19
1789641723	1670	exempt	train	100000	0.18
1789641723	1670	exempt	train	100000	0.18
1789641723	1670	exempt	train	100000	0.18
1789641724	1670	exempt	train	100000	0.19
1789641724	1670	exempt	train	100000	0.18
1789641724	1670	exempt	train	100000	0.18
1789641725	1670	exempt	train	100000	0.19
1789641725	1670	exempt	train	100000	0.18
1789641725	1670	exempt	train	100000	0.19
1789641725	1670	exempt	train	100000	0.18
1789641726	1670	exempt	train	100000	0.19
1789641726	1670	exempt	train	100000	0.19
1789641726	1670	exempt	train	100000	0.19
1789641726	1670	exempt	train	100000	0.18
1789641727	1670	exempt	train	100000	0.18
1789641727	1670	exempt	train	100000	0.18
1789641727	1670	exempt	train	100000	0.18
1789641728	1670	exempt	train	100000	0.18
1789641739	1823	counted	train	100000	0.18
1789641740	1823	counted	train	100000	0.17
1789641740	1823	counted	train	100000	0.17
1789641740	1823	counted	train	100000	0.19
1789641740	1823	counted	train	100000	0.19
1789641741	1823	counted	train	100000	0.19
1789641741	1823	counted	train	100000	0.19
1789641741	1823	counted	train	100000	0.19
1789641741	1823	counted	train	100000	0.19
1789641741	1823	counted	train	100000	0.19
1789641753	1889	exempt	train	100000	0.19
1789641753	1889	exempt	train	100000	0.20
1789641753	1889	exempt	train	100000	0.20
1789641754	1889	exempt	train	100000	0.19
1789641754	1889	exempt	train	100000	0.20
1789641754	1889	exempt	train	100000	0.19
1789641754	1889	exempt	train	100000	0.19
1789641755	1889	exempt	train	100000	0.19
1789641755	1889	exempt	train	100000	0.19
1789641755	1889	exempt	train	100000	0.19
1789641756	1889	exempt	train	100000	0.20
1789641756	1889	exempt	train	100000	0.19
1789641756	1889	exempt	train	100000	0.20
1789641756	1889	exempt	train	100000	0.19
1789641757	1889	exempt	train	100000	0.19
1789641757	1889	exempt	train	100000	0.19
1789641757	1889	exempt	train	100000	0.19
1789641758	1889	exempt	train	100000	0.19
1789641758	1889	exempt	train	100000	0.19
1789641758	1889	exempt	train	100000	0.20
1789641758	1889	exempt	train	100000	0.19
1789641759	1889	exempt	train	100000	0.19
1789641759	1889	exempt	train	100000	0.20
1789641759	1889	exempt	train	100000	0.20
1789641760	1889	exempt	train	100000	0.19
1789641760	1889	exempt	train	100000	0.20
1789641760	1889	exempt	train	100000	0.19
1789641760	1889	exempt	train	100000	0.19
1789641761	1889	exempt	train	100000	0.19
1789641761	1889	exempt	train	100000	0.19
1789641761	1889	exempt	train	100000	0.19
1789641761	1889	exempt	train	100000	0.19
1789641762	1889	exempt	train	100000	0.19
1789641762	1889	exempt	train	100000	0.19
1789641762	1889	exempt	train	100000	0.19
1789641763	1889	exempt	train	100000	0.19
1789641763	1889	exempt	train	100000	0.20
1789641763	1889	exempt	train	100000	0.19
1789641763	1889	exempt	train	100000	0.19
1789641764	1889	exempt	train	100000	0.20
1789641764	1889	exempt	train	100000	0.19
1789641764	1889	exempt	train	100000	0.18
1789641764	1889	exempt	train	100000	0.18
1789641765	1889	exempt	train	100000	0.18
1789641765	1889	exempt	train	100000	0.18
1789641765	1889	exempt	train	100000	0.18
1789641766	1889	exempt	train	100000	0.19
1789641766	1889	exempt	train	100000	0.18
1789641766	1889	exempt	train	100000	0.20
1789641766	1889	exempt	train	100000	0.20
1789641767	1889	exempt	train	100000	0.19
1789641767	1889	exempt	train	100000	0.19
1789641767	1889	exempt	train	100000	0.20
1789641768	1889	exempt	train	100000	0.20
1789641768	1889	exempt	train	100000	0.20
1789641768	1889	exempt	train	100000	0.20
1789641768	1889	exempt	train	100000	0.20
1789641769	1889	exempt	train	100000	0.21
1789641769	1889	exempt	train	100000	0.20
1789641769	1889	exempt	train	100000	0.20
1789641770	1889	exempt	train	100000	0.20
1789641770	1889	exempt	train	100000	0.20
1789641770	1889	exempt	train	100000	0.20
1789641770	1889	exempt	train	100000	0.20
1789641771	1889	exempt	train	100000	0.20
1789641771	1889	exempt	train	100000	0.19
1789641771	1889	exempt	train	100000	0.19
1789641772	1889	exempt	train	100000	0.19
1789641772	1889	exempt	train	100000	0.19
1789641772	1889	exempt	train	100000	0.19
1789641772	1889	exempt	train	100000	0.16
1789641773	1889	exempt	train	100000	0.16
1789641773	1889	exempt	train	100000	0.16
1789641773	1889	exempt	train	100000	0.15
1789641773	1889	exempt	train	100000	0.17
1789641774	1889	exempt	train	100000	0.16
1789641774	1889	exempt	train	100000	0.16
1789641774	1889	exempt	train	100000	0.16
1789641774	1889	exempt	train	100000	0.15
1789641774	1889	exempt	train	100000	0.16
1789641775	1889	exempt	train	100000	0.24
1789641775	1889	exempt	train	100000	0.23
1789641775	1889	exempt	train	100000	0.23
1789641776	1889	exempt	train	100000	0.24
1789641776	1889	exempt	train	100000	0.24
1789641776	1889	exempt	train	100000	0.23
1789641777	1889	exempt	train	100000	0.24
1789641777	1889	exempt	train	100000	0.23
1789641777	1889	exempt	train	100000	0.23
1789641778	1889	exempt	train	100000	0.23
1789641778	1889	exempt	train	100000	0.23
1789641778	1889	exempt	train	100000	0.23
1789641779	1889	exempt	train	100000	0.23
1789641779	1889	exempt	train	100000	0.23
1789641779	1889	exempt	train	100000	0.23
1789641780	1889	exempt	train	100000	0.23
1789641780	1889	exempt	train	100000	0.23
1789641780	1889	exempt	train	100000	0.23
1789641781	1889	exempt	train	100000	0.23
1789641781	1889	exempt	train	100000	0.23
1789641781	1889	exempt	train	100000	0.15
1789641782	1889	exempt	train	100000	0.15
1789641782	1889	exempt	train	100000	0.15
1789641782	1889	exempt	train	100000	0.15
1789641782	1889	exempt	train	100000	0.16
1789641782	1889	exempt	train	100000	0.16
1789641783	1889	exempt	train	100000	0.16
1789641783	1889	exempt	train	100000	0.16
1789641783	1889	exempt	train	100000	0.16
1789641783	1889	exempt	train	100000	0.16
1789641784	1889	exempt	train	100000	0.19
1789641784	1889	exempt	train	100000	0.20
1789641784	1889	exempt	train	100000	0.19
1789641785	1889	exempt	train	100000	0.20
1789641785	1889	exempt	train	100000	0.20
1789641785	1889	exempt	train	100000	0.19
1789641785	1889	exempt	train	100000	0.19
1789641786	1889	exempt	train	100000	0.19
1789641786	1889	exempt	train	100000	0.19
1789641786	1889	exempt	train	100000	0.19
1789641786	1889	exempt	train	100000	0.19
1789641787	1889	exempt	train	100000	0.19
1789641787	1889	exempt	train	100000	0.19
1789641787	1889	exempt	train	100000	0.19
1789641788	1889	exempt	train	100000	0.19
1789641788	1889	exempt	train	100000	0.19
1789641788	1889	exempt	train	100000	0.19
1789641788	1889	exempt	train	100000	0.20
1789641789	1889	exempt	train	100000	0.20
1789641789	1889	exempt	train	100000	0.20
1789641789	1889	exempt	train	100000	0.19
1789641790	1889	exempt	train	100000	0.20
1789641790	1889	exempt	train	100000	0.19
1789641790	1889	exempt	train	100000	0.20
1789641790	1889	exempt	train	100000	0.19
1789641791	1889	exempt	train	100000	0.19
1789641791	1889	exempt	train	100000	0.19
1789641791	1889	exempt	train	100000	0.20
1789641792	1889	exempt	train	100000	0.19
1789641792	1889	exempt	train	100000	0.19
1789641792	1889	exempt	train	100000	0.20
1789641792	1889	exempt	train	100000	0.19
1789641793	1889	exempt	train	100000	0.20
1789641793	1889	exempt	train	100000	0.19
1789641793	1889	exempt	train	100000	0.21
1789641793	1889	exempt	train	100000	0.19
1789641794	1889	exempt	train	100000	0.19
1789641794	1889	exempt	train	100000	0.19
1789641794	1889	exempt	train	100000	0.19
1789641795	1889	exempt	train	100000	0.18
1789641795	1889	exempt	train	100000	0.18
1789641795	1889	exempt	train	100000	0.18
1789641795	1889	exempt	train	100000	0.18
1789641796	1889	exempt	train	100000	0.18
1789641796	1889	exempt	train	100000	0.18
1789641796	1889	exempt	train	100000	0.18
1789641796	1889	exempt	train	100000	0.18
1789641797	1889	exempt	train	100000	0.18
1789641797	1889	exempt	train	100000	0.20
1789641797	1889	exempt	train	100000	0.19
1789641798	1889	exempt	train	100000	0.20
1789641798	1889	exempt	train	100000	0.19
1789641798	1889	exempt	train	100000	0.19
1789641798	1889	exempt	train	100000	0.19
1789641799	1889	exempt	train	100000	0.18
1789641799	1889	exempt	train	100000	0.19
1789641799	1889	exempt	train	100000	0.18
1789641799	1889	exempt	train	100000	0.19
1789641800	1889	exempt	train	100000	0.19
1789641800	1889	exempt	train	100000	0.19
1789641811	1942	exempt	train	100000	0.24
1789641811	1942	exempt	train	100000	0.23
1789641811	1942	exempt	train	100000	0.22
1789641812	1942	exempt	train	100000	0.24
1789641812	1942	exempt	train	100000	0.23
1789641812	1942	exempt	train	100000	0.23
1789641813	1942	exempt	train	100000	0.23
1789641813	1942	exempt	train	100000	0.23
1789641813	1942	exempt	train	100000	0.23
1789641814	1942	exempt	train	100000	0.23
1789641814	1942	exempt	train	100000	0.28
1789641814	1942	exempt	train	100000	0.28
1789641815	1942	exempt	train	100000	0.29
1789641815	1942	exempt	train	100000	0.27
1789641816	1942	exempt	train	100000	0.28
1789641816	1942	exempt	train	100000	0.28
1789641816	1942	exempt	train	100000	0.29
1789641817	1942	exempt	train	100000	0.29
1789641817	1942	exempt	train	100000	0.29
1789641817	1942	exempt	train	100000	0.29
1789641818	1942	exempt	train	100000	0.33
1789641818	1942	exempt	train	100000	0.36
1789641819	1942	exempt	train	100000	0.34
1789641819	1942	exempt	train	100000	0.34
1789641820	1942	exempt	train	100000	0.34
1789641820	1942	exempt	train	100000	0.33
1789641821	1942	exempt	train	100000	0.36
1789641821	1942	exempt	train	100000	0.36
1789641822	1942	exempt	train	100000	0.34
1789641822	1942	exempt	train	100000	0.35
1789641823	1942	exempt	train	100000	0.23
1789641823	1942	exempt	train	100000	0.23
1789641823	1942	exempt	train	100000	0.23
1789641823	1942	exempt	train	100000	0.23
1789641824	1942	exempt	train	100000	0.24
1789641824	1942	exempt	train	100000	0.23
1789641824	1942	exempt	train	100000	0.24
1789641825	1942	exempt	train	100000	0.24
1789641825	1942	exempt	train	100000	0.23
1789641825	1942	exempt	train	100000	0.23
1789641826	1942	exempt	train	100000	0.23
1789641826	1942	exempt	train	100000	0.22
1789641826	1942	exempt	train	100000	0.23
1789641827	1942	exempt	train	100000	0.23
1789641827	1942	exempt	train	100000	0.24
1789641827	1942	exempt	train	100000	0.23
1789641828	1942	exempt	train	100000	0.23
1789641828	1942	exempt	train	100000	0.23
1789641828	1942	exempt	train	100000	0.23
1789641829	1942	exempt	train	100000	0.24
1789641829	1942	exempt	train	100000	0.24
1789641829	1942	exempt	train	100000	0.24
1789641830	1942	exempt	train	100000	0.24
1789641830	1942	exempt	train	100000	0.24
1789641830	1942	exempt	train	100000	0.24
1789641831	1942	exempt	train	100000	0.23
1789641831	1942	exempt	train	100000	0.24
1789641831	1942	exempt	train	100000	0.23
1789641832	1942	exempt	train	100000	0.25
1789641832	1942	exempt	train	100000	0.23
1789641832	1942	exempt	train	100000	0.24
1789641833	1942	exempt	train	100000	0.23
1789641833	1942	exempt	train	100000	0.23
1789641833	1942	exempt	train	100000	0.23
1789641834	1942	exempt	train	100000	0.24
1789641834	1942	exempt	train	100000	0.23
1789641834	1942	exempt	train	100000	0.23
1789641835	1942	exempt	train	100000	0.23
1789641835	1942	exempt	train	100000	0.22
1789641835	1942	exempt	train	100000	0.23
1789641836	1942	exempt	train	100000	0.28
1789641836	1942	exempt	train	100000	0.28
1789641837	1942	exempt	train	100000	0.29
1789641837	1942	exempt	train	100000	0.28
1789641837	1942	exempt	train	100000	0.28
1789641838	1942	exempt	train	100000	0.28
1789641838	1942	exempt	train	100000	0.29
1789641838	1942	exempt	train	100000	0.29
1789641839	1942	exempt	train	100000	0.28
1789641839	1942	exempt	train	100000	0.29
1789641840	1942	exempt	train	100000	0.36
1789641840	1942	exempt	train	100000	0.36
1789641841	1942	exempt	train	100000	0.37
1789641841	1942	exempt	train	100000	0.36
1789641842	1942	exempt	train	100000	0.37
1789641842	1942	exempt	train	100000	0.36
1789641843	1942	exempt	train	100000	0.36
1789641843	1942	exempt	train	100000	0.36
1789641844	1942	exempt	train	100000	0.36
1789641844	1942	exempt	train	100000	0.35
1789641845	1942	exempt	train	100000	0.34
1789641845	1942	exempt	train	100000	0.32
1789641845	1942	exempt	train	100000	0.34
1789641846	1942	exempt	train	100000	0.33
1789641846	1942	exempt	train	100000	0.34
1789641847	1942	exempt	train	100000	0.33
1789641847	1942	exempt	train	100000	0.34
1789641848	1942	exempt	train	100000	0.33
1789641848	1942	exempt	train	100000	0.34
1789641849	1942	exempt	train	100000	0.34
1789641849	1942	exempt	train	100000	0.19
1789641849	1942	exempt	train	100000	0.20
1789641849	1942	exempt	train	100000	0.19
1789641850	1942	exempt	train	100000	0.18
1789641850	1942	exempt	train	100000	0.18
1789641850	1942	exempt	train	100000	0.19
1789641851	1942	exempt	train	100000	0.19
1789641851	1942	exempt	train	100000	0.19
1789641851	1942	exempt	train	100000	0.19
1789641851	1942	exempt	train	100000	0.19
1789641852	1942	exempt	train	100000	0.24
1789641852	1942	exempt	train	100000	0.24
1789641852	1942	exempt	train	100000	0.24
1789641853	1942	exempt	train	100000	0.24
1789641853	1942	exempt	train	100000	0.23
1789641853	1942	exempt	train	100000	0.24
1789641854	1942	exempt	train	100000	0.24
1789641854	1942	exempt	train	100000	0.24
1789641854	1942	exempt	train	100000	0.23
1789641855	1942	exempt	train	100000	0.24
1789641855	1942	exempt	train	100000	0.24
1789641855	1942	exempt	train	100000	0.24
1789641856	1942	exempt	train	100000	0.24
1789641856	1942	exempt	train	100000	0.24
1789641856	1942	exempt	train	100000	0.24
1789641857	1942	exempt	train	100000	0.23
1789641857	1942	exempt	train	100000	0.23
1789641857	1942	exempt	train	100000	0.24
1789641858	1942	exempt	train	100000	0.24
1789641858	1942	exempt	train	100000	0.24
1789641858	1942	exempt	train	100000	0.24
1789641859	1942	exempt	train	100000	0.22
1789641859	1942	exempt	train	100000	0.24
1789641859	1942	exempt	train	100000	0.23
1789641860	1942	exempt	train	100000	0.24
1789641860	1942	exempt	train	100000	0.23
1789641860	1942	exempt	train	100000	0.24
1789641861	1942	exempt	train	100000	0.23
1789641861	1942	exempt	train	100000	0.23
1789641861	1942	exempt	train	100000	0.24
1789641862	1942	exempt	train	100000	0.24
1789641862	1942	exempt	train	100000	0.23
1789641862	1942	exempt	train	100000	0.25
1789641863	1942	exempt	train	100000	0.23
1789641863	1942	exempt	train	100000	0.23
1789641863	1942	exempt	train	100000	0.23
1789641864	1942	exempt	train	100000	0.23
1789641864	1942	exempt	train	100000	0.23
1789641864	1942	exempt	train	100000	0.23
1789641865	1942	exempt	train	100000	0.23
1789641865	1942	exempt	train	100000	0.24
1789641865	1942	exempt	train	100000	0.24
1789641866	1942	exempt	train	100000	0.25
1789641866	1942	exempt	train	100000	0.25
1789641866	1942	exempt	train	100000	0.25
1789641867	1942	exempt	train	100000	0.24
1789641867	1942	exempt	train	100000	0.25
1789641867	1942	exempt	train	100000	0.25
1789641868	1942	exempt	train	100000	0.25
1789641868	1942	exempt	train	100000	0.27
1789641869	1942	exempt	train	100000	0.24
1789641869	1942	exempt	train	100000	0.24
1789641869	1942	exempt	train	100000	0.23
1789641870	1942	exempt	train	100000	0.24
1789641870	1942	exempt	train	100000	0.24
1789641870	1942	exempt	train	100000	0.24
1789641871	1942	exempt	train	100000	0.25
1789641871	1942	exempt	train	100000	0.24
1789641871	1942	exempt	train	100000	0.24
1789641872	1942	exempt	train	100000	0.25
1789641872	1942	exempt	train	100000	0.25
1789641872	1942	exempt	train	100000	0.24
1789641873	1942	exempt	train	100000	0.25
1789641873	1942	exempt	train	100000	0.24
1789641873	1942	exempt	train	100000	0.24
1789641874	1942	exempt	train	100000	0.24
1789641874	1942	exempt	train	100000	0.23
1789641874	1942	exempt	train	100000	0.24
1789641875	1942	exempt	train	100000	0.24
1789641875	1942	exempt	train	100000	0.23
1789641875	1942	exempt	train	100000	0.23
1789641876	1942	exempt	train	100000	0.23
1789641876	1942	exempt	train	100000	0.24
1789641876	1942	exempt	train	100000	0.24
1789641877	1942	exempt	train	100000	0.23
1789641877	1942	exempt	train	100000	0.24
1789641877	1942	exempt	train	100000	0.24
1789641878	1942	exempt	train	100000	0.25
1789641878	1942	exempt	train	100000	0.23
1789641878	1942	exempt	train	100000	0.24
1789641879	1942	exempt	train	100000	0.24
1789641879	1942	exempt	train	100000	0.24
1789641879	1942	exempt	train	100000	0.24
1789641880	1942	exempt	train	100000	0.24
1789641880	1942	exempt	train	100000	0.23
1789641880	1942	exempt	train	100000	0.23
1789641881	1942	exempt	train	100000	0.23
1789641881	1942	exempt	train	100000	0.25
1789641881	1942	exempt	train	100000	0.23
1789641882	1942	exempt	train	100000	0.23
1789641882	1942	exempt	train	100000	0.24
1789641882	1942	exempt	train	100000	0.23
1789641883	1942	exempt	train	100000	0.24
1789641883	1942	exempt	train	100000	0.24
1789641883	1942	exempt	train	100000	0.22
1789641884	1942	exempt	train	100000	0.23
1789641884	1942	exempt	train	100000	0.24
1789641884	1942	exempt	train	100000	0.23
1789641885	1942	exempt	train	100000	0.24
1789641885	1942	exempt	train	100000	0.23
1789641896	1995	exempt	train	100000	0.22
1789641896	1995	exempt	train	100000	0.22
1789641896	1995	exempt	train	100000	0.22
1789641896	1995	exempt	train	100000	0.22
1789641897	1995	exempt	train	100000	0.22
1789641897	1995	exempt	train	100000	0.23
1789641897	1995	exempt	train	100000	0.23
1789641898	1995	exempt	train	100000	0.22
1789641898	1995	exempt	train	100000	0.23
1789641898	1995	exempt	train	100000	0.22
1789641899	1995	exempt	train	100000	0.41
1789641899	1995	exempt	train	100000	0.41
1789641900	1995	exempt	train	100000	0.42
1789641901	1995	exempt	train	100000	0.41
1789641901	1995	exempt	train	100000	0.42
1789641902	1995	exempt	train	100000	0.44
1789641902	1995	exempt	train	100000	0.43
1789641903	1995	exempt	train	100000	0.41
1789641903	1995	exempt	train	100000	0.43
1789641904	1995	exempt	train	100000	0.42
1789641905	1995	exempt	train	100000	0.49
1789641905	1995	exempt	train	100000	0.48
1789641906	1995	exempt	train	100000	0.48
1789641906	1995	exempt	train	100000	0.49
1789641907	1995	exempt	train	100000	0.50
1789641908	1995	exempt	train	100000	0.51
1789641908	1995	exempt	train	100000	0.51
1789641909	1995	exempt	train	100000	0.47
1789641910	1995	exempt	train	100000	0.48
1789641910	1995	exempt	train	100000	0.46
1789641911	1995	exempt	train	100000	0.63
1789641912	1995	exempt	train	100000	0.67
1789641913	1995	exempt	train	100000	0.63
1789641914	1995	exempt	train	100000	0.63
1789641914	1995	exempt	train	100000	0.63
1789641915	1995	exempt	train	100000	0.62
1789641916	1995	exempt	train	100000	0.63
1789641917	1995	exempt	train	100000	0.65
1789641918	1995	exempt	train	100000	0.63
1789641918	1995	exempt	train	100000	0.66
1789641919	1995	exempt	train	100000	0.49
1789641920	1995	exempt	train	100000	0.50
1789641920	1995	exempt	train	100000	0.49
1789641921	1995	exempt	train	100000	0.49
1789641922	1995	exempt	train	100000	0.52
1789641922	1995	exempt	train	100000	0.50
1789641923	1995	exempt	train	100000	0.49
1789641924	1995	exempt	train	100000	0.51
1789641924	1995	exempt	train	100000	0.49
1789641925	1995	exempt	train	100000	0.49
1789641926	1995	exempt	train	100000	0.39
1789641926	1995	exempt	train	100000	0.40
1789641927	1995	exempt	train	100000	0.38
1789641927	1995	exempt	train	100000	0.39
1789641928	1995	exempt	train	100000	0.39
1789641928	1995	exempt	train	100000	0.39
1789641929	1995	exempt	train	100000	0.39
1789641929	1995	exempt	train	100000	0.40
1789641930	1995	exempt	train	100000	0.38
1789641930	1995	exempt	train	100000	0.38
1789641931	1995	exempt	train	100000	0.71
1789641932	1995	exempt	train	100000	0.72
1789641933	1995	exempt	train	100000	0.73
1789641934	1995	exempt	train	100000	0.70
1789641935	1995	exempt	train	100000	0.69
1789641936	1995	exempt	train	100000	0.73
1789641937	1995	exempt	train	100000	0.71
1789641937	1995	exempt	train	100000	0.65
1789641938	1995	exempt	train	100000	0.70
1789641939	1995	exempt	train	100000	0.67
1789641940	1995	exempt	train	100000	0.30
1789641940	1995	exempt	train	100000	0.30
1789641941	1995	exempt	train	100000	0.31
1789641941	1995	exempt	train	100000	0.31
1789641941	1995	exempt	train	100000	0.31
1789641942	1995	exempt	train	100000	0.30
1789641942	1995	exempt	train	100000	0.31
1789641943	1995	exempt	train	100000	0.31
1789641943	1995	exempt	train	100000	0.30
1789641944	1995	exempt	train	100000	0.31
1789641944	1995	exempt	train	100000	0.34
1789641944	1995	exempt	train	100000	0.34
1789641945	1995	exempt	train	100000	0.33
1789641945	1995	exempt	train	100000	0.32
1789641946	1995	exempt	train	100000	0.33
1789641946	1995	exempt	train	100000	0.33
1789641947	1995	exempt	train	100000	0.33
1789641947	1995	exempt	train	100000	0.34
1789641948	1995	exempt	train	100000	0.32
1789641948	1995	exempt	train	100000	0.33
1789641948	1995	exempt	train	100000	0.33
1789641949	1995	exempt	train	100000	0.33
1789641949	1995	exempt	train	100000	0.34
1789641950	1995	exempt	train	100000	0.33
1789641950	1995	exempt	train	100000	0.33
1789641951	1995	exempt	train	100000	0.33
1789641951	1995	exempt	train	100000	0.34
1789641952	1995	exempt	train	100000	0.33
1789641952	1995	exempt	train	100000	0.33
1789641953	1995	exempt	train	100000	0.33
1789641953	1995	exempt	train	100000	0.29
1789641953	1995	exempt	train	100000	0.31
1789641954	1995	exempt	train	100000	0.31
1789641954	1995	exempt	train	100000	0.30
1789641955	1995	exempt	train	100000	0.30
1789641955	1995	exempt	train	100000	0.31
1789641955	1995	exempt	train	100000	0.32
1789641956	1995	exempt	train	100000	0.32
1789641956	1995	exempt	train	100000	0.32
1789641957	1995	exempt	train	100000	0.32
1789641957	1995	exempt	train	100000	0.34
1789641958	1995	exempt	train	100000	0.35
1789641958	1995	exempt	train	100000	0.34
1789641959	1995	exempt	train	100000	0.34
1789641959	1995	exempt	train	100000	0.33
1789641960	1995	exempt	train	100000	0.35
1789641960	1995	exempt	train	100000	0.35
1789641960	1995	exempt	train	100000	0.35
1789641961	1995	exempt	train	100000	0.33
1789641961	1995	exempt	train	100000	0.35
1789641962	1995	exempt	train	100000	0.36
1789641962	1995	exempt	train	100000	0.38
1789641963	1995	exempt	train	100000	0.37
1789641963	1995	exempt	train	100000	0.34
1789641964	1995	exempt	train	100000	0.35
1789641964	1995	exempt	train	100000	0.35
1789641965	1995	exempt	train	100000	0.35
1789641965	1995	exempt	train	100000	0.36
1789641966	1995	exempt	train	100000	0.35
1789641966	1995	exempt	train	100000	0.37
1789641967	1995	exempt	train	100000	0.35
1789641967	1995	exempt	train	100000	0.35
1789641968	1995	exempt	train	100000	0.34
1789641968	1995	exempt	train	100000	0.36
1789641968	1995	exempt	train	100000	0.35
1789641969	1995	exempt	train	100000	0.35
1789641969	1995	exempt	train	100000	0.35
1789641970	1995	exempt	train	100000	0.37
1789641970	1995	exempt	train	100000	0.36
1789641971	1995	exempt	train	100000	0.35
1789641971	1995	exempt	train	100000	0.34
1789641972	1995	exempt	train	100000	0.33
1789641972	1995	exempt	train	100000	0.34
1789641973	1995	exempt	train	100000	0.33
1789641973	1995	exempt	train	100000	0.33
1789641974	1995	exempt	train	100000	0.33
1789641974	1995	exempt	train	100000	0.34
1789641974	1995	exempt	train	100000	0.33
1789641975	1995	exempt	train	100000	0.33
1789641975	1995	exempt	train	100000	0.34
1789641988	2048	exempt	train	100000	1.31
1789641989	2048	exempt	train	100000	0.75
1789641990	2048	exempt	train	100000	0.76
1789641991	2048	exempt	train	100000	0.76
1789641992	2048	exempt	train	100000	0.76
1789641993	2048	exempt	train	100000	0.77
1789641994	2048	exempt	train	100000	0.76
1789641995	2048	exempt	train	100000	0.78
1789641996	2048	exempt	train	100000	0.79
1789641997	2048	exempt	train	100000	0.79
1789641998	2048	exempt	train	100000	0.88
1789641999	2048	exempt	train	100000	0.85
1789642000	2048	exempt	train	100000	0.83
1789642001	2048	exempt	train	100000	0.87
1789642002	2048	exempt	train	100000	0.86
1789642003	2048	exempt	train	100000	0.86
1789642004	2048	exempt	train	100000	0.84
1789642005	2048	exempt	train	100000	0.85
1789642006	2048	exempt	train	100000	0.86
1789642007	2048	exempt	train	100000	0.86
1789642008	2048	exempt	train	100000	0.86
1789642010	2048	exempt	train	100000	0.92
1789642011	2048	exempt	train	100000	0.94
1789642013	2048	exempt	train	100000	1.70
1789642014	2048	exempt	train	100000	0.90
1789642015	2048	exempt	train	100000	0.91
1789642016	2048	exempt	train	100000	0.90
1789642017	2048	exempt	train	100000	0.88
1789642018	2048	exempt	train	100000	0.89
1789642019	2048	exempt	train	100000	0.90
1789642020	2048	exempt	train	100000	0.92
1789642022	2048	exempt	train	100000	0.96
1789642023	2048	exempt	train	100000	0.88
1789642024	2048	exempt	train	100000	0.89
1789642025	2048	exempt	train	100000	0.90
1789642026	2048	exempt	train	100000	0.93
1789642027	2048	exempt	train	100000	0.92
1789642028	2048	exempt	train	100000	0.89
1789642029	2048	exempt	train	100000	0.87
1789642031	2048	exempt	train	100000	0.93
1789642032	2048	exempt	train	100000	0.84
1789642033	2048	exempt	train	100000	0.83
1789642034	2048	exempt	train	100000	0.79
1789642035	2048	exempt	train	100000	0.80
1789642036	2048	exempt	train	100000	0.82
1789642037	2048	exempt	train	100000	0.82
1789642038	2048	exempt	train	100000	0.77
1789642039	2048	exempt	train	100000	0.78
1789642040	2048	exempt	train	100000	0.81
1789642041	2048	exempt	train	100000	0.79
1789642041	2048	exempt	train	100000	0.44
1789642042	2048	exempt	train	100000	0.44
1789642043	2048	exempt	train	100000	0.44
1789642043	2048	exempt	train	100000	0.43
1789642044	2048	exempt	train	100000	0.43
1789642044	2048	exempt	train	100000	0.44
1789642045	2048	exempt	train	100000	0.44
1789642045	2048	exempt	train	100000	0.45
1789642046	2048	exempt	train	100000	0.44
1789642047	2048	exempt	train	100000	0.43
1789642048	2048	exempt	train	100000	1.00
1789642049	2048	exempt	train	100000	1.01
1789642050	2048	exempt	train	100000	1.05
1789642052	2048	exempt	train	100000	1.01
1789642053	2048	exempt	train	100000	1.06
1789642054	2048	exempt	train	100000	1.03
1789642055	2048	exempt	train	100000	1.04
1789642057	2048	exempt	train	100000	1.04
1789642058	2048	exempt	train	100000	0.99
1789642059	2048	exempt	train	100000	1.02
1789642060	2048	exempt	train	100000	0.61
1789642061	2048	exempt	train	100000	0.61
1789642062	2048	exempt	train	100000	0.58
1789642062	2048	exempt	train	100000	0.61
1789642063	2048	exempt	train	100000	0.60
1789642064	2048	exempt	train	100000	0.59
1789642065	2048	exempt	train	100000	0.58
1789642065	2048	exempt	train	100000	0.57
1789642066	2048	exempt	train	100000	0.58
1789642067	2048	exempt	train	100000	0.59
1789642068	2048	exempt	train	100000	0.50
1789642068	2048	exempt	train	100000	0.48
1789642069	2048	exempt	train	100000	0.48
1789642070	2048	exempt	train	100000	0.48
1789642070	2048	exempt	train	100000	0.47
1789642071	2048	exempt	train	100000	0.50
1789642072	2048	exempt	train	100000	0.48
1789642072	2048	exempt	train	100000	0.48
1789642073	2048	exempt	train	100000	0.48
1789642073	2048	exempt	train	100000	0.49
1789642074	2048	exempt	train	100000	0.84
1789642075	2048	exempt	train	100000	0.83
1789642077	2048	exempt	train	100000	0.88
1789642078	2048	exempt	train	100000	0.85
1789642079	2048	exempt	train	100000	0.82
1789642080	2048	exempt	train	100000	0.82
1789642081	2048	exempt	train	100000	0.82
1789642082	2048	exempt	train	100000	0.80
1789642083	2048	exempt	train	100000	0.80
1789642084	2048	exempt	train	100000	0.84
1789642084	2048	exempt	train	100000	0.48
1789642085	2048	exempt	train	100000	0.48
1789642086	2048	exempt	train	100000	0.48
1789642086	2048	exempt	train	100000	0.47
1789642087	2048	exempt	train	100000	0.49
1789642087	2048	exempt	train	100000	0.48
1789642088	2048	exempt	train	100000	0.49
1789642089	2048	exempt	train	100000	0.46
1789642089	2048	exempt	train	100000	0.46
1789642090	2048	exempt	train	100000	0.50
1789642091	2048	exempt	train	100000	0.58
1789642091	2048	exempt	train	100000	0.60
1789642092	2048	exempt	train	100000	0.59
1789642093	2048	exempt	train	100000	0.58
1789642094	2048	exempt	train	100000	0.59
1789642095	2048	exempt	train	100000	0.58
1789642095	2048	exempt	train	100000	0.60
1789642096	2048	exempt	train	100000	0.56
1789642097	2048	exempt	train	100000	0.56
1789642098	2048	exempt	train	100000	0.57
1789642098	2048	exempt	train	100000	0.69
1789642099	2048	exempt	train	100000	0.69
1789642100	2048	exempt	train	100000	0.69
1789642101	2048	exempt	train	100000	0.70
1789642102	2048	exempt	train	100000	0.71
1789642103	2048	exempt	train	100000	0.73
1789642104	2048	exempt	train	100000	0.72
1789642105	2048	exempt	train	100000	0.71
1789642105	2048	exempt	train	100000	0.72
1789642106	2048	exempt	train	100000	0.69
1789642107	2048	exempt	train	100000	0.54
1789642108	2048	exempt	train	100000	0.55
1789642109	2048	exempt	train	100000	0.53
1789642109	2048	exempt	train	100000	0.55
1789642110	2048	exempt	train	100000	0.53
1789642111	2048	exempt	train	100000	0.57
1789642111	2048	exempt	train	100000	0.51
1789642112	2048	exempt	train	100000	0.54
1789642113	2048	exempt	train	100000	0.56
1789642113	2048	exempt	train	100000	0.54
1789642114	2048	exempt	train	100000	0.80
1789642115	2048	exempt	train	100000	0.80
1789642116	2048	exempt	train	100000	0.80
1789642117	2048	exempt	train	100000	0.79
1789642118	2048	exempt	train	100000	0.77
1789642119	2048	exempt	train	100000	0.75
1789642120	2048	exempt	train	100000	0.75
1789642121	2048	exempt	train	100000	0.74
1789642122	2048	exempt	train	100000	0.79
1789642123	2048	exempt	train	100000	0.76
1789642124	2048	exempt	train	100000	0.60
1789642125	2048	exempt	train	100000	0.62
1789642125	2048	exempt	train	100000	0.60
1789642126	2048	exempt	train	100000	0.62
1789642127	2048	exempt	train	100000	0.61
1789642128	2048	exempt	train	100000	0.63
1789642129	2048	exempt	train	100000	0.63
1789642129	2048	exempt	train	100000	0.60
1789642130	2048	exempt	train	100000	0.64
1789642131	2048	exempt	train	100000	0.62
1789642146	2101	exempt	train	100000	0.90
1789642147	2101	exempt	train	100000	0.92
1789642148	2101	exempt	train	100000	0.88
1789642149	2101	exempt	train	100000	0.91
1789642150	2101	exempt	train	100000	0.88
1789642151	2101	exempt	train	100000	0.88
1789642152	2101	exempt	train	100000	0.88
1789642153	2101	exempt	train	100000	0.86
1789642154	2101	exempt	train	100000	0.84
1789642155	2101	exempt	train	100000	0.90
1789642156	2101	exempt	train	100000	0.87
1789642157	2101	exempt	train	100000	0.88
1789642159	2101	exempt	train	100000	0.87
1789642160	2101	exempt	train	100000	0.89
1789642161	2101	exempt	train	100000	0.90
1789642162	2101	exempt	train	100000	0.90
1789642163	2101	exempt	train	100000	0.89
1789642164	2101	exempt	train	100000	0.89
1789642165	2101	exempt	train	100000	0.89
1789642166	2101	exempt	train	100000	0.89
1789642167	2101	exempt	train	100000	0.89
1789642169	2101	exempt	train	100000	0.93
1789642170	2101	exempt	train	100000	0.90
1789642171	2101	exempt	train	100000	0.90
1789642172	2101	exempt	train	100000	0.89
1789642173	2101	exempt	train	100000	0.90
1789642174	2101	exempt	train	100000	0.89
1789642175	2101	exempt	train	100000	0.92
1789642176	2101	exempt	train	100000	0.87
1789642177	2101	exempt	train	100000	0.89
1789642180	2101	exempt	train	100000	2.45
1789642183	2101	exempt	train	100000	2.44
1789642186	2101	exempt	train	100000	2.41
1789642188	2101	exempt	train	100000	2.43
1789642191	2101	exempt	train	100000	2.40
1789642194	2101	exempt	train	100000	2.46
1789642197	2101	exempt	train	100000	2.43
1789642199	2101	exempt	train	100000	2.41
1789642202	2101	exempt	train	100000	2.44
1789642205	2101	exempt	train	100000	2.42
1789642209	2101	exempt	train	100000	3.65
1789642213	2101	exempt	train	100000	3.62
1789642217	2101	exempt	train	100000	3.54
1789642221	2101	exempt	train	100000	3.62
1789642225	2101	exempt	train	100000	3.55
1789642230	2101	exempt	train	100000	3.60
1789642234	2101	exempt	train	100000	3.44
1789642238	2101	exempt	train	100000	3.49
1789642242	2101	exempt	train	100000	3.50
1789642246	2101	exempt	train	100000	3.61
1789642247	2101	exempt	train	100000	1.18
1789642249	2101	exempt	train	100000	1.20
1789642250	2101	exempt	train	100000	1.26
1789642252	2101	exempt	train	100000	1.21
1789642253	2101	exempt	train	100000	1.20
1789642255	2101	exempt	train	100000	1.20
1789642256	2101	exempt	train	100000	1.26
1789642258	2101	exempt	train	100000	1.27
1789642259	2101	exempt	train	100000	1.22
1789642261	2101	exempt	train	100000	1.27
1789642262	2101	exempt	train	100000	1.40
1789642264	2101	exempt	train	100000	1.41
1789642266	2101	exempt	train	100000	1.41
1789642267	2101	exempt	train	100000	1.40
1789642269	2101	exempt	train	100000	1.41
1789642271	2101	exempt	train	100000	1.40
1789642272	2101	exempt	train	100000	1.40
1789642274	2101	exempt	train	100000	1.43
1789642276	2101	exempt	train	100000	1.36
1789642277	2101	exempt	train	100000	1.38
1789642279	2101	exempt	train	100000	1.56
1789642281	2101	exempt	train	100000	1.59
1789642283	2101	exempt	train	100000	1.57
1789642285	2101	exempt	train	100000	1.56
1789642286	2101	exempt	train	100000	1.50
1789642288	2101	exempt	train	100000	1.63
1789642290	2101	exempt	train	100000	1.54
1789642292	2101	exempt	train	100000	1.54
1789642294	2101	exempt	train	100000	1.57
1789642296	2101	exempt	train	100000	1.57
1789642297	2101	exempt	train	100000	1.13
1789642298	2101	exempt	train	100000	1.13
1789642300	2101	exempt	train	100000	1.12
1789642301	2101	exempt	train	100000	1.10
1789642302	2101	exempt	train	100000	1.14
1789642304	2101	exempt	train	100000	1.14
1789642305	2101	exempt	train	100000	1.15
1789642307	2101	exempt	train	100000	1.13
1789642308	2101	exempt	train	100000	1.11
1789642309	2101	exempt	train	100000	1.15
1789642310	2101	exempt	train	100000	0.63
1789642311	2101	exempt	train	100000	0.62
1789642312	2101	exempt	train	100000	0.62
1789642313	2101	exempt	train	100000	0.62
1789642313	2101	exempt	train	100000	0.61
1789642314	2101	exempt	train	100000	0.66
1789642315	2101	exempt	train	100000	0.63
1789642316	2101	exempt	train	100000	0.64
1789642317	2101	exempt	train	100000	0.64
1789642317	2101	exempt	train	100000	0.67
1789642318	2101	exempt	train	100000	0.62
1789642319	2101	exempt	train	100000	0.68
1789642320	2101	exempt	train	100000	0.64
1789642321	2101	exempt	train	100000	0.65
1789642322	2101	exempt	train	100000	0.64
1789642322	2101	exempt	train	100000	0.64
1789642323	2101	exempt	train	100000	0.66
1789642324	2101	exempt	train	100000	0.63
1789642325	2101	exempt	train	100000	0.64
1789642325	2101	exempt	train	100000	0.63
1789642327	2101	exempt	train	100000	1.08
1789642328	2101	exempt	train	100000	1.08
1789642329	2101	exempt	train	100000	1.08
1789642331	2101	exempt	train	100000	1.09
1789642332	2101	exempt	train	100000	1.08
1789642333	2101	exempt	train	100000	1.06
1789642335	2101	exempt	train	100000	1.05
1789642336	2101	exempt	train	100000	1.07
1789642337	2101	exempt	train	100000	1.05
1789642339	2101	exempt	train	100000	1.11
1789642341	2101	exempt	train	100000	1.74
1789642343	2101	exempt	train	100000	1.81
1789642345	2101	exempt	train	100000	1.78
1789642347	2101	exempt	train	100000	1.78
1789642349	2101	exempt	train	100000	1.80
1789642351	2101	exempt	train	100000	1.76
1789642354	2101	exempt	train	100000	1.77
1789642356	2101	exempt	train	100000	1.76
1789642358	2101	exempt	train	100000	1.81
1789642360	2101	exempt	train	100000	1.82
1789642361	2101	exempt	train	100000	0.51
1789642362	2101	exempt	train	100000	0.55
1789642362	2101	exempt	train	100000	0.52
1789642363	2101	exempt	train	100000	0.56
1789642364	2101	exempt	train	100000	0.53
1789642364	2101	exempt	train	100000	0.57
1789642365	2101	exempt	train	100000	0.52
1789642366	2101	exempt	train	100000	0.54
1789642366	2101	exempt	train	100000	0.51
1789642367	2101	exempt	train	100000	0.57
1789642368	2101	exempt	train	100000	0.85
1789642369	2101	exempt	train	100000	0.84
1789642370	2101	exempt	train	100000	0.78
1789642371	2101	exempt	train	100000	0.76
1789642372	2101	exempt	train	100000	0.80
1789642373	2101	exempt	train	100000	0.80
1789642374	2101	exempt	train	100000	0.77
1789642375	2101	exempt	train	100000	0.82
1789642376	2101	exempt	train	100000	0.81
1789642377	2101	exempt	train	100000	0.78
1789642378	2101	exempt	train	100000	0.89
1789642379	2101	exempt	train	100000	0.85
1789642380	2101	exempt	train	100000	0.79
1789642381	2101	exempt	train	100000	0.83
1789642382	2101	exempt	train	100000	0.82
1789642383	2101	exempt	train	100000	0.82
1789642384	2101	exempt	train	100000	0.83
1789642385	2101	exempt	train	100000	0.82
1789642386	2101	exempt	train	100000	0.87
1789642388	2101	exempt	train	100000	0.87
1789642388	2101	exempt	train	100000	0.73
1789642389	2101	exempt	train	100000	0.74
1789642390	2101	exempt	train	100000	0.79
1789642391	2101	exempt	train	100000	0.75
1789642392	2101	exempt	train	100000	0.72
1789642393	2101	exempt	train	100000	0.72
1789642394	2101	exempt	train	100000	0.73
1789642395	2101	exempt	train	100000	0.75
1789642396	2101	exempt	train	100000	0.74
1789642397	2101	exempt	train	100000	0.75
1789642398	2101	exempt	train	100000	0.99
1789642399	2101	exempt	train	100000	1.05
1789642401	2101	exempt	train	100000	0.97
1789642402	2101	exempt	train	100000	1.02
1789642403	2101	exempt	train	100000	1.04
1789642404	2101	exempt	train	100000	1.04
1789642406	2101	exempt	train	100000	1.04
1789642407	2101	exempt	train	100000	1.01
1789642408	2101	exempt	train	100000	0.97
1789642409	2101	exempt	train	100000	1.01
1789642427	2242	counted	train	100000	3.69
1789642430	2242	counted	train	100000	3.63
1789642434	2242	counted	train	100000	3.49
1789642438	2242	counted	train	100000	3.58
1789642441	2242	counted	train	100000	3.57
1789642445	2242	counted	train	100000	3.58
1789642448	2242	counted	train	100000	3.59
1789642452	2242	counted	train	100000	3.63
1789642456	2242	counted	train	100000	3.57
1789642459	2242	counted	train	100000	3.59
1789642480	2309	exempt	train	100000	3.66
1789642484	2309	exempt	train	100000	3.58
1789642488	2309	exempt	train	100000	3.64
1789642492	2309	exempt	train	100000	3.55
1789642496	2309	exempt	train	100000	3.57
1789642500	2309	exempt	train	100000	3.55
1789642504	2309	exempt	train	100000	3.54
1789642508	2309	exempt	train	100000	3.57
1789642512	2309	exempt	train	100000	3.57
1789642516	2309	exempt	train	100000	3.68
1789642520	2309	exempt	train	100000	3.68
1789642525	2309	exempt	train	100000	3.76
1789642529	2309	exempt	train	100000	3.62
1789642533	2309	exempt	train	100000	3.62
1789642537	2309	exempt	train	100000	3.90
1789642541	2309	exempt	train	100000	3.83
1789642546	2309	exempt	train	100000	3.74
1789642550	2309	exempt	train	100000	3.72
1789642554	2309	exempt	train	100000	3.52
1789642558	2309	exempt	train	100000	3.74
1789642562	2309	exempt	train	100000	3.69
1789642566	2309	exempt	train	100000	3.66
1789642570	2309	exempt	train	100000	3.59
1789642574	2309	exempt	train	100000	3.68
1789642579	2309	exempt	train	100000	3.81
1789642583	2309	exempt	train	100000	3.69
1789642587	2309	exempt	train	100000	3.76
1789642591	2309	exempt	train	100000	3.63
1789642595	2309	exempt	train	100000	3.68
1789642599	2309	exempt	train	100000	3.65
1789642605	2309	exempt	train	100000	4.96
1789642611	2309	exempt	train	100000	5.01
1789642616	2309	exempt	train	100000	4.86
1789642622	2309	exempt	train	100000	5.12
1789642627	2309	exempt	train	100000	4.96
1789642633	2309	exempt	train	100000	5.04
1789642638	2309	exempt	train	100000	5.05
1789642644	2309	exempt	train	100000	5.02
1789642650	2309	exempt	train	100000	4.98
1789642655	2309	exempt	train	100000	5.00
1789642658	2309	exempt	train	100000	2.76
1789642662	2309	exempt	train	100000	2.77
1789642665	2309	exempt	train	100000	2.69
1789642668	2309	exempt	train	100000	2.57
1789642671	2309	exempt	train	100000	2.59
1789642674	2309	exempt	train	100000	2.74
1789642677	2309	exempt	train	100000	2.65
1789642680	2309	exempt	train	100000	2.61
1789642682	2309	exempt	train	100000	2.63
1789642686	2309	exempt	train	100000	2.70
1789642688	2309	exempt	train	100000	2.18
1789642690	2309	exempt	train	100000	2.09
1789642693	2309	exempt	train	100000	2.22
1789642695	2309	exempt	train	100000	2.16
1789642698	2309	exempt	train	100000	2.21
1789642700	2309	exempt	train	100000	2.14
1789642703	2309	exempt	train	100000	2.06
1789642705	2309	exempt	train	100000	2.12
1789642708	2309	exempt	train	100000	2.12
1789642710	2309	exempt	train	100000	2.13
1789642713	2309	exempt	train	100000	2.25
1789642715	2309	exempt	train	100000	2.16
1789642718	2309	exempt	train	100000	2.23
1789642720	2309	exempt	train	100000	2.32
1789642723	2309	exempt	train	100000	2.27
1789642725	2309	exempt	train	100000	2.16
1789642728	2309	exempt	train	100000	2.26
1789642730	2309	exempt	train	100000	2.24
1789642733	2309	exempt	train	100000	2.31
1789642735	2309	exempt	train	100000	2.35
1789642741	2309	exempt	train	100000	5.20
1789642747	2309	exempt	train	100000	5.00
1789642753	2309	exempt	train	100000	5.24
1789642759	2309	exempt	train	100000	5.19
1789642764	2309	exempt	train	100000	5.18
1789642770	2309	exempt	train	100000	5.09
1789642776	2309	exempt	train	100000	4.96
1789642782	2309	exempt	train	100000	4.96
1789642787	2309	exempt	train	100000	4.85
1789642793	2309	exempt	train	100000	4.94
1789642797	2309	exempt	train	100000	3.01
1789642800	2309	exempt	train	100000	3.06
1789642804	2309	exempt	train	100000	3.09
1789642807	2309	exempt	train	100000	3.02
1789642811	2309	exempt	train	100000	3.02
1789642814	2309	exempt	train	100000	3.09
1789642818	2309	exempt	train	100000	3.13
1789642821	2309	exempt	train	100000	3.01
1789642825	2309	exempt	train	100000	3.01
1789642828	2309	exempt	train	100000	3.05
1789642833	2309	exempt	train	100000	3.97
1789642837	2309	exempt	train	100000	3.92
1789642842	2309	exempt	train	100000	3.98
1789642846	2309	exempt	train	100000	4.09
1789642851	2309	exempt	train	100000	4.05
1789642855	2309	exempt	train	100000	3.94
1789642860	2309	exempt	train	100000	4.04
1789642864	2309	exempt	train	100000	3.95
1789642869	2309	exempt	train	100000	4.06
1789642873	2309	exempt	train	100000	3.95
1789642877	2309	exempt	train	100000	3.10
1789642880	2309	exempt	train	100000	3.18
1789642884	2309	exempt	train	100000	3.05
1789642888	2309	exempt	train	100000	3.20
1789642891	2309	exempt	train	100000	3.11
1789642901	2339	exempt	train	100000	3.60
1789642905	2339	exempt	train	100000	3.52
1789642909	2339	exempt	train	100000	3.53
1789642914	2339	exempt	train	100000	3.63
1789642917	2339	exempt	train	100000	3.44
1789642921	2339	exempt	train	100000	3.51
1789642925	2339	exempt	train	100000	3.44
1789642929	2339	exempt	train	100000	3.50
1789642933	2339	exempt	train	100000	3.54
1789642937	2339	exempt	train	100000	3.62
1789642941	2339	exempt	train	100000	3.67
1789642946	2339	exempt	train	100000	3.69
1789642950	2339	exempt	train	100000	3.62
1789642954	2339	exempt	train	100000	3.58
1789642958	2339	exempt	train	100000	3.84
1789642962	2339	exempt	train	100000	3.73
1789642966	2339	exempt	train	100000	3.71
1789642971	2339	exempt	train	100000	3.69
1789642975	2339	exempt	train	100000	3.53
1789642979	2339	exempt	train	100000	3.66
1789642983	2339	exempt	train	100000	3.67
1789642987	2339	exempt	train	100000	3.68
1789642991	2339	exempt	train	100000	3.72
1789642995	2339	exempt	train	100000	3.62
1789643000	2339	exempt	train	100000	3.84
1789643004	2339	exempt	train	100000	3.75
1789643008	2339	exempt	train	100000	3.80
1789643012	2339	exempt	train	100000	3.72
1789643016	2339	exempt	train	100000	3.76
1789643021	2339	exempt	train	100000	3.69
1789643026	2339	exempt	train	100000	4.99
1789643032	2339	exempt	train	100000	5.04
1789643037	2339	exempt	train	100000	4.94
1789643043	2339	exempt	train	100000	5.14
1789643049	2339	exempt	train	100000	5.01
1789643054	2339	exempt	train	100000	4.98
1789643060	2339	exempt	train	100000	5.06
1789643065	2339	exempt	train	100000	4.95
1789643071	2339	exempt	train	100000	4.96
1789643076	2339	exempt	train	100000	4.94
1789643080	2339	exempt	train	100000	2.63
1789643083	2339	exempt	train	100000	2.74
1789643086	2339	exempt	train	100000	2.78
1789643089	2339	exempt	train	100000	2.68
1789643092	2339	exempt	train	100000	2.75
1789643095	2339	exempt	train	100000	2.80
1789643098	2339	exempt	train	100000	2.72
1789643102	2339	exempt	train	100000	2.77
1789643105	2339	exempt	train	100000	2.74
1789643108	2339	exempt	train	100000	2.80
1789643111	2339	exempt	train	100000	2.21
1789643113	2339	exempt	train	100000	2.21
1789643116	2339	exempt	train	100000	2.21
1789643118	2339	exempt	train	100000	2.21
1789643121	2339	exempt	train	100000	2.25
1789643123	2339	exempt	train	100000	2.20
1789643126	2339	exempt	train	100000	2.14
1789643128	2339	exempt	train	100000	2.22
1789643131	2339	exempt	train	100000	2.18
1789643133	2339	exempt	train	100000	2.21
1789643136	2339	exempt	train	100000	2.25
1789643138	2339	exempt	train	100000	2.23
1789643141	2339	exempt	train	100000	2.25
1789643143	2339	exempt	train	100000	2.31
1789643146	2339	exempt	train	100000	2.25
1789643148	2339	exempt	train	100000	2.22
1789643151	2339	exempt	train	100000	2.24
1789643153	2339	exempt	train	100000	2.23
1789643156	2339	exempt	train	100000	2.23
1789643158	2339	exempt	train	100000	2.31
1789643164	2339	exempt	train	100000	5.01
1789643169	2339	exempt	train	100000	4.95
1789643175	2339	exempt	train	100000	5.06
1789643181	2339	exempt	train	100000	5.16
1789643187	2339	exempt	train	100000	5.14
1789643193	2339	exempt	train	100000	5.20
1789643199	2339	exempt	train	100000	5.19
1789643205	2339	exempt	train	100000	5.08
1789643210	2339	exempt	train	100000	4.96
1789643216	2339	exempt	train	100000	5.04
1789643220	2339	exempt	train	100000	3.07
1789643223	2339	exempt	train	100000	3.04
1789643227	2339	exempt	train	100000	3.08
1789643230	2339	exempt	train	100000	3.03
1789643234	2339	exempt	train	100000	3.08
1789643237	2339	exempt	train	100000	3.09
1789643241	2339	exempt	train	100000	3.14
1789643244	2339	exempt	train	100000	3.07
1789643248	2339	exempt	train	100000	3.07
1789643251	2339	exempt	train	100000	3.08
1789643256	2339	exempt	train	100000	4.05
1789643260	2339	exempt	train	100000	3.93
1789643265	2339	exempt	train	100000	3.90
1789643269	2339	exempt	train	100000	4.07
1789643274	2339	exempt	train	100000	4.06
1789643278	2339	exempt	train	100000	3.88
1789643282	2339	exempt	train	100000	3.96
1789643287	2339	exempt	train	100000	3.99
1789643291	2339	exempt	train	100000	3.89
1789643296	2339	exempt	train	100000	3.93
1789643315	2431	exempt	train	100000	5.53
1789643321	2431	exempt	train	100000	5.54
1789643327	2431	exempt	train	100000	5.38
1789643334	2431	exempt	train	100000	5.52
1789643340	2431	exempt	train	100000	5.44
1789643346	2431	exempt	train	100000	5.57
1789643352	2431	exempt	train	100000	5.44
1789643358	2431	exempt	train	100000	5.37
1789643364	2431	exempt	train	100000	5.44
1789643370	2431	exempt	train	100000	5.36
1789643374	2431	exempt	train	100000	3.23
1789643377	2431	exempt	train	100000	3.23
1789643381	2431	exempt	train	100000	3.23
1789643384	2431	exempt	train	100000	3.30
1789643388	2431	exempt	train	100000	3.18
1789643391	2431	exempt	train	100000	3.27
1789643395	2431	exempt	train	100000	3.25
1789643399	2431	exempt	train	100000	3.30
1789643402	2431	exempt	train	100000	3.23
1789643406	2431	exempt	train	100000	3.22
1789643410	2431	exempt	train	100000	3.55
1789643414	2431	exempt	train	100000	3.67
1789643417	2431	exempt	train	100000	3.51
1789643421	2431	exempt	train	100000	3.53
1789643425	2431	exempt	train	100000	3.55
1789643429	2431	exempt	train	100000	3.59
1789643433	2431	exempt	train	100000	3.55
1789643437	2431	exempt	train	100000	3.55
1789643441	2431	exempt	train	100000	3.59
1789643445	2431	exempt	train	100000	3.49
1789643448	2431	exempt	train	100000	2.85
1789643451	2431	exempt	train	100000	2.86
1789643454	2431	exempt	train	100000	2.77
1789643457	2431	exempt	train	100000	2.78
1789643461	2431	exempt	train	100000	2.82
1789643464	2431	exempt	train	100000	2.72
1789643467	2431	exempt	train	100000	2.73
1789643470	2431	exempt	train	100000	2.69
1789643473	2431	exempt	train	100000	2.81
1789643476	2431	exempt	train	100000	2.86
1789643481	2431	exempt	train	100000	4.63
1789643486	2431	exempt	train	100000	4.48
1789643492	2431	exempt	train	100000	4.58
1789643497	2431	exempt	train	100000	4.57
1789643502	2431	exempt	train	100000	4.53
1789643507	2431	exempt	train	100000	4.60
1789643512	2431	exempt	train	100000	4.54
1789643517	2431	exempt	train	100000	4.62
1789643522	2431	exempt	train	100000	4.61
1789643527	2431	exempt	train	100000	4.52
1789643545	2500	exempt	train	66666	2.48
1789643547	2500	exempt	train	66666	2.46
1789643550	2500	exempt	train	66666	2.38
1789643552	2500	exempt	train	66666	2.44
1789643555	2500	exempt	train	66666	2.47
1789643558	2500	exempt	train	66667	2.42
1789643560	2500	exempt	train	66667	2.38
1789643563	2500	exempt	train	66667	2.49
1789643565	2500	exempt	train	66667	2.48
1789643568	2500	exempt	train	66667	2.35
1789643571	2500	exempt	train	66667	2.42
1789643573	2500	exempt	train	66667	2.46
1789643576	2500	exempt	train	66667	2.43
1789643578	2500	exempt	train	66667	2.48
1789643581	2500	exempt	train	66667	2.50
1789643584	2500	exempt	train	66666	2.45
1789643586	2500	exempt	train	66666	2.38
1789643589	2500	exempt	train	66666	2.39
1789643591	2500	exempt	train	66666	2.38
1789643593	2500	exempt	train	66666	2.35
1789643596	2500	exempt	train	66667	2.29
1789643598	2500	exempt	train	66667	2.38
1789643601	2500	exempt	train	66667	2.49
1789643603	2500	exempt	train	66667	2.45
1789643606	2500	exempt	train	66667	2.38
1789643609	2500	exempt	train	66667	2.25
1789643611	2500	exempt	train	66667	2.30
1789643613	2500	exempt	train	66667	2.27
1789643616	2500	exempt	train	66667	2.39
1789643618	2500	exempt	train	66667	2.31
1789643622	2500	exempt	train	100000	3.54
1789643626	2500	exempt	train	100000	3.57
1789643630	2500	exempt	train	100000	3.54
1789643634	2500	exempt	train	100000	3.56
1789643638	2500	exempt	train	100000	3.47
1789643642	2500	exempt	train	100000	3.48
1789643646	2500	exempt	train	100000	3.84
1789643650	2500	exempt	train	100000	3.57
1789643654	2500	exempt	train	100000	3.51
1789643658	2500	exempt	train	100000	3.64
1789643662	2500	exempt	train	100000	3.56
1789643666	2500	exempt	train	100000	3.62
1789643670	2500	exempt	train	100000	3.44
1789643673	2500	exempt	train	100000	3.58
1789643677	2500	exempt	train	100000	3.51
1789643681	2500	exempt	train	100000	3.55
1789643685	2500	exempt	train	100000	3.56
1789643689	2500	exempt	train	100000	3.60
1789643693	2500	exempt	train	100000	3.64
1789643697	2500	exempt	train	100000	3.54
1789643701	2500	exempt	train	100000	3.58
1789643705	2500	exempt	train	100000	3.60
1789643708	2500	exempt	train	100000	3.43
1789643712	2500	exempt	train	100000	3.59
1789643716	2500	exempt	train	100000	3.55
1789643720	2500	exempt	train	100000	3.56
1789643724	2500	exempt	train	100000	3.43
1789643727	2500	exempt	train	100000	3.47
1789643731	2500	exempt	train	100000	3.49
1789643735	2500	exempt	train	100000	3.40
1789643739	2500	exempt	train	100000	3.44
1789643742	2500	exempt	train	100000	3.40
1789643746	2500	exempt	train	100000	3.47
1789643750	2500	exempt	train	100000	3.51
1789643754	2500	exempt	train	100000	3.75
1789643758	2500	exempt	train	100000	3.65
1789643762	2500	exempt	train	100000	3.55
1789643766	2500	exempt	train	100000	3.51
1789643770	2500	exempt	train	100000	3.61
1789643773	2500	exempt	train	100000	3.41
1789643777	2500	exempt	train	100000	3.61
1789643781	2500	exempt	train	100000	3.51
1789643785	2500	exempt	train	100000	3.56
1789643789	2500	exempt	train	100000	3.57
1789643793	2500	exempt	train	100000	3.46
1789643797	2500	exempt	train	100000	3.59
1789643801	2500	exempt	train	100000	3.62
1789643804	2500	exempt	train	100000	3.57
1789643808	2500	exempt	train	100000	3.51
1789643812	2500	exempt	train	100000	3.48
1789643816	2500	exempt	train	100000	3.57
1789643820	2500	exempt	train	100000	3.43
1789643824	2500	exempt	train	100000	3.57
1789643828	2500	exempt	train	100000	3.61
1789643831	2500	exempt	train	100000	3.47
1789643835	2500	exempt	train	100000	3.62
1789643839	2500	exempt	train	100000	3.55
1789643843	2500	exempt	train	100000	3.56
1789643847	2500	exempt	train	100000	3.47
1789643851	2500	exempt	train	100000	3.53
1789643855	2500	exempt	train	100000	3.55
1789643858	2500	exempt	train	100000	3.54
1789643862	2500	exempt	train	100000	3.44
1789643866	2500	exempt	train	100000	3.43
1789643870	2500	exempt	train	100000	3.49
1789643874	2500	exempt	train	100000	3.48
1789643877	2500	exempt	train	100000	3.47
1789643881	2500	exempt	train	100000	3.50
1789643885	2500	exempt	train	100000	3.51
1789643889	2500	exempt	train	100000	3.48
1789643904	2600	counted	train	100000	3.62
1789643908	2600	counted	train	100000	3.52
1789643911	2600	counted	train	100000	3.50
1789643915	2600	counted	train	100000	3.61
1789643919	2600	counted	train	100000	3.51
1789643922	2600	counted	train	100000	3.44
1789643926	2600	counted	train	100000	3.55
1789643929	2600	counted	train	100000	3.56
1789643933	2600	counted	train	100000	3.52
1789643936	2600	counted	train	100000	3.49
1789643956	2669	exempt	train	100000	0.42
1789643956	2669	exempt	train	100000	0.42
1789643957	2669	exempt	train	100000	0.40
1789643958	2669	exempt	train	100000	0.41
1789643959	2669	exempt	train	100000	0.43
1789643959	2669	exempt	train	100000	0.44
1789643960	2669	exempt	train	100000	0.45
1789643961	2669	exempt	train	100000	0.45
1789643962	2669	exempt	train	100000	0.46
1789643962	2669	exempt	train	100000	0.46
1789643963	2669	exempt	train	100000	0.45
1789643964	2669	exempt	train	100000	0.49
1789643964	2669	exempt	train	100000	0.42
1789643965	2669	exempt	train	100000	0.42
1789643966	2669	exempt	train	100000	0.41
1789643966	2669	exempt	train	100000	0.42
1789643967	2669	exempt	train	100000	0.43
1789643968	2669	exempt	train	100000	0.41
1789643969	2669	exempt	train	100000	0.38
1789643969	2669	exempt	train	100000	0.40
1789643970	2669	exempt	train	100000	0.48
1789643971	2669	exempt	train	100000	0.48
1789643972	2669	exempt	train	100000	0.44
1789643972	2669	exempt	train	100000	0.44
1789643973	2669	exempt	train	100000	0.42
1789643974	2669	exempt	train	100000	0.42
1789643977	2691	exempt	train	100000	0.40
1789643978	2691	exempt	train	100000	0.41
1789643978	2691	exempt	train	100000	0.38
1789643979	2691	exempt	train	100000	0.39
1789643980	2691	exempt	train	100000	0.40
1789643980	2691	exempt	train	100000	0.42
1789643981	2691	exempt	train	100000	0.47
1789643982	2691	exempt	train	100000	0.46
1789643983	2691	exempt	train	100000	0.47
1789643983	2691	exempt	train	100000	0.47
1789643984	2691	exempt	train	100000	0.45
1789643985	2691	exempt	train	100000	0.47
1789643986	2691	exempt	train	100000	0.43
1789643986	2691	exempt	train	100000	0.43
1789643987	2691	exempt	train	100000	0.41
1789643988	2691	exempt	train	100000	0.42
1789643988	2691	exempt	train	100000	0.43
1789643989	2691	exempt	train	100000	0.41
1789643999	2745	exempt	train	100000	0.44
1789644000	2745	exempt	train	100000	0.45
1789644004	2745	exempt	train	100000	3.66
1789644008	2745	exempt	train	100000	3.61
1789644012	2745	exempt	train	100000	3.37
1789644015	2745	exempt	train	100000	3.49
1789644019	2745	exempt	train	100000	3.54
1789644023	2745	exempt	train	100000	3.61
1789644027	2745	exempt	train	100000	3.49
1789644031	2745	exempt	train	100000	3.54
1789644034	2745	exempt	train	100000	3.44
1789644038	2745	exempt	train	100000	3.31
1789644043	2745	exempt	train	100000	4.18
1789644047	2745	exempt	train	100000	4.06
1789644052	2745	exempt	train	100000	4.13
1789644056	2745	exempt	train	100000	4.23
1789644061	2745	exempt	train	100000	4.45
1789644066	2745	exempt	train	100000	4.27
1789644070	2745	exempt	train	100000	4.23
1789644075	2745	exempt	train	100000	4.22
1789644079	2745	exempt	train	100000	4.13
1789644084	2745	exempt	train	100000	4.27
1789644088	2745	exempt	train	100000	3.58
1789644092	2745	exempt	train	100000	3.67
1789644096	2745	exempt	train	100000	3.59
1789644100	2745	exempt	train	100000	3.63
1789644104	2745	exempt	train	100000	3.52
1789644107	2745	exempt	train	100000	3.46
1789644111	2745	exempt	train	100000	3.47
1789644115	2745	exempt	train	100000	3.43
1789644119	2745	exempt	train	100000	3.51
1789644123	2745	exempt	train	100000	3.59
1789644127	2745	exempt	train	100000	3.76
1789644131	2745	exempt	train	100000	3.83
1789644135	2745	exempt	train	100000	3.91
1789644139	2745	exempt	train	100000	3.82
1789644144	2745	exempt	train	100000	3.91
1789644148	2745	exempt	train	100000	3.80
1789644152	2745	exempt	train	100000	3.75
1789644156	2745	exempt	train	100000	3.81
1789644160	2745	exempt	train	100000	3.92
1789644165	2745	exempt	train	100000	3.87
1789644169	2745	exempt	train	100000	3.51
1789644173	2745	exempt	train	100000	3.46
1789644177	2745	exempt	train	100000	3.59
1789644180	2745	exempt	train	100000	3.33
1789644184	2745	exempt	train	100000	3.62
1789644188	2745	exempt	train	100000	3.59
1789644192	2745	exempt	train	100000	3.54
1789644196	2745	exempt	train	100000	3.69
1789644200	2745	exempt	train	100000	3.50
1789644204	2745	exempt	train	100000	3.70
1789644209	2745	exempt	train	100000	4.24
1789644213	2745	exempt	train	100000	4.32
1789644218	2745	exempt	train	100000	4.12
1789644222	2745	exempt	train	100000	4.38
1789644227	2745	exempt	train	100000	4.30
1789644232	2745	exempt	train	100000	4.30
1789644236	2745	exempt	train	100000	4.27
1789644241	2745	exempt	train	100000	4.36
1789644246	2745	exempt	train	100000	4.28
1789644250	2745	exempt	train	100000	4.27
1789644256	2745	exempt	train	100000	4.62
1789644260	2745	exempt	train	100000	4.53
1789644265	2745	exempt	train	100000	4.61
1789644270	2745	exempt	train	100000	4.53
1789644275	2745	exempt	train	100000	4.47
1789644280	2745	exempt	train	100000	4.41
1789644285	2745	exempt	train	100000	4.64
1789644290	2745	exempt	train	100000	4.61
1789644295	2745	exempt	train	100000	4.48
1789644300	2745	exempt	train	100000	4.50
1789644319	2889	counted	train	100000	4.57
1789644324	2889	counted	train	100000	4.48
1789644328	2889	counted	train	100000	4.52
1789644333	2889	counted	train	100000	4.44
1789644337	2889	counted	train	100000	4.44
1789644342	2889	counted	train	100000	4.49
1789644346	2889	counted	train	100000	4.51
1789644351	2889	counted	train	100000	4.57
1789644356	2889	counted	train	100000	4.51
1789644360	2889	counted	train	100000	4.44
1789644376	2970	exempt	train	100000	0.41
1789644377	2970	exempt	train	100000	0.42
1789644378	2970	exempt	train	100000	0.52
1789644378	2970	exempt	train	100000	0.54
1789644379	2970	exempt	train	100000	0.27
1789644379	2970	exempt	train	100000	0.27
1789644380	2970	exempt	train	100000	0.99
1789644381	2970	exempt	train	100000	0.99
1789644383	2970	exempt	train	100000	1.82
1789644385	2970	exempt	train	100000	1.81
1789644386	2970	exempt	train	100000	0.49
1789644387	2970	exempt	train	100000	0.49
1789644387	2970	exempt	train	100000	0.47
1789644388	2970	exempt	train	100000	0.47
1789644389	2970	exempt	train	100000	0.47
1789644389	2970	exempt	train	100000	0.50
1789644390	2970	exempt	train	100000	0.51
1789644391	2970	exempt	train	100000	0.51
1789644391	2970	exempt	train	100000	0.48
1789644392	2970	exempt	train	100000	0.48
1789644392	2970	exempt	train	100000	0.52
1789644393	2970	exempt	train	100000	0.52
1789644394	2970	exempt	train	100000	0.66
1789644395	2970	exempt	train	100000	0.65
1789644396	2970	exempt	train	100000	0.96
1789644397	2970	exempt	train	100000	0.95
1789644398	2970	exempt	train	100000	0.49
1789644398	2970	exempt	train	100000	0.52
1789644399	2970	exempt	train	100000	0.51
1789644400	2970	exempt	train	100000	0.49
1789644400	2970	exempt	train	100000	0.50
1789644401	2970	exempt	train	100000	0.48
1789644402	2970	exempt	train	100000	0.52
1789644402	2970	exempt	train	100000	0.52
1789644403	2970	exempt	train	100000	0.61
1789644404	2970	exempt	train	100000	0.57
1789644407	2993	exempt	train	100000	0.44
1789644408	2993	exempt	train	100000	0.44
1789644409	2993	exempt	train	100000	0.55
1789644410	2993	exempt	train	100000	0.54
1789644410	2993	exempt	train	100000	0.27
1789644411	2993	exempt	train	100000	0.28
1789644412	2993	exempt	train	100000	1.02
1789644413	2993	exempt	train	100000	1.03
1789644415	2993	exempt	train	100000	1.86
1789644417	2993	exempt	train	100000	1.84
1789644418	2993	exempt	train	100000	0.52
1789644418	2993	exempt	train	100000	0.52
1789644419	2993	exempt	train	100000	0.47
1789644420	2993	exempt	train	100000	0.50
1789644420	2993	exempt	train	100000	0.49
1789644421	2993	exempt	train	100000	0.52
1789644422	2993	exempt	train	100000	0.57
1789644422	2993	exempt	train	100000	0.53
1789644423	2993	exempt	train	100000	0.51
1789644424	2993	exempt	train	100000	0.48
1789644424	2993	exempt	train	100000	0.54
1789644425	2993	exempt	train	100000	0.57
1789644426	2993	exempt	train	100000	0.69
1789644427	2993	exempt	train	100000	0.67
1789644428	2993	exempt	train	100000	0.96
1789644429	2993	exempt	train	100000	0.93
1789644430	2993	exempt	train	100000	0.49
1789644430	2993	exempt	train	100000	0.50
1789644431	2993	exempt	train	100000	0.48
1789644432	2993	exempt	train	100000	0.50
1789644432	2993	exempt	train	100000	0.50
1789644433	2993	exempt	train	100000	0.48
1789644442	3048	exempt	train	100000	0.42
1789644443	3048	exempt	train	100000	0.42
1789644448	3048	exempt	train	100000	4.55
1789644453	3048	exempt	train	100000	4.45
1789644458	3048	exempt	train	100000	4.54
1789644463	3048	exempt	train	100000	4.48
1789644467	3048	exempt	train	100000	4.39
1789644472	3048	exempt	train	100000	4.34
1789644477	3048	exempt	train	100000	4.49
1789644482	3048	exempt	train	100000	4.69
1789644487	3048	exempt	train	100000	4.46
1789644492	3048	exempt	train	100000	4.62
1789644494	3048	exempt	train	100000	1.94
1789644496	3048	exempt	train	100000	1.82
1789644498	3048	exempt	train	100000	1.76
1789644500	3048	exempt	train	100000	1.83
1789644502	3048	exempt	train	100000	1.78
1789644504	3048	exempt	train	100000	1.80
1789644506	3048	exempt	train	100000	1.81
1789644508	3048	exempt	train	100000	1.77
1789644510	3048	exempt	train	100000	1.83
1789644512	3048	exempt	train	100000	1.78
1789644515	3048	exempt	train	100000	2.77
1789644518	3048	exempt	train	100000	2.68
1789644521	3048	exempt	train	100000	2.79
1789644524	3048	exempt	train	100000	2.88
1789644527	3048	exempt	train	100000	2.71
1789644530	3048	exempt	train	100000	2.79
1789644533	3048	exempt	train	100000	2.81
1789644536	3048	exempt	train	100000	2.69
1789644539	3048	exempt	train	100000	2.67
1789644542	3048	exempt	train	100000	2.76
1789644547	3048	exempt	train	100000	4.92
1789644552	3048	exempt	train	100000	4.52
1789644557	3048	exempt	train	100000	4.53
1789644562	3048	exempt	train	100000	4.52
1789644567	3048	exempt	train	100000	4.58
1789644572	3048	exempt	train	100000	4.65
1789644577	3048	exempt	train	100000	4.53
1789644582	3048	exempt	train	100000	4.67
1789644587	3048	exempt	train	100000	4.58
1789644592	3048	exempt	train	100000	4.50
1789644594	3048	exempt	train	100000	1.85
1789644596	3048	exempt	train	100000	1.77
1789644598	3048	exempt	train	100000	1.88
1789644600	3048	exempt	train	100000	1.87
1789644602	3048	exempt	train	100000	1.96
1789644604	3048	exempt	train	100000	1.93
1789644607	3048	exempt	train	100000	1.88
1789644609	3048	exempt	train	100000	1.74
1789644611	3048	exempt	train	100000	1.89
1789644613	3048	exempt	train	100000	1.84
1789644615	3048	exempt	train	100000	1.71
1789644616	3048	exempt	train	100000	1.69
1789644618	3048	exempt	train	100000	1.66
1789644620	3048	exempt	train	100000	1.57
1789644622	3048	exempt	train	100000	1.64
1789644624	3048	exempt	train	100000	1.75
1789644626	3048	exempt	train	100000	1.62
1789644628	3048	exempt	train	100000	1.63
1789644629	3048	exempt	train	100000	1.65
1789644631	3048	exempt	train	100000	1.61
1789644633	3048	exempt	train	100000	1.60
1789644635	3048	exempt	train	100000	1.55
1789644636	3048	exempt	train	100000	1.55
1789644638	3048	exempt	train	100000	1.55
1789644640	3048	exempt	train	100000	1.60
1789644642	3048	exempt	train	100000	1.54
1789644643	3048	exempt	train	100000	1.51
1789644645	3048	exempt	train	100000	1.52
1789644647	3048	exempt	train	100000	1.53
1789644648	3048	exempt	train	100000	1.49
1789644651	3048	exempt	train	100000	2.32
1789644654	3048	exempt	train	100000	2.35
1789644656	3048	exempt	train	100000	2.32
1789644659	3048	exempt	train	100000	2.24
1789644661	3048	exempt	train	100000	2.33
1789644664	3048	exempt	train	100000	2.34
1789644667	3048	exempt	train	100000	2.34
1789644669	3048	exempt	train	100000	2.34
1789644672	3048	exempt	train	100000	2.34
1789644674	3048	exempt	train	100000	2.44
1789644676	3048	exempt	train	100000	1.60
1789644678	3048	exempt	train	100000	1.57
1789644680	3048	exempt	train	100000	1.51
1789644682	3048	exempt	train	100000	1.54
1789644683	3048	exempt	train	100000	1.51
1789644685	3048	exempt	train	100000	1.45
1789644687	3048	exempt	train	100000	1.59
1789644688	3048	exempt	train	100000	1.48
1789644690	3048	exempt	train	100000	1.54
1789644692	3048	exempt	train	100000	1.50
1789644713	3140	exempt	train	100000	0.43
1789644713	3140	exempt	train	100000	0.42
1789644718	3140	exempt	train	100000	4.54
1789644723	3140	exempt	train	100000	4.45
1789644728	3140	exempt	train	100000	4.51
1789644733	3140	exempt	train	100000	4.49
1789644737	3140	exempt	train	100000	4.49
1789644742	3140	exempt	train	100000	4.42
1789644747	3140	exempt	train	100000	4.49
1789644752	3140	exempt	train	100000	4.58
1789644757	3140	exempt	train	100000	4.40
1789644762	3140	exempt	train	100000	4.54
1789644766	3140	exempt	train	100000	3.77
1789644770	3140	exempt	train	100000	3.80
1789644774	3140	exempt	train	100000	3.81
1789644778	3140	exempt	train	100000	3.81
1789644782	3140	exempt	train	100000	3.85
1789644786	3140	exempt	train	100000	3.75
1789644790	3140	exempt	train	100000	3.70
1789644795	3140	exempt	train	100000	3.85
1789644799	3140	exempt	train	100000	3.77
1789644803	3140	exempt	train	100000	3.75
1789644807	3140	exempt	train	100000	3.75
1789644811	3140	exempt	train	100000	3.83
1789644816	3140	exempt	train	100000	4.18
1789644820	3140	exempt	train	100000	4.20
1789644825	3140	exempt	train	100000	4.32
1789644830	3140	exempt	train	100000	4.41
1789644834	3140	exempt	train	100000	3.98
1789644838	3140	exempt	train	100000	3.93
1789644843	3140	exempt	train	100000	4.05
1789644847	3140	exempt	train	100000	4.02
1789644852	3140	exempt	train	100000	4.51
1789644857	3140	exempt	train	100000	4.48
1789644861	3140	exempt	train	100000	4.49
1789644866	3140	exempt	train	100000	4.42
1789644871	3140	exempt	train	100000	4.41
1789644876	3140	exempt	train	100000	4.40
1789644881	3140	exempt	train	100000	4.49
1789644885	3140	exempt	train	100000	4.56
1789644890	3140	exempt	train	100000	4.41
1789644895	3140	exempt	train	100000	4.43
1789644899	3140	exempt	train	100000	3.76
1789644903	3140	exempt	train	100000	3.86
1789644907	3140	exempt	train	100000	3.92
1789644912	3140	exempt	train	100000	3.80
1789644916	3140	exempt	train	100000	3.83
1789644920	3140	exempt	train	100000	3.80
1789644924	3140	exempt	train	100000	3.72
1789644928	3140	exempt	train	100000	3.77
1789644932	3140	exempt	train	100000	3.84
1789644936	3140	exempt	train	100000	3.76
1789644940	3140	exempt	train	100000	3.78
1789644944	3140	exempt	train	100000	3.85
1789644949	3140	exempt	train	100000	4.17
1789644953	3140	exempt	train	100000	4.08
1789644958	3140	exempt	train	100000	4.28
1789644962	3140	exempt	train	100000	4.31
1789644967	3140	exempt	train	100000	3.96
1789644971	3140	exempt	train	100000	4.03
1789644976	3140	exempt	train	100000	4.10
1789644980	3140	exempt	train	100000	4.10
1789644985	3140	exempt	train	100000	4.46
1789644990	3140	exempt	train	100000	4.46
1789644995	3140	exempt	train	100000	4.65
1789645000	3140	exempt	train	100000	4.45
1789645004	3140	exempt	train	100000	4.35
1789645009	3140	exempt	train	100000	4.35
1789645014	3140	exempt	train	100000	4.43
1789645019	3140	exempt	train	100000	4.49
1789645023	3140	exempt	train	100000	4.37
1789645028	3140	exempt	train	100000	4.51
1789645033	3140	exempt	train	100000	4.43
1789645038	3140	exempt	train	100000	4.40
1789645042	3140	exempt	train	100000	4.39
1789645047	3140	exempt	train	100000	4.57
1789645052	3140	exempt	train	100000	4.53
1789645057	3140	exempt	train	100000	4.54
1789645062	3140	exempt	train	100000	4.40
1789645067	3140	exempt	train	100000	4.46
1789645071	3140	exempt	train	100000	4.50
1789645076	3140	exempt	train	100000	4.46
1789645101	3206	exempt	train	100000	0.43
1789645102	3206	exempt	train	100000	0.42
1789645107	3206	exempt	train	100000	4.48
1789645111	3206	exempt	train	100000	4.35
1789645116	3206	exempt	train	100000	4.44
1789645121	3206	exempt	train	100000	4.45
1789645126	3206	exempt	train	100000	4.37
1789645130	3206	exempt	train	100000	4.27
1789645134	3206	exempt	train	100000	3.72
1789645138	3206	exempt	train	100000	3.73
1789645142	3206	exempt	train	100000	3.86
1789645147	3206	exempt	train	100000	3.82
1789645151	3206	exempt	train	100000	3.89
1789645155	3206	exempt	train	100000	3.85
1789645159	3206	exempt	train	100000	4.04
1789645164	3206	exempt	train	100000	4.08
1789645168	3206	exempt	train	100000	4.11
1789645173	3206	exempt	train	100000	4.15
1789645177	3206	exempt	train	100000	4.01
1789645182	3206	exempt	train	100000	4.19
1789645186	3206	exempt	train	100000	4.34
1789645191	3206	exempt	train	100000	4.37
1789645196	3206	exempt	train	100000	4.29
1789645200	3206	exempt	train	100000	4.35
1789645206	3206	exempt	train	100000	5.01
1789645210	3206	exempt	train	100000	4.42
1789645215	3206	exempt	train	100000	3.87
1789645219	3206	exempt	train	100000	3.93
1789645223	3206	exempt	train	100000	3.99
1789645227	3206	exempt	train	100000	3.81
1789645232	3206	exempt	train	100000	3.89
1789645236	3206	exempt	train	100000	3.96
1789645240	3206	exempt	train	100000	4.09
1789645245	3206	exempt	train	100000	4.18
1789645249	3206	exempt	train	100000	4.12
1789645254	3206	exempt	train	100000	4.12
1789645258	3206	exempt	train	100000	4.22
1789645263	3206	exempt	train	100000	4.20
1789645267	3206	exempt	train	100000	4.20
1789645272	3206	exempt	train	100000	4.22
1789645276	3206	exempt	train	100000	4.06
1789645281	3206	exempt	train	100000	4.21
1789645285	3206	exempt	train	100000	4.24
1789645290	3206	exempt	train	100000	4.26
1789645303	3261	exempt	train	100000	0.43
1789645303	3261	exempt	train	100000	0.47
1789645308	3261	exempt	train	100000	3.99
1789645312	3261	exempt	train	100000	4.02
1789645316	3261	exempt	train	100000	3.93
1789645321	3261	exempt	train	100000	3.88
1789645325	3261	exempt	train	100000	3.97
1789645329	3261	exempt	train	100000	3.97
1789645334	3261	exempt	train	100000	3.84
1789645338	3261	exempt	train	100000	4.01
1789645342	3261	exempt	train	100000	3.92
1789645347	3261	exempt	train	100000	4.14
1789645351	3261	exempt	train	100000	4.02
1789645355	3261	exempt	train	100000	3.96
1789645360	3261	exempt	train	100000	3.91
1789645364	3261	exempt	train	100000	3.86
1789645368	3261	exempt	train	100000	3.88
1789645372	3261	exempt	train	100000	4.07
1789645377	3261	exempt	train	100000	3.84
1789645381	3261	exempt	train	100000	4.00
1789645385	3261	exempt	train	100000	3.94
1789645390	3261	exempt	train	100000	3.97
1789645394	3261	exempt	train	100000	3.99
1789645398	3261	exempt	train	100000	4.08
1789645403	3261	exempt	train	100000	4.00
1789645407	3261	exempt	train	100000	4.07
1789645412	3261	exempt	train	100000	3.87
1789645416	3261	exempt	train	100000	4.05
1789645420	3261	exempt	train	100000	3.48
1789645424	3261	exempt	train	100000	3.67
1789645428	3261	exempt	train	100000	3.68
1789645432	3261	exempt	train	100000	3.66
1789645436	3261	exempt	train	100000	3.62
1789645439	3261	exempt	train	100000	3.41
1789645443	3261	exempt	train	100000	3.52
1789645447	3261	exempt	train	100000	3.58
1789645451	3261	exempt	train	100000	3.65
1789645455	3261	exempt	train	100000	3.45
1789645459	3261	exempt	train	100000	3.63
1789645463	3261	exempt	train	100000	3.52
1789645467	3261	exempt	train	100000	3.65
1789645471	3261	exempt	train	100000	3.62
1789645475	3261	exempt	train	100000	3.66
1789645479	3261	exempt	train	100000	3.56
1789645482	3261	exempt	train	100000	3.58
1789645486	3261	exempt	train	100000	3.62
1789645490	3261	exempt	train	100000	3.47
1789645494	3261	exempt	train	100000	3.64
1789645497	3261	exempt	train	100000	3.07
1789645501	3261	exempt	train	100000	3.16
1789645504	3261	exempt	train	100000	3.00
1789645508	3261	exempt	train	100000	2.98
1789645511	3261	exempt	train	100000	3.23
1789645515	3261	exempt	train	100000	3.12
1789645518	3261	exempt	train	100000	3.11
1789645521	3261	exempt	train	100000	3.07
1789645524	3261	exempt	train	100000	2.88
1789645528	3261	exempt	train	100000	3.06
1789645532	3261	exempt	train	100000	3.55
1789645536	3261	exempt	train	100000	3.53
1789645539	3261	exempt	train	100000	3.44
1789645543	3261	exempt	train	100000	3.51
1789645547	3261	exempt	train	100000	3.57
1789645551	3261	exempt	train	100000	3.58
1789645555	3261	exempt	train	100000	3.59
1789645559	3261	exempt	train	100000	3.56
1789645563	3261	exempt	train	100000	3.69
1789645567	3261	exempt	train	100000	3.54
1789645582	3353	counted	train	100000	3.97
1789645586	3353	counted	train	100000	4.08
1789645590	3353	counted	train	100000	3.99
1789645594	3353	counted	train	100000	3.90
1789645598	3353	counted	train	100000	3.94
1789645603	3353	counted	train	100000	4.05
1789645606	3353	counted	train	100000	3.91
1789645611	3353	counted	train	100000	4.03
1789645615	3353	counted	train	100000	4.01
1789645619	3353	counted	train	100000	3.88
1789645637	3422	exempt	train	100000	0.43
1789645637	3422	exempt	train	100000	0.42
1789645639	3422	exempt	train	100000	0.50
1789645639	3422	exempt	train	100000	0.49
1789645640	3422	exempt	train	100000	0.50
1789645641	3422	exempt	train	100000	0.51
1789645642	3422	exempt	train	100000	0.53
1789645642	3422	exempt	train	100000	0.48
1789645644	3422	exempt	train	100000	0.48
1789645644	3422	exempt	train	100000	0.48
1789645645	3422	exempt	train	100000	0.49
1789645646	3422	exempt	train	100000	0.51
1789645648	3422	exempt	train	100000	2.36
1789645651	3422	exempt	train	100000	2.43
1789645655	3422	exempt	train	100000	4.15
1789645660	3422	exempt	train	100000	4.04
1789645661	3422	exempt	train	100000	0.51
1789645661	3422	exempt	train	100000	0.51
1789645662	3422	exempt	train	100000	0.44
1789645662	3422	exempt	train	100000	0.45
1789645663	3422	exempt	train	100000	0.43
1789645664	3422	exempt	train	100000	0.49
1789645664	3422	exempt	train	100000	0.49
1789645665	3422	exempt	train	100000	0.48
1789645665	3422	exempt	train	100000	0.45
1789645666	3422	exempt	train	100000	0.44
1789645667	3422	exempt	train	100000	0.50
1789645667	3422	exempt	train	100000	0.50
1789645668	3422	exempt	train	100000	0.61
1789645669	3422	exempt	train	100000	0.60
1789645669	3422	exempt	train	100000	0.32
1789645670	3422	exempt	train	100000	0.31
1789645670	3422	exempt	train	100000	0.49
1789645671	3422	exempt	train	100000	0.49
1789645672	3422	exempt	train	100000	0.46
1789645672	3422	exempt	train	100000	0.46
1789645673	3422	exempt	train	100000	0.46
1789645673	3422	exempt	train	100000	0.45
1789645674	3422	exempt	train	100000	0.49
1789645675	3422	exempt	train	100000	0.47
1789645675	3422	exempt	train	100000	0.52
1789645676	3422	exempt	train	100000	0.53
1789645680	3445	exempt	train	100000	0.43
1789645680	3445	exempt	train	100000	0.44
1789645685	3445	exempt	train	100000	3.99
1789645689	3445	exempt	train	100000	4.01
1789645694	3445	exempt	train	100000	4.05
1789645698	3445	exempt	train	100000	3.85
1789645702	3445	exempt	train	100000	3.92
1789645706	3445	exempt	train	100000	4.01
1789645711	3445	exempt	train	100000	4.09
1789645715	3445	exempt	train	100000	3.94
1789645720	3445	exempt	train	100000	4.02
1789645724	3445	exempt	train	100000	4.15
1789645728	3445	exempt	train	100000	4.04
1789645733	3445	exempt	train	100000	4.01
1789645738	3445	exempt	train	100000	4.48
1789645743	3445	exempt	train	100000	5.22
1789645748	3445	exempt	train	100000	4.56
1789645753	3445	exempt	train	100000	4.60
1789645758	3445	exempt	train	100000	4.54
1789645763	3445	exempt	train	100000	4.53
1789645767	3445	exempt	train	100000	4.38
1789645772	3445	exempt	train	100000	4.11
1789645776	3445	exempt	train	100000	4.12
1789645781	3445	exempt	train	100000	4.46
1789645786	3445	exempt	train	100000	4.20
1789645790	3445	exempt	train	100000	4.32
1789645794	3445	exempt	train	100000	3.53
1789645798	3445	exempt	train	100000	3.57
1789645802	3445	exempt	train	100000	3.56
1789645806	3445	exempt	train	100000	3.70
1789645810	3445	exempt	train	100000	3.64
1789645814	3445	exempt	train	100000	3.69
1789645820	3445	exempt	train	100000	5.24
1789645826	3445	exempt	train	100000	5.37
1789645831	3445	exempt	train	100000	5.17
1789645837	3445	exempt	train	100000	5.14
1789645842	3445	exempt	train	100000	5.26
1789645849	3445	exempt	train	100000	5.68
1789645865	3513	exempt	train	100000	0.41
1789645866	3513	exempt	train	100000	0.42
1789645871	3513	exempt	train	100000	4.06
1789645875	3513	exempt	train	100000	4.06
1789645879	3513	exempt	train	100000	3.98
1789645883	3513	exempt	train	100000	3.88
1789645888	3513	exempt	train	100000	3.86
1789645892	3513	exempt	train	100000	4.04
1789645896	3513	exempt	train	100000	3.82
1789645900	3513	exempt	train	100000	3.96
1789645905	3513	exempt	train	100000	3.94
1789645909	3513	exempt	train	100000	3.93
1789645913	3513	exempt	train	100000	3.93
1789645917	3513	exempt	train	100000	3.98
1789645922	3513	exempt	train	100000	3.88
1789645926	3513	exempt	train	100000	3.89
1789645930	3513	exempt	train	100000	3.90
1789645934	3513	exempt	train	100000	4.02
1789645939	3513	exempt	train	100000	3.76
1789645943	3513	exempt	train	100000	3.98
1789645947	3513	exempt	train	100000	3.96
1789645951	3513	exempt	train	100000	3.95
1789645956	3513	exempt	train	100000	3.86
1789645960	3513	exempt	train	100000	4.02
1789645964	3513	exempt	train	100000	4.06
1789645969	3513	exempt	train	100000	4.35
1789645973	3513	exempt	train	100000	3.75
1789645977	3513	exempt	train	100000	3.89
1789645982	3536	exempt	train	100000	0.43
1789645983	3536	exempt	train	100000	0.43
1789645987	3536	exempt	train	100000	3.64
1789645991	3536	exempt	train	100000	3.65
1789645995	3536	exempt	train	100000	3.57
1789645999	3536	exempt	train	100000	3.68
1789646003	3536	exempt	train	100000	3.67
1789646007	3536	exempt	train	100000	3.77
1789646011	3536	exempt	train	100000	3.68
1789646015	3536	exempt	train	100000	3.68
1789646019	3536	exempt	train	100000	3.65
1789646023	3536	exempt	train	100000	3.66
1789646025	3548	exempt	train	100000	0.44
1789646026	3548	exempt	train	100000	0.43
1789646031	3548	exempt	train	100000	4.19
1789646035	3548	exempt	train	100000	3.99
1789646039	3548	exempt	train	100000	4.16
1789646044	3548	exempt	train	100000	4.28
1789646048	3548	exempt	train	100000	4.10
1789646053	3548	exempt	train	100000	4.13
1789646057	3548	exempt	train	100000	4.11
1789646062	3548	exempt	train	100000	4.08
1789646066	3548	exempt	train	100000	4.03
1789646071	3548	exempt	train	100000	3.99
1789646087	3571	exempt	train	100000	0.41
1789646088	3571	exempt	train	100000	0.41
1789646093	3571	exempt	train	100000	4.66
1789646098	3571	exempt	train	100000	4.67
1789646103	3571	exempt	train	100000	4.72
1789646108	3571	exempt	train	100000	4.65
1789646113	3571	exempt	train	100000	4.70
1789646118	3571	exempt	train	100000	4.58
1789646123	3571	exempt	train	100000	4.59
1789646128	3571	exempt	train	100000	4.60
1789646133	3571	exempt	train	100000	4.59
1789646138	3571	exempt	train	100000	4.64
1789646143	3571	exempt	train	100000	4.55
1789646148	3571	exempt	train	100000	4.68
1789646153	3571	exempt	train	100000	4.70
1789646158	3571	exempt	train	100000	4.68
1789646163	3571	exempt	train	100000	4.62
1789646168	3571	exempt	train	100000	4.56
1789646173	3571	exempt	train	100000	4.71
1789646178	3571	exempt	train	100000	4.52
1789646183	3571	exempt	train	100000	4.75
1789646188	3571	exempt	train	100000	4.54
1789646192	3571	exempt	train	100000	4.56
1789646197	3571	exempt	train	100000	4.66
1789646203	3571	exempt	train	100000	4.82
1789646207	3571	exempt	train	100000	4.52
1789646212	3571	exempt	train	100000	4.64
1789646217	3571	exempt	train	100000	4.54
1789646230	3660	counted	train	100000	3.65
1789646233	3660	counted	train	100000	3.62
1789646237	3660	counted	train	100000	3.52
1789646241	3660	counted	train	100000	3.78
1789646245	3660	counted	train	100000	3.66
1789646248	3660	counted	train	100000	3.67
1789646252	3660	counted	train	100000	3.66
1789646256	3660	counted	train	100000	3.54
1789646259	3660	counted	train	100000	3.62
1789646263	3660	counted	train	100000	3.69
1789646284	3729	exempt	train	100000	0.42
1789646285	3729	exempt	train	100000	0.43
1789646289	3729	exempt	train	100000	3.64
1789646293	3729	exempt	train	100000	3.69
1789646297	3729	exempt	train	100000	3.59
1789646301	3729	exempt	train	100000	3.63
1789646305	3729	exempt	train	100000	3.64
1789646309	3729	exempt	train	100000	3.78
1789646313	3729	exempt	train	100000	3.12
1789646316	3729	exempt	train	100000	2.99
1789646320	3729	exempt	train	100000	3.19
1789646323	3729	exempt	train	100000	3.14
1789646327	3729	exempt	train	100000	3.10
1789646330	3729	exempt	train	100000	3.05
1789646333	3729	exempt	train	100000	2.85
1789646337	3729	exempt	train	100000	3.02
1789646340	3729	exempt	train	100000	2.82
1789646343	3729	exempt	train	100000	3.00
1789646346	3729	exempt	train	100000	2.96
1789646349	3729	exempt	train	100000	2.90
1789646353	3729	exempt	train	100000	3.26
1789646357	3729	exempt	train	100000	3.34
1789646361	3729	exempt	train	100000	3.40
1789646364	3729	exempt	train	100000	3.31
1789646368	3729	exempt	train	100000	3.42
1789646372	3729	exempt	train	100000	3.35
1789646375	3729	exempt	train	100000	3.17
1789646379	3729	exempt	train	100000	3.05
1789646382	3729	exempt	train	100000	3.20
1789646386	3729	exempt	train	100000	3.74
1789646390	3729	exempt	train	100000	3.12
1789646393	3729	exempt	train	100000	3.26
1789646397	3729	exempt	train	100000	3.80
1789646402	3729	exempt	train	100000	4.01
1789646406	3729	exempt	train	100000	3.85
1789646410	3729	exempt	train	100000	3.91
1789646415	3729	exempt	train	100000	3.89
1789646419	3729	exempt	train	100000	3.49
1789646438	3784	exempt	train	100000	0.40
1789646439	3784	exempt	train	100000	0.41
1789646454	3858	exempt	train	100000	0.44
1789646455	3858	exempt	train	100000	0.43
1789646456	3858	exempt	train	100000	0.45
1789646456	3858	exempt	train	100000	0.43
1789646457	3858	exempt	train	100000	0.49
1789646458	3858	exempt	train	100000	0.48
1789646459	3858	exempt	train	100000	0.41
1789646459	3858	exempt	train	100000	0.43
1789646460	3858	exempt	train	100000	0.43
1789646461	3858	exempt	train	100000	0.42
1789646462	3858	exempt	train	100000	0.48
1789646462	3858	exempt	train	100000	0.44
1789646463	3858	exempt	train	100000	0.45
1789646464	3858	exempt	train	100000	0.43
1789646465	3858	exempt	train	100000	0.44
1789646465	3858	exempt	train	100000	0.45
1789646466	3858	exempt	train	100000	0.49
1789646467	3858	exempt	train	100000	0.52
1789646478	3912	exempt	train	100000	0.42
1789646479	3912	exempt	train	100000	0.42
1789646483	3912	exempt	train	100000	3.67
1789646487	3912	exempt	train	100000	3.71
1789646491	3912	exempt	train	100000	3.61
1789646495	3912	exempt	train	100000	3.71
1789646499	3912	exempt	train	100000	3.68
1789646503	3912	exempt	train	100000	3.73
1789646507	3912	exempt	train	100000	3.83
1789646511	3912	exempt	train	100000	3.72
1789646515	3912	exempt	train	100000	3.71
1789646519	3912	exempt	train	100000	3.67
1789646523	3912	exempt	train	100000	3.54
1789646527	3912	exempt	train	100000	3.63
1789646531	3912	exempt	train	100000	3.47
1789646535	3912	exempt	train	100000	3.48
1789646539	3912	exempt	train	100000	3.55
1789646543	3912	exempt	train	100000	3.66
1789646547	3912	exempt	train	100000	3.54
1789646550	3912	exempt	train	100000	3.42
1789646554	3912	exempt	train	100000	3.43
1789646558	3912	exempt	train	100000	3.51
1789646562	3912	exempt	train	100000	3.46
1789646566	3912	exempt	train	100000	3.48
1789646570	3912	exempt	train	100000	3.43
1789646574	3912	exempt	train	100000	4.08
1789646578	3912	exempt	train	100000	3.51
1789646582	3912	exempt	train	100000	3.52
1789646586	3912	exempt	train	100000	3.67
1789646590	3912	exempt	train	100000	3.56
1789646593	3912	exempt	train	100000	3.47
1789646597	3912	exempt	train	100000	3.43
1789646602	3912	exempt	train	100000	3.80
1789646606	3912	exempt	train	100000	3.71
1789646610	3912	exempt	train	100000	3.83
1789646614	3912	exempt	train	100000	3.72
1789646618	3912	exempt	train	100000	3.72
1789646622	3912	exempt	train	100000	3.97
1789646627	3912	exempt	train	100000	3.95
1789646631	3912	exempt	train	100000	3.99
1789646635	3912	exempt	train	100000	3.82
1789646640	3912	exempt	train	100000	3.90
1789646713	3966	exempt	train	100000	3.72
1789646717	3966	exempt	train	100000	3.74
1789646721	3966	exempt	train	100000	3.58
1789646725	3966	exempt	train	100000	3.72
1789646728	3966	exempt	train	100000	3.63
1789646732	3966	exempt	train	100000	3.60
1789646736	3966	exempt	train	100000	3.68
1789646739	3966	exempt	train	100000	3.58
1789646743	3966	exempt	train	100000	3.63
1789646747	3966	exempt	train	100000	3.64
