ts	pid	kind	api	rows	seconds
1789583191	190	counted	train	100000	0.17
1789583230	318	counted	train	100000	2.23
1789583241	405	counted	train	100000	1.54
1789583305	520	counted	train	90000	1.15
1789583341	619	counted	train	100000	0.06
1789583341	619	counted	train	100000	0.08
1789583341	619	counted	train	100000	0.11
1789583341	619	counted	train	100000	0.16
1789583342	619	counted	train	100000	0.21
1789583342	619	counted	train	100000	0.31
1789583343	619	counted	train	100000	0.40
1789583385	730	counted	train	100000	0.17
1789583501	848	counted	train	100000	0.34
1789583526	948	counted	train	100000	0.32
1789583578	1048	counted	train	100000	0.17
1789583578	1048	counted	train	100000	0.17
1789583578	1048	counted	train	100000	0.17
1789583578	1048	counted	train	100000	0.16
1789583578	1048	counted	train	100000	0.17
1789583579	1048	counted	train	100000	0.16
1789583579	1048	counted	train	100000	0.16
1789583579	1048	counted	train	100000	0.17
1789583579	1048	counted	train	100000	0.16
1789583579	1048	counted	train	100000	0.16
1789583590	1135	counted	train	100000	0.16
1789583590	1135	counted	train	100000	0.16
1789583591	1135	counted	train	100000	0.16
1789583591	1135	counted	train	100000	0.16
1789583591	1135	counted	train	100000	0.16
1789583591	1135	counted	train	100000	0.16
1789583591	1135	counted	train	100000	0.15
1789583592	1135	counted	train	100000	0.15
1789583592	1135	counted	train	100000	0.15
1789583592	1135	counted	train	100000	0.16
1789583592	1135	counted	train	100000	0.15
1789583592	1135	counted	train	100000	0.16
1789583593	1135	counted	train	100000	0.15
1789583593	1135	counted	train	100000	0.16
1789583593	1135	counted	train	100000	0.16
1789583593	1135	counted	train	100000	0.16
1789583593	1135	counted	train	100000	0.16
1789583594	1135	counted	train	100000	0.16
1789583594	1135	counted	train	100000	0.16
1789583594	1135	counted	train	100000	0.16
1789583594	1135	counted	train	100000	0.16
1789583594	1135	counted	train	100000	0.16
1789583595	1135	counted	train	100000	0.16
1789583595	1135	counted	train	100000	0.16
1789583595	1135	counted	train	100000	0.17
1789583608	1222	counted	train	100000	0.16
1789583609	1222	counted	train	100000	0.16
1789583609	1222	counted	train	100000	0.16
1789583609	1222	counted	train	100000	0.16
1789583609	1222	counted	train	100000	0.17
1789583609	1222	counted	train	100000	0.17
1789583610	1222	counted	train	100000	0.16
1789583610	1222	counted	train	100000	0.16
1789583610	1222	counted	train	100000	0.16
1789583610	1222	counted	train	100000	0.17
1789583610	1222	counted	train	100000	0.16
1789583611	1222	counted	train	100000	0.16
1789583611	1222	counted	train	100000	0.16
1789583611	1222	counted	train	100000	0.16
1789583611	1222	counted	train	100000	0.16
1789583611	1222	counted	train	100000	0.16
1789583612	1222	counted	train	100000	0.15
1789583612	1222	counted	train	100000	0.15
1789583612	1222	counted	train	100000	0.16
1789583612	1222	counted	train	100000	0.16
1789583612	1222	counted	train	100000	0.15
1789583613	1222	counted	train	100000	0.15
1789583613	1222	counted	train	100000	0.15
1789583613	1222	counted	train	100000	0.15
1789583613	1222	counted	train	100000	0.16
1789583613	1222	counted	train	100000	0.16
1789583614	1222	counted	train	100000	0.16
1789583614	1222	counted	train	100000	0.17
1789583614	1222	counted	train	100000	0.18
1789583614	1222	counted	train	100000	0.16
1789583614	1222	counted	train	100000	0.16
1789583615	1222	counted	train	100000	0.16
1789583615	1222	counted	train	100000	0.16
1789583615	1222	counted	train	100000	0.15
1789583615	1222	counted	train	100000	0.16
1789583615	1222	counted	train	100000	0.16
1789583616	1222	counted	train	100000	0.16
1789583616	1222	counted	train	100000	0.16
1789583616	1222	counted	train	100000	0.16
1789583616	1222	counted	train	100000	0.16
1789583616	1222	counted	train	100000	0.16
1789583617	1222	counted	train	100000	0.16
1789583617	1222	counted	train	100000	0.16
1789583617	1222	counted	train	100000	0.16
1789583617	1222	counted	train	100000	0.16
1789583617	1222	counted	train	100000	0.15
1789583618	1222	counted	train	100000	0.16
1789583618	1222	counted	train	100000	0.16
1789583618	1222	counted	train	100000	0.16
1789583618	1222	counted	train	100000	0.16
1789583618	1222	counted	train	100000	0.15
1789583619	1222	counted	train	100000	0.16
1789583619	1222	counted	train	100000	0.15
1789583619	1222	counted	train	100000	0.15
1789583619	1222	counted	train	100000	0.16
1789583619	1222	counted	train	100000	0.16
1789583620	1222	counted	train	100000	0.15
1789583620	1222	counted	train	100000	0.15
1789583620	1222	counted	train	100000	0.15
1789583620	1222	counted	train	100000	0.16
1789583651	1310	counted	train	100000	0.16
1789583651	1310	counted	train	100000	0.15
1789583651	1310	counted	train	100000	0.15
1789583651	1310	counted	train	100000	0.16
1789583651	1310	counted	train	100000	0.17
1789583652	1310	counted	train	100000	0.16
1789583652	1310	counted	train	100000	0.16
1789583652	1310	counted	train	100000	0.16
1789583652	1310	counted	train	100000	0.16
1789583652	1310	counted	train	100000	0.16
1789583653	1310	counted	train	100000	0.16
1789583653	1310	counted	train	100000	0.16
1789583653	1310	counted	train	100000	0.16
1789583653	1310	counted	train	100000	0.17
1789583653	1310	counted	train	100000	0.16
1789583654	1310	counted	train	100000	0.16
1789583654	1310	counted	train	100000	0.16
1789583654	1310	counted	train	100000	0.16
1789583654	1310	counted	train	100000	0.17
1789583654	1310	counted	train	100000	0.16
1789583655	1310	counted	train	100000	0.16
1789583655	1310	counted	train	100000	0.16
1789583655	1310	counted	train	100000	0.16
1789583655	1310	counted	train	100000	0.16
1789583656	1310	counted	train	100000	0.16
1789583656	1310	counted	train	100000	0.16
1789583656	1310	counted	train	100000	0.16
1789583656	1310	counted	train	100000	0.16
1789583656	1310	counted	train	100000	0.16
1789583657	1310	counted	train	100000	0.17
1789583657	1310	counted	train	100000	0.13
1789583657	1310	counted	train	100000	0.13
1789583657	1310	counted	train	100000	0.13
1789583657	1310	counted	train	100000	0.13
1789583657	1310	counted	train	100000	0.13
1789583658	1310	counted	train	100000	0.13
1789583658	1310	counted	train	100000	0.14
1789583658	1310	counted	train	100000	0.13
1789583658	1310	counted	train	100000	0.13
1789583658	1310	counted	train	100000	0.13
1789583658	1310	counted	train	100000	0.13
1789583659	1310	counted	train	100000	0.13
1789583659	1310	counted	train	100000	0.13
1789583659	1310	counted	train	100000	0.13
1789583659	1310	counted	train	100000	0.13
1789583659	1310	counted	train	100000	0.13
1789583659	1310	counted	train	100000	0.13
1789583660	1310	counted	train	100000	0.13
1789583660	1310	counted	train	100000	0.13
1789583660	1310	counted	train	100000	0.13
1789583660	1310	counted	train	100000	0.13
1789583660	1310	counted	train	100000	0.13
1789583660	1310	counted	train	100000	0.12
1789583661	1310	counted	train	100000	0.12
1789583661	1310	counted	train	100000	0.12
1789583661	1310	counted	train	100000	0.13
1789583661	1310	counted	train	100000	0.13
1789583661	1310	counted	train	100000	0.13
1789583661	1310	counted	train	100000	0.12
1789583662	1310	counted	train	100000	0.12
1789583680	1449	counted	train	100000	0.15
1789583680	1449	counted	train	100000	0.15
1789583680	1449	counted	train	100000	0.15
1789583681	1449	counted	train	100000	0.15
1789583681	1449	counted	train	100000	0.15
1789583681	1449	counted	train	100000	0.15
1789583681	1449	counted	train	100000	0.15
1789583681	1449	counted	train	100000	0.15
1789583682	1449	counted	train	100000	0.15
1789583682	1449	counted	train	100000	0.15
1789583682	1449	counted	train	100000	0.15
1789583682	1449	counted	train	100000	0.15
1789583682	1449	counted	train	100000	0.16
1789583682	1449	counted	train	100000	0.17
1789583683	1449	counted	train	100000	0.16
1789583683	1449	counted	train	100000	0.16
1789583683	1449	counted	train	100000	0.16
1789583683	1449	counted	train	100000	0.16
1789583683	1449	counted	train	100000	0.16
1789583684	1449	counted	train	100000	0.16
1789583684	1449	counted	train	100000	0.16
1789583684	1449	counted	train	100000	0.16
1789583684	1449	counted	train	100000	0.16
1789583684	1449	counted	train	100000	0.16
1789583685	1449	counted	train	100000	0.16
1789583685	1449	counted	train	100000	0.12
1789583685	1449	counted	train	100000	0.12
1789583685	1449	counted	train	100000	0.13
1789583685	1449	counted	train	100000	0.12
1789583686	1449	counted	train	100000	0.13
1789583686	1449	counted	train	100000	0.13
1789583686	1449	counted	train	100000	0.13
1789583686	1449	counted	train	100000	0.13
1789583686	1449	counted	train	100000	0.12
1789583686	1449	counted	train	100000	0.13
1789583687	1449	counted	train	100000	0.12
1789583687	1449	counted	train	100000	0.13
1789583687	1449	counted	train	100000	0.13
1789583687	1449	counted	train	100000	0.13
1789583687	1449	counted	train	100000	0.12
1789583687	1449	counted	train	100000	0.12
1789583688	1449	counted	train	100000	0.12
1789583688	1449	counted	train	100000	0.13
1789583688	1449	counted	train	100000	0.12
1789583688	1449	counted	train	100000	0.13
1789583688	1449	counted	train	100000	0.12
1789583688	1449	counted	train	100000	0.13
1789583689	1449	counted	train	100000	0.13
1789583689	1449	counted	train	100000	0.12
1789583689	1449	counted	train	100000	0.12
1789583689	1449	counted	train	100000	0.10
1789583689	1449	counted	train	100000	0.10
1789583689	1449	counted	train	100000	0.10
1789583689	1449	counted	train	100000	0.10
1789583690	1449	counted	train	100000	0.10
1789583690	1449	counted	train	100000	0.10
1789583690	1449	counted	train	100000	0.10
1789583690	1449	counted	train	100000	0.10
1789583690	1449	counted	train	100000	0.10
1789583690	1449	counted	train	100000	0.10
1789583690	1449	counted	train	100000	0.10
1789583690	1449	counted	train	100000	0.10
1789583691	1449	counted	train	100000	0.10
1789583691	1449	counted	train	100000	0.10
1789583691	1449	counted	train	100000	0.10
1789583691	1449	counted	train	100000	0.10
1789583691	1449	counted	train	100000	0.10
1789583691	1449	counted	train	100000	0.10
1789583691	1449	counted	train	100000	0.10
1789583692	1449	counted	train	100000	0.10
1789583692	1449	counted	train	100000	0.10
1789583692	1449	counted	train	100000	0.10
1789583692	1449	counted	train	100000	0.10
1789583692	1449	counted	train	100000	0.10
1789583692	1449	counted	train	100000	0.10
1789583703	1536	counted	train	100000	0.16
1789583703	1536	counted	train	100000	0.16
1789583703	1536	counted	train	100000	0.16
1789583703	1536	counted	train	100000	0.17
1789583703	1536	counted	train	100000	0.17
1789583704	1536	counted	train	100000	0.16
1789583704	1536	counted	train	100000	0.16
1789583704	1536	counted	train	100000	0.16
1789583704	1536	counted	train	100000	0.16
1789583705	1536	counted	train	100000	0.17
1789583705	1536	counted	train	100000	0.17
1789583705	1536	counted	train	100000	0.18
1789583705	1536	counted	train	100000	0.17
1789583705	1536	counted	train	100000	0.17
1789583706	1536	counted	train	100000	0.16
1789583706	1536	counted	train	100000	0.17
1789583706	1536	counted	train	100000	0.16
1789583706	1536	counted	train	100000	0.17
1789583706	1536	counted	train	100000	0.17
1789583707	1536	counted	train	100000	0.17
1789583707	1536	counted	train	100000	0.17
1789583707	1536	counted	train	100000	0.17
1789583707	1536	counted	train	100000	0.17
1789583708	1536	counted	train	100000	0.17
1789583708	1536	counted	train	100000	0.17
1789583708	1536	counted	train	100000	0.13
1789583708	1536	counted	train	100000	0.13
1789583708	1536	counted	train	100000	0.13
1789583708	1536	counted	train	100000	0.13
1789583709	1536	counted	train	100000	0.12
1789583709	1536	counted	train	100000	0.12
1789583709	1536	counted	train	100000	0.13
1789583709	1536	counted	train	100000	0.13
1789583709	1536	counted	train	100000	0.13
1789583710	1536	counted	train	100000	0.12
1789583710	1536	counted	train	100000	0.12
1789583710	1536	counted	train	100000	0.12
1789583710	1536	counted	train	100000	0.13
1789583710	1536	counted	train	100000	0.12
1789583710	1536	counted	train	100000	0.13
1789583711	1536	counted	train	100000	0.13
1789583711	1536	counted	train	100000	0.13
1789583711	1536	counted	train	100000	0.13
1789583711	1536	counted	train	100000	0.14
1789583711	1536	counted	train	100000	0.13
1789583711	1536	counted	train	100000	0.12
1789583712	1536	counted	train	100000	0.12
1789583712	1536	counted	train	100000	0.12
1789583712	1536	counted	train	100000	0.12
1789583712	1536	counted	train	100000	0.13
1789583712	1536	counted	train	100000	0.10
1789583713	1536	counted	train	100000	0.10
1789583713	1536	counted	train	100000	0.10
1789583713	1536	counted	train	100000	0.10
1789583713	1536	counted	train	100000	0.10
1789583713	1536	counted	train	100000	0.10
1789583713	1536	counted	train	100000	0.10
1789583713	1536	counted	train	100000	0.10
1789583714	1536	counted	train	100000	0.10
1789583714	1536	counted	train	100000	0.10
1789583714	1536	counted	train	100000	0.10
1789583714	1536	counted	train	100000	0.11
1789583714	1536	counted	train	100000	0.10
1789583714	1536	counted	train	100000	0.10
1789583714	1536	counted	train	100000	0.10
1789583715	1536	counted	train	100000	0.10
1789583715	1536	counted	train	100000	0.10
1789583715	1536	counted	train	100000	0.10
1789583715	1536	counted	train	100000	0.10
1789583715	1536	counted	train	100000	0.10
1789583715	1536	counted	train	100000	0.10
1789583716	1536	counted	train	100000	0.11
1789583716	1536	counted	train	100000	0.10
1789583716	1536	counted	train	100000	0.10
1789583716	1536	counted	train	100000	0.11
1789583956	1626	counted	train	100000	0.16
1789583956	1626	counted	train	100000	0.15
1789583956	1626	counted	train	100000	0.16
1789583956	1626	counted	train	100000	0.15
1789583957	1626	counted	train	100000	0.15
1789583957	1626	counted	train	100000	0.15
1789583957	1626	counted	train	100000	0.15
1789583957	1626	counted	train	100000	0.15
1789583957	1626	counted	train	100000	0.15
1789583958	1626	counted	train	100000	0.15
1789583958	1626	counted	train	100000	0.16
1789583958	1626	counted	train	100000	0.17
1789583958	1626	counted	train	100000	0.16
1789583958	1626	counted	train	100000	0.16
1789583959	1626	counted	train	100000	0.16
1789583959	1626	counted	train	100000	0.17
1789583959	1626	counted	train	100000	0.15
1789583959	1626	counted	train	100000	0.15
1789583960	1626	counted	train	100000	0.16
1789583960	1626	counted	train	100000	0.16
1789583960	1626	counted	train	100000	0.16
1789583960	1626	counted	train	100000	0.15
1789583960	1626	counted	train	100000	0.16
1789583961	1626	counted	train	100000	0.16
1789583961	1626	counted	train	100000	0.16
1789583961	1626	counted	train	100000	0.16
1789583961	1626	counted	train	100000	0.16
1789583961	1626	counted	train	100000	0.16
1789583962	1626	counted	train	100000	0.16
1789583962	1626	counted	train	100000	0.16
1789583962	1626	counted	train	100000	0.16
1789583962	1626	counted	train	100000	0.15
1789583962	1626	counted	train	100000	0.16
1789583963	1626	counted	train	100000	0.16
1789583963	1626	counted	train	100000	0.15
1789583963	1626	counted	train	100000	0.16
1789583963	1626	counted	train	100000	0.16
1789583963	1626	counted	train	100000	0.15
1789583964	1626	counted	train	100000	0.16
1789583964	1626	counted	train	100000	0.15
1789583964	1626	counted	train	100000	0.15
1789583964	1626	counted	train	100000	0.15
1789583964	1626	counted	train	100000	0.12
1789583965	1626	counted	train	100000	0.12
1789583965	1626	counted	train	100000	0.12
1789583965	1626	counted	train	100000	0.13
1789583965	1626	counted	train	100000	0.13
1789583965	1626	counted	train	100000	0.12
1789583965	1626	counted	train	100000	0.12
1789583966	1626	counted	train	100000	0.13
1789583966	1626	counted	train	100000	0.12
1789583966	1626	counted	train	100000	0.13
1789583966	1626	counted	train	100000	0.12
1789583966	1626	counted	train	100000	0.13
1789583967	1626	counted	train	100000	0.12
1789583967	1626	counted	train	100000	0.12
1789583967	1626	counted	train	100000	0.12
1789583967	1626	counted	train	100000	0.12
1789583967	1626	counted	train	100000	0.13
1789583967	1626	counted	train	100000	0.12
1789583968	1626	counted	train	100000	0.13
1789583968	1626	counted	train	100000	0.13
1789583968	1626	counted	train	100000	0.13
1789583968	1626	counted	train	100000	0.10
1789583968	1626	counted	train	100000	0.11
1789583968	1626	counted	train	100000	0.11
1789583969	1626	counted	train	100000	0.10
1789583969	1626	counted	train	100000	0.10
1789583969	1626	counted	train	100000	0.10
1789583969	1626	counted	train	100000	0.10
1789583969	1626	counted	train	100000	0.10
1789583969	1626	counted	train	100000	0.10
1789583969	1626	counted	train	100000	0.10
1789583970	1626	counted	train	100000	0.10
1789583970	1626	counted	train	100000	0.10
1789583970	1626	counted	train	100000	0.10
1789583970	1626	counted	train	100000	0.10
1789583970	1626	counted	train	100000	0.10
1789583970	1626	counted	train	100000	0.10
1789583970	1626	counted	train	100000	0.10
1789583971	1626	counted	train	100000	0.10
1789583971	1626	counted	train	100000	0.10
1789583971	1626	counted	train	100000	0.10
1789583971	1626	counted	train	100000	0.10
1789583971	1626	counted	train	100000	0.26
1789583972	1626	counted	train	100000	0.26
1789583972	1626	counted	train	100000	0.26
1789583972	1626	counted	train	100000	0.27
1789583973	1626	counted	train	100000	0.27
1789583973	1626	counted	train	100000	0.28
1789583973	1626	counted	train	100000	0.27
1789583974	1626	counted	train	100000	0.26
1789583974	1626	counted	train	100000	0.27
1789583974	1626	counted	train	100000	0.26
1789583975	1626	counted	train	100000	0.26
1789583975	1626	counted	train	100000	0.26
1789583975	1626	counted	train	100000	0.26
1789583975	1626	counted	train	100000	0.27
1789583976	1626	counted	train	100000	0.26
1789583976	1626	counted	train	100000	0.25
1789583976	1626	counted	train	100000	0.26
1789583977	1626	counted	train	100000	0.25
1789583977	1626	counted	train	100000	0.27
1789583977	1626	counted	train	100000	0.25
1789583978	1626	counted	train	100000	0.26
1789583995	1714	counted	train	100000	0.17
1789583995	1714	counted	train	100000	0.16
1789583996	1714	counted	train	100000	0.17
1789583996	1714	counted	train	100000	0.17
1789583996	1714	counted	train	100000	0.16
1789583996	1714	counted	train	100000	0.17
1789583996	1714	counted	train	100000	0.16
1789583997	1714	counted	train	100000	0.16
1789583997	1714	counted	train	100000	0.16
1789583997	1714	counted	train	100000	0.16
1789583997	1714	counted	train	100000	0.17
1789583997	1714	counted	train	100000	0.16
1789583998	1714	counted	train	100000	0.16
1789583998	1714	counted	train	100000	0.17
1789583998	1714	counted	train	100000	0.17
1789583998	1714	counted	train	100000	0.16
1789583998	1714	counted	train	100000	0.16
1789583999	1714	counted	train	100000	0.17
1789583999	1714	counted	train	100000	0.16
1789583999	1714	counted	train	100000	0.16
1789583999	1714	counted	train	100000	0.16
1789584000	1714	counted	train	100000	0.15
1789584000	1714	counted	train	100000	0.15
1789584000	1714	counted	train	100000	0.16
1789584000	1714	counted	train	100000	0.16
1789584000	1714	counted	train	100000	0.15
1789584001	1714	counted	train	100000	0.16
1789584001	1714	counted	train	100000	0.15
1789584001	1714	counted	train	100000	0.16
1789584001	1714	counted	train	100000	0.16
1789584001	1714	counted	train	100000	0.15
1789584002	1714	counted	train	100000	0.15
1789584002	1714	counted	train	100000	0.15
1789584002	1714	counted	train	100000	0.15
1789584002	1714	counted	train	100000	0.15
1789584002	1714	counted	train	100000	0.15
1789584003	1714	counted	train	100000	0.15
1789584003	1714	counted	train	100000	0.15
1789584003	1714	counted	train	100000	0.15
1789584003	1714	counted	train	100000	0.15
1789584003	1714	counted	train	100000	0.15
1789584004	1714	counted	train	100000	0.15
1789584004	1714	counted	train	100000	0.12
1789584004	1714	counted	train	100000	0.12
1789584004	1714	counted	train	100000	0.12
1789584004	1714	counted	train	100000	0.12
1789584004	1714	counted	train	100000	0.12
1789584005	1714	counted	train	100000	0.12
1789584005	1714	counted	train	100000	0.11
1789584005	1714	counted	train	100000	0.12
1789584005	1714	counted	train	100000	0.12
1789584005	1714	counted	train	100000	0.12
1789584005	1714	counted	train	100000	0.12
1789584006	1714	counted	train	100000	0.13
1789584006	1714	counted	train	100000	0.13
1789584006	1714	counted	train	100000	0.13
1789584006	1714	counted	train	100000	0.12
1789584006	1714	counted	train	100000	0.12
1789584006	1714	counted	train	100000	0.12
1789584007	1714	counted	train	100000	0.12
1789584007	1714	counted	train	100000	0.13
1789584007	1714	counted	train	100000	0.13
1789584007	1714	counted	train	100000	0.12
1789584007	1714	counted	train	100000	0.10
1789584007	1714	counted	train	100000	0.10
1789584008	1714	counted	train	100000	0.10
1789584008	1714	counted	train	100000	0.10
1789584008	1714	counted	train	100000	0.10
1789584008	1714	counted	train	100000	0.10
1789584008	1714	counted	train	100000	0.10
1789584008	1714	counted	train	100000	0.10
1789584008	1714	counted	train	100000	0.09
1789584009	1714	counted	train	100000	0.10
1789584009	1714	counted	train	100000	0.10
1789584009	1714	counted	train	100000	0.10
1789584009	1714	counted	train	100000	0.10
1789584009	1714	counted	train	100000	0.10
1789584009	1714	counted	train	100000	0.10
1789584009	1714	counted	train	100000	0.10
1789584010	1714	counted	train	100000	0.10
1789584010	1714	counted	train	100000	0.10
1789584010	1714	counted	train	100000	0.10
1789584010	1714	counted	train	100000	0.10
1789584010	1714	counted	train	100000	0.10
1789584010	1714	counted	train	100000	0.26
1789584011	1714	counted	train	100000	0.25
1789584011	1714	counted	train	100000	0.24
1789584012	1714	counted	train	100000	0.68
1789584012	1714	counted	train	100000	0.26
1789584012	1714	counted	train	100000	0.26
1789584013	1714	counted	train	100000	0.26
1789584013	1714	counted	train	100000	0.25
1789584013	1714	counted	train	100000	0.26
1789584014	1714	counted	train	100000	0.26
1789584014	1714	counted	train	100000	0.26
1789584014	1714	counted	train	100000	0.26
1789584015	1714	counted	train	100000	0.27
1789584015	1714	counted	train	100000	0.27
1789584015	1714	counted	train	100000	0.26
1789584016	1714	counted	train	100000	0.25
1789584016	1714	counted	train	100000	0.27
1789584016	1714	counted	train	100000	0.26
1789584016	1714	counted	train	100000	0.26
1789584017	1714	counted	train	100000	0.26
1789584017	1714	counted	train	100000	0.26
1789584017	1714	counted	train	100000	0.16
1789584018	1714	counted	train	100000	0.15
1789584018	1714	counted	train	100000	0.15
1789584018	1714	counted	train	100000	0.16
1789584018	1714	counted	train	100000	0.15
1789584018	1714	counted	train	100000	0.16
1789584019	1714	counted	train	100000	0.16
1789584019	1714	counted	train	100000	0.16
1789584019	1714	counted	train	100000	0.16
1789584019	1714	counted	train	100000	0.15
1789584019	1714	counted	train	100000	0.16
1789584020	1714	counted	train	100000	0.16
1789584020	1714	counted	train	100000	0.15
1789584020	1714	counted	train	100000	0.15
1789584020	1714	counted	train	100000	0.15
1789584020	1714	counted	train	100000	0.15
1789584021	1714	counted	train	100000	0.15
1789584021	1714	counted	train	100000	0.15
1789584021	1714	counted	train	100000	0.16
1789584021	1714	counted	train	100000	0.15
1789584021	1714	counted	train	100000	0.15
1789584022	1714	counted	train	100000	0.12
1789584022	1714	counted	train	100000	0.12
1789584022	1714	counted	train	100000	0.13
1789584022	1714	counted	train	100000	0.13
1789584022	1714	counted	train	100000	0.13
1789584022	1714	counted	train	100000	0.13
1789584023	1714	counted	train	100000	0.13
1789584023	1714	counted	train	100000	0.13
1789584023	1714	counted	train	100000	0.13
1789584023	1714	counted	train	100000	0.13
1789584023	1714	counted	train	100000	0.13
1789584023	1714	counted	train	100000	0.12
1789584024	1714	counted	train	100000	0.13
1789584024	1714	counted	train	100000	0.13
1789584024	1714	counted	train	100000	0.13
1789584024	1714	counted	train	100000	0.13
1789584024	1714	counted	train	100000	0.13
1789584025	1714	counted	train	100000	0.12
1789584025	1714	counted	train	100000	0.13
1789584025	1714	counted	train	100000	0.13
1789584025	1714	counted	train	100000	0.12
1789584050	1815	counted	train	100000	0.27
1789584050	1815	counted	train	100000	0.26
1789584051	1815	counted	train	100000	0.27
1789584051	1815	counted	train	100000	0.26
1789584051	1815	counted	train	100000	0.26
1789584052	1815	counted	train	100000	0.26
1789584052	1815	counted	train	100000	0.27
1789584052	1815	counted	train	100000	0.27
1789584053	1815	counted	train	100000	0.26
1789584053	1815	counted	train	100000	0.26
1789584053	1815	counted	train	100000	0.25
1789584053	1815	counted	train	100000	0.25
1789584054	1815	counted	train	100000	0.26
1789584054	1815	counted	train	100000	0.25
1789584054	1815	counted	train	100000	0.26
1789584055	1815	counted	train	100000	0.26
1789584055	1815	counted	train	100000	0.26
1789584055	1815	counted	train	100000	0.27
1789584056	1815	counted	train	100000	0.27
1789584056	1815	counted	train	100000	0.27
1789584056	1815	counted	train	100000	0.26
1789584057	1815	counted	train	100000	0.27
1789584057	1815	counted	train	100000	0.26
1789584057	1815	counted	train	100000	0.26
1789584058	1815	counted	train	100000	0.26
1789584058	1815	counted	train	100000	0.26
1789584058	1815	counted	train	100000	0.25
1789584059	1815	counted	train	100000	0.26
1789584059	1815	counted	train	100000	0.26
1789584059	1815	counted	train	100000	0.26
1789584059	1815	counted	train	100000	0.26
1789584060	1815	counted	train	100000	0.28
1789584060	1815	counted	train	100000	0.27
1789584060	1815	counted	train	100000	0.28
1789584061	1815	counted	train	100000	0.26
1789584061	1815	counted	train	100000	0.26
1789584061	1815	counted	train	100000	0.26
1789584062	1815	counted	train	100000	0.28
1789584062	1815	counted	train	100000	0.27
1789584062	1815	counted	train	100000	0.26
1789584063	1815	counted	train	100000	0.26
1789584063	1815	counted	train	100000	0.29
1789584063	1815	counted	train	100000	0.27
1789584064	1815	counted	train	100000	0.26
1789584064	1815	counted	train	100000	0.27
1789584064	1815	counted	train	100000	0.27
1789584065	1815	counted	train	100000	0.26
1789584065	1815	counted	train	100000	0.27
1789584065	1815	counted	train	100000	0.27
1789584065	1815	counted	train	100000	0.27
1789584066	1815	counted	train	100000	0.27
1789584066	1815	counted	train	100000	0.26
1789584066	1815	counted	train	100000	0.27
1789584067	1815	counted	train	100000	0.27
1789584067	1815	counted	train	100000	0.27
1789584067	1815	counted	train	100000	0.28
1789584068	1815	counted	train	100000	0.26
1789584068	1815	counted	train	100000	0.26
1789584068	1815	counted	train	100000	0.26
1789584069	1815	counted	train	100000	0.26
1789584069	1815	counted	train	100000	0.28
1789584069	1815	counted	train	100000	0.27
1789584070	1815	counted	train	100000	0.27
1789584070	1815	counted	train	100000	0.27
1789584070	1815	counted	train	100000	0.26
1789584071	1815	counted	train	100000	0.27
1789584071	1815	counted	train	100000	0.27
1789584071	1815	counted	train	100000	0.26
1789584071	1815	counted	train	100000	0.26
1789584072	1815	counted	train	100000	0.29
1789584072	1815	counted	train	100000	0.27
1789584072	1815	counted	train	100000	0.25
1789584073	1815	counted	train	100000	0.26
1789584073	1815	counted	train	100000	0.26
1789584073	1815	counted	train	100000	0.26
1789584074	1815	counted	train	100000	0.26
1789584074	1815	counted	train	100000	0.26
1789584074	1815	counted	train	100000	0.27
1789584075	1815	counted	train	100000	0.26
1789584075	1815	counted	train	100000	0.27
1789584075	1815	counted	train	100000	0.27
1789584076	1815	counted	train	100000	0.28
1789584076	1815	counted	train	100000	0.27
1789584076	1815	counted	train	100000	0.27
1789584077	1815	counted	train	100000	0.27
1789584077	1815	counted	train	100000	0.27
1789584077	1815	counted	train	100000	0.27
1789584077	1815	counted	train	100000	0.26
1789584078	1815	counted	train	100000	0.26
1789584078	1815	counted	train	100000	0.26
1789584078	1815	counted	train	100000	0.27
1789584079	1815	counted	train	100000	0.26
1789584079	1815	counted	train	100000	0.27
1789584079	1815	counted	train	100000	0.28
1789584080	1815	counted	train	100000	0.27
1789584080	1815	counted	train	100000	0.28
1789584080	1815	counted	train	100000	0.28
1789584081	1815	counted	train	100000	0.27
1789584081	1815	counted	train	100000	0.27
1789584081	1815	counted	train	100000	0.25
1789584187	1917	counted	train	100000	0.13
1789584188	1917	counted	train	100000	0.12
1789584188	1917	counted	train	100000	0.12
1789584188	1917	counted	train	100000	0.13
1789584188	1917	counted	train	100000	0.12
1789584188	1917	counted	train	100000	0.15
1789584188	1917	counted	train	100000	0.16
1789584189	1917	counted	train	100000	0.16
1789584189	1917	counted	train	100000	0.16
1789584189	1917	counted	train	100000	0.16
1789584189	1917	counted	train	100000	0.16
1789584189	1917	counted	train	100000	0.16
1789584190	1917	counted	train	100000	0.16
1789584190	1917	counted	train	100000	0.16
1789584190	1917	counted	train	100000	0.16
1789584190	1917	counted	train	100000	0.16
1789584191	1917	counted	train	100000	0.16
1789584191	1917	counted	train	100000	0.16
1789584191	1917	counted	train	100000	0.16
1789584191	1917	counted	train	100000	0.16
1789584191	1917	counted	train	100000	0.16
1789584192	1917	counted	train	100000	0.16
1789584192	1917	counted	train	100000	0.16
1789584192	1917	counted	train	100000	0.17
1789584192	1917	counted	train	100000	0.16
1789584192	1917	counted	train	100000	0.16
1789584193	1917	counted	train	100000	0.16
1789584193	1917	counted	train	100000	0.16
1789584193	1917	counted	train	100000	0.17
1789584193	1917	counted	train	100000	0.16
1789584193	1917	counted	train	100000	0.15
1789584194	1917	counted	train	100000	0.15
1789584194	1917	counted	train	100000	0.15
1789584194	1917	counted	train	100000	0.16
1789584194	1917	counted	train	100000	0.16
1789584194	1917	counted	train	100000	0.16
1789584195	1917	counted	train	100000	0.16
1789584195	1917	counted	train	100000	0.16
1789584195	1917	counted	train	100000	0.16
1789584195	1917	counted	train	100000	0.15
1789584195	1917	counted	train	100000	0.16
1789584196	1917	counted	train	100000	0.15
1789584196	1917	counted	train	100000	0.15
1789584196	1917	counted	train	100000	0.15
1789584196	1917	counted	train	100000	0.15
1789584196	1917	counted	train	100000	0.16
1789584197	1917	counted	train	100000	0.17
1789584197	1917	counted	train	100000	0.15
1789584197	1917	counted	train	100000	0.15
1789584197	1917	counted	train	100000	0.15
1789584198	1917	counted	train	100000	0.16
1789584198	1917	counted	train	100000	0.15
1789584198	1917	counted	train	100000	0.16
1789584198	1917	counted	train	100000	0.15
1789584198	1917	counted	train	100000	0.16
1789584199	1917	counted	train	100000	0.15
1789584199	1917	counted	train	100000	0.15
1789584199	1917	counted	train	100000	0.15
1789584199	1917	counted	train	100000	0.15
1789584199	1917	counted	train	100000	0.16
1789584200	1917	counted	train	100000	0.13
1789584200	1917	counted	train	100000	0.14
1789584200	1917	counted	train	100000	0.13
1789584200	1917	counted	train	100000	0.12
1789584200	1917	counted	train	100000	0.12
1789584200	1917	counted	train	100000	0.12
1789584201	1917	counted	train	100000	0.13
1789584201	1917	counted	train	100000	0.12
1789584201	1917	counted	train	100000	0.13
1789584201	1917	counted	train	100000	0.12
1789584201	1917	counted	train	100000	0.13
1789584201	1917	counted	train	100000	0.12
1789584202	1917	counted	train	100000	0.12
1789584202	1917	counted	train	100000	0.11
1789584202	1917	counted	train	100000	0.12
1789584202	1917	counted	train	100000	0.12
1789584202	1917	counted	train	100000	0.12
1789584202	1917	counted	train	100000	0.12
1789584203	1917	counted	train	100000	0.12
1789584203	1917	counted	train	100000	0.12
1789584203	1917	counted	train	100000	0.12
1789584203	1917	counted	train	100000	0.12
1789584203	1917	counted	train	100000	0.12
1789584203	1917	counted	train	100000	0.12
1789584204	1917	counted	train	100000	0.12
1789584204	1917	counted	train	100000	0.12
1789584204	1917	counted	train	100000	0.12
1789584204	1917	counted	train	100000	0.12
1789584204	1917	counted	train	100000	0.12
1789584204	1917	counted	train	100000	0.12
1789584205	1917	counted	train	100000	0.10
1789584205	1917	counted	train	100000	0.10
1789584205	1917	counted	train	100000	0.10
1789584205	1917	counted	train	100000	0.10
1789584205	1917	counted	train	100000	0.10
1789584205	1917	counted	train	100000	0.10
1789584205	1917	counted	train	100000	0.11
1789584206	1917	counted	train	100000	0.10
1789584206	1917	counted	train	100000	0.10
1789584206	1917	counted	train	100000	0.10
1789584206	1917	counted	train	100000	0.10
1789584206	1917	counted	train	100000	0.10
1789584206	1917	counted	train	100000	0.10
1789584207	1917	counted	train	100000	0.10
1789584207	1917	counted	train	100000	0.10
1789584207	1917	counted	train	100000	0.10
1789584207	1917	counted	train	100000	0.10
1789584207	1917	counted	train	100000	0.10
1789584207	1917	counted	train	100000	0.10
1789584207	1917	counted	train	100000	0.10
1789584208	1917	counted	train	100000	0.10
1789584208	1917	counted	train	100000	0.10
1789584208	1917	counted	train	100000	0.10
1789584208	1917	counted	train	100000	0.10
1789584208	1917	counted	train	100000	0.10
1789584208	1917	counted	train	100000	0.11
1789584208	1917	counted	train	100000	0.10
1789584209	1917	counted	train	100000	0.10
1789584209	1917	counted	train	100000	0.10
1789584209	1917	counted	train	100000	0.10
1789584209	1917	counted	train	100000	0.26
1789584209	1917	counted	train	100000	0.26
1789584210	1917	counted	train	100000	0.26
1789584210	1917	counted	train	100000	0.25
1789584210	1917	counted	train	100000	0.26
1789584211	1917	counted	train	100000	0.25
1789584211	1917	counted	train	100000	0.25
1789584211	1917	counted	train	100000	0.25
1789584212	1917	counted	train	100000	0.25
1789584212	1917	counted	train	100000	0.25
1789584212	1917	counted	train	100000	0.25
1789584213	1917	counted	train	100000	0.25
1789584213	1917	counted	train	100000	0.26
1789584213	1917	counted	train	100000	0.26
1789584213	1917	counted	train	100000	0.27
1789584214	1917	counted	train	100000	0.26
1789584214	1917	counted	train	100000	0.25
1789584214	1917	counted	train	100000	0.26
1789584215	1917	counted	train	100000	0.26
1789584215	1917	counted	train	100000	0.26
1789584215	1917	counted	train	100000	0.26
1789584216	1917	counted	train	100000	0.25
1789584216	1917	counted	train	100000	0.25
1789584216	1917	counted	train	100000	0.25
1789584216	1917	counted	train	100000	0.26
1789584217	1917	counted	train	100000	0.25
1789584217	1917	counted	train	100000	0.25
1789584217	1917	counted	train	100000	0.26
1789584218	1917	counted	train	100000	0.27
1789584218	1917	counted	train	100000	0.27
1789584234	2005	counted	train	100000	0.19
1789584234	2005	counted	train	100000	0.17
1789584235	2005	counted	train	100000	0.18
1789584235	2005	counted	train	100000	0.18
1789584235	2005	counted	train	100000	0.18
1789584235	2005	counted	train	100000	0.17
1789584236	2005	counted	train	100000	0.17
1789584236	2005	counted	train	100000	0.18
1789584236	2005	counted	train	100000	0.18
1789584236	2005	counted	train	100000	0.18
1789584236	2005	counted	train	100000	0.18
1789584237	2005	counted	train	100000	0.18
1789584237	2005	counted	train	100000	0.17
1789584237	2005	counted	train	100000	0.19
1789584237	2005	counted	train	100000	0.18
1789584238	2005	counted	train	100000	0.18
1789584238	2005	counted	train	100000	0.18
1789584238	2005	counted	train	100000	0.18
1789584238	2005	counted	train	100000	0.18
1789584239	2005	counted	train	100000	0.18
1789584239	2005	counted	train	100000	0.18
1789584239	2005	counted	train	100000	0.18
1789584239	2005	counted	train	100000	0.17
1789584240	2005	counted	train	100000	0.18
1789584240	2005	counted	train	100000	0.18
1789584240	2005	counted	train	100000	0.17
1789584240	2005	counted	train	100000	0.18
1789584241	2005	counted	train	100000	0.17
1789584241	2005	counted	train	100000	0.17
1789584241	2005	counted	train	100000	0.17
1789584241	2005	counted	train	100000	0.16
1789584241	2005	counted	train	100000	0.17
1789584242	2005	counted	train	100000	0.17
1789584242	2005	counted	train	100000	0.17
1789584242	2005	counted	train	100000	0.17
1789584242	2005	counted	train	100000	0.17
1789584243	2005	counted	train	100000	0.17
1789584243	2005	counted	train	100000	0.17
1789584243	2005	counted	train	100000	0.16
1789584243	2005	counted	train	100000	0.17
1789584243	2005	counted	train	100000	0.17
1789584244	2005	counted	train	100000	0.17
1789584244	2005	counted	train	100000	0.17
1789584244	2005	counted	train	100000	0.17
1789584244	2005	counted	train	100000	0.17
1789584245	2005	counted	train	100000	0.17
1789584245	2005	counted	train	100000	0.18
1789584245	2005	counted	train	100000	0.17
1789584245	2005	counted	train	100000	0.17
1789584246	2005	counted	train	100000	0.17
1789584246	2005	counted	train	100000	0.18
1789584246	2005	counted	train	100000	0.17
1789584246	2005	counted	train	100000	0.17
1789584247	2005	counted	train	100000	0.18
1789584247	2005	counted	train	100000	0.17
1789584247	2005	counted	train	100000	0.16
1789584247	2005	counted	train	100000	0.17
1789584247	2005	counted	train	100000	0.17
1789584248	2005	counted	train	100000	0.17
1789584248	2005	counted	train	100000	0.18
1789584248	2005	counted	train	100000	0.13
1789584248	2005	counted	train	100000	0.13
1789584248	2005	counted	train	100000	0.13
1789584249	2005	counted	train	100000	0.13
1789584249	2005	counted	train	100000	0.13
1789584249	2005	counted	train	100000	0.13
1789584249	2005	counted	train	100000	0.13
1789584249	2005	counted	train	100000	0.13
1789584250	2005	counted	train	100000	0.13
1789584250	2005	counted	train	100000	0.13
1789584250	2005	counted	train	100000	0.13
1789584250	2005	counted	train	100000	0.13
1789584250	2005	counted	train	100000	0.13
1789584251	2005	counted	train	100000	0.13
1789584251	2005	counted	train	100000	0.14
1789584251	2005	counted	train	100000	0.14
1789584251	2005	counted	train	100000	0.13
1789584251	2005	counted	train	100000	0.13
1789584252	2005	counted	train	100000	0.13
1789584252	2005	counted	train	100000	0.13
1789584252	2005	counted	train	100000	0.13
1789584252	2005	counted	train	100000	0.13
1789584252	2005	counted	train	100000	0.13
1789584253	2005	counted	train	100000	0.13
1789584253	2005	counted	train	100000	0.13
1789584253	2005	counted	train	100000	0.13
1789584253	2005	counted	train	100000	0.13
1789584253	2005	counted	train	100000	0.13
1789584253	2005	counted	train	100000	0.13
1789584254	2005	counted	train	100000	0.13
1789584254	2005	counted	train	100000	0.11
1789584254	2005	counted	train	100000	0.10
1789584254	2005	counted	train	100000	0.11
1789584254	2005	counted	train	100000	0.11
1789584254	2005	counted	train	100000	0.10
1789584255	2005	counted	train	100000	0.11
1789584255	2005	counted	train	100000	0.10
1789584255	2005	counted	train	100000	0.11
1789584255	2005	counted	train	100000	0.10
1789584255	2005	counted	train	100000	0.10
1789584255	2005	counted	train	100000	0.10
1789584256	2005	counted	train	100000	0.10
1789584256	2005	counted	train	100000	0.10
1789584256	2005	counted	train	100000	0.10
1789584256	2005	counted	train	100000	0.10
1789584256	2005	counted	train	100000	0.10
1789584256	2005	counted	train	100000	0.10
1789584257	2005	counted	train	100000	0.10
1789584257	2005	counted	train	100000	0.10
1789584257	2005	counted	train	100000	0.10
1789584257	2005	counted	train	100000	0.10
1789584257	2005	counted	train	100000	0.10
1789584257	2005	counted	train	100000	0.10
1789584258	2005	counted	train	100000	0.10
1789584258	2005	counted	train	100000	0.10
1789584258	2005	counted	train	100000	0.10
1789584258	2005	counted	train	100000	0.10
1789584258	2005	counted	train	100000	0.10
1789584258	2005	counted	train	100000	0.10
1789584258	2005	counted	train	100000	0.10
1789584259	2005	counted	train	100000	0.28
1789584259	2005	counted	train	100000	0.27
1789584259	2005	counted	train	100000	0.26
1789584260	2005	counted	train	100000	0.28
1789584260	2005	counted	train	100000	0.26
1789584260	2005	counted	train	100000	0.26
1789584261	2005	counted	train	100000	0.27
1789584261	2005	counted	train	100000	0.26
1789584261	2005	counted	train	100000	0.26
1789584262	2005	counted	train	100000	0.27
1789584262	2005	counted	train	100000	0.27
1789584262	2005	counted	train	100000	0.27
1789584263	2005	counted	train	100000	0.26
1789584263	2005	counted	train	100000	0.27
1789584263	2005	counted	train	100000	0.27
1789584264	2005	counted	train	100000	0.27
1789584264	2005	counted	train	100000	0.27
1789584264	2005	counted	train	100000	0.27
1789584265	2005	counted	train	100000	0.27
1789584265	2005	counted	train	100000	0.28
1789584265	2005	counted	train	100000	0.29
1789584266	2005	counted	train	100000	0.28
1789584266	2005	counted	train	100000	0.29
1789584266	2005	counted	train	100000	0.28
1789584267	2005	counted	train	100000	0.28
1789584267	2005	counted	train	100000	0.27
1789584267	2005	counted	train	100000	0.28
1789584268	2005	counted	train	100000	0.28
1789584268	2005	counted	train	100000	0.28
1789584268	2005	counted	train	100000	0.27
1789584289	2106	counted	train	100000	0.43
1789584289	2106	counted	train	100000	0.40
1789584290	2106	counted	train	100000	0.39
1789584290	2106	counted	train	100000	0.40
1789584291	2106	counted	train	100000	0.38
1789584291	2106	counted	train	100000	0.39
1789584291	2106	counted	train	100000	0.41
1789584292	2106	counted	train	100000	0.39
1789584292	2106	counted	train	100000	0.41
1789584293	2106	counted	train	100000	0.41
1789584293	2106	counted	train	100000	0.41
1789584294	2106	counted	train	100000	0.40
1789584294	2106	counted	train	100000	0.42
1789584295	2106	counted	train	100000	0.42
1789584295	2106	counted	train	100000	0.40
1789584296	2106	counted	train	100000	0.39
1789584296	2106	counted	train	100000	0.39
1789584297	2106	counted	train	100000	0.39
1789584297	2106	counted	train	100000	0.40
1789584298	2106	counted	train	100000	0.39
1789584298	2106	counted	train	100000	0.39
1789584299	2106	counted	train	100000	0.40
1789584299	2106	counted	train	100000	0.40
1789584299	2106	counted	train	100000	0.40
1789584300	2106	counted	train	100000	0.38
1789584300	2106	counted	train	100000	0.41
1789584301	2106	counted	train	100000	0.39
1789584301	2106	counted	train	100000	0.40
1789584302	2106	counted	train	100000	0.42
1789584302	2106	counted	train	100000	0.40
1789584303	2106	counted	train	100000	0.38
1789584303	2106	counted	train	100000	0.34
1789584304	2106	counted	train	100000	0.38
1789584304	2106	counted	train	100000	0.35
1789584304	2106	counted	train	100000	0.37
1789584305	2106	counted	train	100000	0.36
1789584305	2106	counted	train	100000	0.36
1789584306	2106	counted	train	100000	0.36
1789584306	2106	counted	train	100000	0.35
1789584307	2106	counted	train	100000	0.34
1789584307	2106	counted	train	100000	0.37
1789584307	2106	counted	train	100000	0.33
1789584308	2106	counted	train	100000	0.36
1789584308	2106	counted	train	100000	0.36
1789584309	2106	counted	train	100000	0.38
1789584309	2106	counted	train	100000	0.37
1789584310	2106	counted	train	100000	0.38
1789584310	2106	counted	train	100000	0.36
1789584310	2106	counted	train	100000	0.37
1789584311	2106	counted	train	100000	0.35
1789584311	2106	counted	train	100000	0.35
1789584312	2106	counted	train	100000	0.35
1789584312	2106	counted	train	100000	0.36
1789584313	2106	counted	train	100000	0.34
1789584313	2106	counted	train	100000	0.36
1789584313	2106	counted	train	100000	0.32
1789584314	2106	counted	train	100000	0.34
1789584314	2106	counted	train	100000	0.37
1789584315	2106	counted	train	100000	0.34
1789584315	2106	counted	train	100000	0.38
1789584315	2106	counted	train	100000	0.28
1789584316	2106	counted	train	100000	0.27
1789584316	2106	counted	train	100000	0.28
1789584316	2106	counted	train	100000	0.28
1789584317	2106	counted	train	100000	0.27
1789584317	2106	counted	train	100000	0.27
1789584317	2106	counted	train	100000	0.27
1789584318	2106	counted	train	100000	0.28
1789584318	2106	counted	train	100000	0.26
1789584318	2106	counted	train	100000	0.27
1789584319	2106	counted	train	100000	0.27
1789584319	2106	counted	train	100000	0.27
1789584319	2106	counted	train	100000	0.27
1789584320	2106	counted	train	100000	0.26
1789584320	2106	counted	train	100000	0.27
1789584321	2106	counted	train	100000	0.28
1789584321	2106	counted	train	100000	0.28
1789584321	2106	counted	train	100000	0.26
1789584322	2106	counted	train	100000	0.26
1789584322	2106	counted	train	100000	0.27
1789584322	2106	counted	train	100000	0.26
1789584323	2106	counted	train	100000	0.27
1789584323	2106	counted	train	100000	0.27
1789584323	2106	counted	train	100000	0.28
1789584324	2106	counted	train	100000	0.27
1789584324	2106	counted	train	100000	0.27
1789584324	2106	counted	train	100000	0.27
1789584325	2106	counted	train	100000	0.28
1789584325	2106	counted	train	100000	0.27
1789584325	2106	counted	train	100000	0.26
1789584326	2106	counted	train	100000	0.20
1789584326	2106	counted	train	100000	0.19
1789584326	2106	counted	train	100000	0.20
1789584326	2106	counted	train	100000	0.19
1789584327	2106	counted	train	100000	0.19
1789584327	2106	counted	train	100000	0.20
1789584327	2106	counted	train	100000	0.19
1789584327	2106	counted	train	100000	0.18
1789584328	2106	counted	train	100000	0.18
1789584328	2106	counted	train	100000	0.17
1789584328	2106	counted	train	100000	0.19
1789584328	2106	counted	train	100000	0.17
1789584329	2106	counted	train	100000	0.19
1789584329	2106	counted	train	100000	0.19
1789584329	2106	counted	train	100000	0.18
1789584329	2106	counted	train	100000	0.21
1789584330	2106	counted	train	100000	0.18
1789584330	2106	counted	train	100000	0.19
1789584330	2106	counted	train	100000	0.19
1789584330	2106	counted	train	100000	0.19
1789584331	2106	counted	train	100000	0.20
1789584331	2106	counted	train	100000	0.19
1789584331	2106	counted	train	100000	0.18
1789584331	2106	counted	train	100000	0.20
1789584332	2106	counted	train	100000	0.19
1789584332	2106	counted	train	100000	0.19
1789584332	2106	counted	train	100000	0.19
1789584332	2106	counted	train	100000	0.18
1789584333	2106	counted	train	100000	0.19
1789584333	2106	counted	train	100000	0.18
1789584334	2106	counted	train	100000	0.65
1789584334	2106	counted	train	100000	0.72
1789584335	2106	counted	train	100000	0.69
1789584336	2106	counted	train	100000	0.65
1789584337	2106	counted	train	100000	0.69
1789584337	2106	counted	train	100000	0.63
1789584338	2106	counted	train	100000	0.63
1789584339	2106	counted	train	100000	0.68
1789584340	2106	counted	train	100000	0.61
1789584340	2106	counted	train	100000	0.66
1789584341	2106	counted	train	100000	0.63
1789584342	2106	counted	train	100000	0.62
1789584342	2106	counted	train	100000	0.63
1789584343	2106	counted	train	100000	0.63
1789584344	2106	counted	train	100000	0.71
1789584345	2106	counted	train	100000	0.60
1789584345	2106	counted	train	100000	0.62
1789584346	2106	counted	train	100000	0.63
1789584347	2106	counted	train	100000	0.61
1789584347	2106	counted	train	100000	0.62
1789584348	2106	counted	train	100000	0.62
1789584349	2106	counted	train	100000	0.61
1789584349	2106	counted	train	100000	0.65
1789584350	2106	counted	train	100000	0.65
1789584351	2106	counted	train	100000	0.61
1789584351	2106	counted	train	100000	0.57
1789584352	2106	counted	train	100000	0.58
1789584353	2106	counted	train	100000	0.65
1789584353	2106	counted	train	100000	0.61
1789584354	2106	counted	train	100000	0.65
1789584406	2231	counted	train	100000	0.47
1789584407	2231	counted	train	100000	0.43
1789584407	2231	counted	train	100000	0.42
1789584408	2231	counted	train	100000	0.42
1789584408	2231	counted	train	100000	0.42
1789584409	2231	counted	train	100000	0.43
1789584409	2231	counted	train	100000	0.45
1789584410	2231	counted	train	100000	0.42
1789584410	2231	counted	train	100000	0.44
1789584411	2231	counted	train	100000	0.42
1789584411	2231	counted	train	100000	0.43
1789584412	2231	counted	train	100000	0.43
1789584412	2231	counted	train	100000	0.43
1789584413	2231	counted	train	100000	0.44
1789584413	2231	counted	train	100000	0.43
1789584414	2231	counted	train	100000	0.43
1789584414	2231	counted	train	100000	0.41
1789584414	2231	counted	train	100000	0.41
1789584415	2231	counted	train	100000	0.44
1789584415	2231	counted	train	100000	0.42
1789584416	2231	counted	train	100000	0.42
1789584416	2231	counted	train	100000	0.42
1789584417	2231	counted	train	100000	0.41
1789584417	2231	counted	train	100000	0.42
1789584418	2231	counted	train	100000	0.42
1789584418	2231	counted	train	100000	0.43
1789584419	2231	counted	train	100000	0.43
1789584419	2231	counted	train	100000	0.43
1789584420	2231	counted	train	100000	0.43
1789584420	2231	counted	train	100000	0.42
1789584421	2231	counted	train	100000	0.38
1789584421	2231	counted	train	100000	0.39
1789584422	2231	counted	train	100000	0.38
1789584422	2231	counted	train	100000	0.39
1789584423	2231	counted	train	100000	0.39
1789584423	2231	counted	train	100000	0.38
1789584424	2231	counted	train	100000	0.37
1789584424	2231	counted	train	100000	0.34
1789584424	2231	counted	train	100000	0.39
1789584425	2231	counted	train	100000	0.38
1789584425	2231	counted	train	100000	0.38
1789584426	2231	counted	train	100000	0.39
1789584426	2231	counted	train	100000	0.38
1789584427	2231	counted	train	100000	0.38
1789584427	2231	counted	train	100000	0.37
1789584428	2231	counted	train	100000	0.40
1789584428	2231	counted	train	100000	0.35
1789584428	2231	counted	train	100000	0.41
1789584429	2231	counted	train	100000	0.41
1789584429	2231	counted	train	100000	0.40
1789584430	2231	counted	train	100000	0.38
1789584430	2231	counted	train	100000	0.38
1789584431	2231	counted	train	100000	0.38
1789584431	2231	counted	train	100000	0.36
1789584432	2231	counted	train	100000	0.40
1789584432	2231	counted	train	100000	0.38
1789584433	2231	counted	train	100000	0.38
1789584433	2231	counted	train	100000	0.37
1789584433	2231	counted	train	100000	0.37
1789584434	2231	counted	train	100000	0.39
1789584434	2231	counted	train	100000	0.29
1789584435	2231	counted	train	100000	0.30
1789584435	2231	counted	train	100000	0.29
1789584435	2231	counted	train	100000	0.30
1789584436	2231	counted	train	100000	0.30
1789584436	2231	counted	train	100000	0.30
1789584437	2231	counted	train	100000	0.30
1789584437	2231	counted	train	100000	0.29
1789584437	2231	counted	train	100000	0.30
1789584438	2231	counted	train	100000	0.30
1789584438	2231	counted	train	100000	0.29
1789584438	2231	counted	train	100000	0.28
1789584439	2231	counted	train	100000	0.30
1789584439	2231	counted	train	100000	0.30
1789584439	2231	counted	train	100000	0.27
1789584440	2231	counted	train	100000	0.28
1789584440	2231	counted	train	100000	0.30
1789584440	2231	counted	train	100000	0.27
1789584441	2231	counted	train	100000	0.29
1789584441	2231	counted	train	100000	0.30
1789584442	2231	counted	train	100000	0.29
1789584442	2231	counted	train	100000	0.30
1789584442	2231	counted	train	100000	0.31
1789584443	2231	counted	train	100000	0.30
1789584443	2231	counted	train	100000	0.28
1789584443	2231	counted	train	100000	0.32
1789584444	2231	counted	train	100000	0.29
1789584444	2231	counted	train	100000	0.29
1789584445	2231	counted	train	100000	0.32
1789584445	2231	counted	train	100000	0.28
1789584445	2231	counted	train	100000	0.18
1789584445	2231	counted	train	100000	0.19
1789584446	2231	counted	train	100000	0.18
1789584446	2231	counted	train	100000	0.19
1789584446	2231	counted	train	100000	0.18
1789584446	2231	counted	train	100000	0.20
1789584447	2231	counted	train	100000	0.20
1789584447	2231	counted	train	100000	0.19
1789584447	2231	counted	train	100000	0.20
1789584448	2231	counted	train	100000	0.18
1789584448	2231	counted	train	100000	0.19
1789584448	2231	counted	train	100000	0.19
1789584448	2231	counted	train	100000	0.19
1789584449	2231	counted	train	100000	0.18
1789584449	2231	counted	train	100000	0.19
1789584449	2231	counted	train	100000	0.20
1789584449	2231	counted	train	100000	0.19
1789584450	2231	counted	train	100000	0.18
1789584450	2231	counted	train	100000	0.18
1789584450	2231	counted	train	100000	0.19
1789584450	2231	counted	train	100000	0.17
1789584451	2231	counted	train	100000	0.19
1789584451	2231	counted	train	100000	0.19
1789584451	2231	counted	train	100000	0.20
1789584451	2231	counted	train	100000	0.20
1789584452	2231	counted	train	100000	0.19
1789584452	2231	counted	train	100000	0.20
1789584452	2231	counted	train	100000	0.21
1789584452	2231	counted	train	100000	0.19
1789584453	2231	counted	train	100000	0.19
1789584454	2231	counted	train	100000	0.73
1789584454	2231	counted	train	100000	0.72
1789584455	2231	counted	train	100000	0.67
1789584456	2231	counted	train	100000	0.69
1789584457	2231	counted	train	100000	0.74
1789584457	2231	counted	train	100000	0.74
1789584458	2231	counted	train	100000	0.66
1789584459	2231	counted	train	100000	0.66
1789584460	2231	counted	train	100000	0.62
1789584460	2231	counted	train	100000	0.68
1789584461	2231	counted	train	100000	0.70
1789584462	2231	counted	train	100000	0.67
1789584463	2231	counted	train	100000	0.67
1789584463	2231	counted	train	100000	0.65
1789584464	2231	counted	train	100000	0.65
1789584465	2231	counted	train	100000	0.65
1789584465	2231	counted	train	100000	0.65
1789584466	2231	counted	train	100000	0.70
1789584467	2231	counted	train	100000	0.71
1789584468	2231	counted	train	100000	0.66
1789584469	2231	counted	train	100000	0.72
1789584469	2231	counted	train	100000	0.68
1789584470	2231	counted	train	100000	0.70
1789584471	2231	counted	train	100000	0.69
1789584472	2231	counted	train	100000	0.75
1789584472	2231	counted	train	100000	0.70
1789584473	2231	counted	train	100000	0.66
1789584474	2231	counted	train	100000	0.66
1789584475	2231	counted	train	100000	0.67
1789584475	2231	counted	train	100000	0.66
1789584508	2319	counted	train	100000	0.61
1789584508	2319	counted	train	100000	0.61
1789584509	2319	counted	train	100000	0.62
1789584510	2319	counted	train	100000	0.60
1789584510	2319	counted	train	100000	0.60
1789584511	2319	counted	train	100000	0.59
1789584512	2319	counted	train	100000	0.60
1789584512	2319	counted	train	100000	0.59
1789584513	2319	counted	train	100000	0.60
1789584514	2319	counted	train	100000	0.61
1789584515	2319	counted	train	100000	0.62
1789584515	2319	counted	train	100000	0.61
1789584516	2319	counted	train	100000	0.61
1789584517	2319	counted	train	100000	0.61
1789584517	2319	counted	train	100000	0.60
1789584518	2319	counted	train	100000	0.63
1789584519	2319	counted	train	100000	0.61
1789584520	2319	counted	train	100000	0.61
1789584520	2319	counted	train	100000	0.63
1789584521	2319	counted	train	100000	0.62
1789584522	2319	counted	train	100000	0.63
1789584522	2319	counted	train	100000	0.64
1789584523	2319	counted	train	100000	0.64
1789584524	2319	counted	train	100000	0.61
1789584525	2319	counted	train	100000	0.61
1789584525	2319	counted	train	100000	0.62
1789584526	2319	counted	train	100000	0.60
1789584527	2319	counted	train	100000	0.62
1789584527	2319	counted	train	100000	0.61
1789584528	2319	counted	train	100000	0.64
1789584529	2319	counted	train	100000	0.53
1789584529	2319	counted	train	100000	0.52
1789584530	2319	counted	train	100000	0.49
1789584531	2319	counted	train	100000	0.54
1789584531	2319	counted	train	100000	0.48
1789584532	2319	counted	train	100000	0.50
1789584532	2319	counted	train	100000	0.50
1789584533	2319	counted	train	100000	0.51
1789584534	2319	counted	train	100000	0.48
1789584534	2319	counted	train	100000	0.48
1789584535	2319	counted	train	100000	0.49
1789584535	2319	counted	train	100000	0.48
1789584536	2319	counted	train	100000	0.50
1789584537	2319	counted	train	100000	0.51
1789584537	2319	counted	train	100000	0.50
1789584538	2319	counted	train	100000	0.51
1789584538	2319	counted	train	100000	0.51
1789584539	2319	counted	train	100000	0.51
1789584540	2319	counted	train	100000	0.52
1789584540	2319	counted	train	100000	0.48
1789584541	2319	counted	train	100000	0.51
1789584541	2319	counted	train	100000	0.52
1789584542	2319	counted	train	100000	0.49
1789584543	2319	counted	train	100000	0.48
1789584543	2319	counted	train	100000	0.49
1789584544	2319	counted	train	100000	0.50
1789584544	2319	counted	train	100000	0.52
1789584545	2319	counted	train	100000	0.52
1789584546	2319	counted	train	100000	0.44
1789584546	2319	counted	train	100000	0.46
1789584547	2319	counted	train	100000	0.34
1789584547	2319	counted	train	100000	0.35
1789584547	2319	counted	train	100000	0.33
1789584548	2319	counted	train	100000	0.37
1789584548	2319	counted	train	100000	0.35
1789584549	2319	counted	train	100000	0.36
1789584549	2319	counted	train	100000	0.35
1789584550	2319	counted	train	100000	0.35
1789584550	2319	counted	train	100000	0.36
1789584551	2319	counted	train	100000	0.37
1789584551	2319	counted	train	100000	0.36
1789584552	2319	counted	train	100000	0.38
1789584552	2319	counted	train	100000	0.36
1789584552	2319	counted	train	100000	0.37
1789584553	2319	counted	train	100000	0.41
1789584553	2319	counted	train	100000	0.38
1789584554	2319	counted	train	100000	0.40
1789584554	2319	counted	train	100000	0.38
1789584555	2319	counted	train	100000	0.37
1789584555	2319	counted	train	100000	0.38
1789584556	2319	counted	train	100000	0.40
1789584556	2319	counted	train	100000	0.38
1789584557	2319	counted	train	100000	0.38
1789584557	2319	counted	train	100000	0.39
1789584558	2319	counted	train	100000	0.37
1789584558	2319	counted	train	100000	0.38
1789584559	2319	counted	train	100000	0.39
1789584559	2319	counted	train	100000	0.40
1789584560	2319	counted	train	100000	0.40
1789584560	2319	counted	train	100000	0.37
1789584561	2319	counted	train	100000	0.24
1789584561	2319	counted	train	100000	0.25
1789584561	2319	counted	train	100000	0.24
1789584562	2319	counted	train	100000	0.24
1789584562	2319	counted	train	100000	0.24
1789584562	2319	counted	train	100000	0.25
1789584563	2319	counted	train	100000	0.26
1789584563	2319	counted	train	100000	0.25
1789584563	2319	counted	train	100000	0.25
1789584564	2319	counted	train	100000	0.24
1789584564	2319	counted	train	100000	0.24
1789584564	2319	counted	train	100000	0.24
1789584565	2319	counted	train	100000	0.24
1789584565	2319	counted	train	100000	0.25
1789584565	2319	counted	train	100000	0.24
1789584566	2319	counted	train	100000	0.25
1789584566	2319	counted	train	100000	0.23
1789584566	2319	counted	train	100000	0.24
1789584567	2319	counted	train	100000	0.24
1789584567	2319	counted	train	100000	0.26
1789584567	2319	counted	train	100000	0.24
1789584568	2319	counted	train	100000	0.27
1789584568	2319	counted	train	100000	0.24
1789584568	2319	counted	train	100000	0.23
1789584569	2319	counted	train	100000	0.24
1789584569	2319	counted	train	100000	0.27
1789584570	2319	counted	train	100000	0.26
1789584570	2319	counted	train	100000	0.24
1789584570	2319	counted	train	100000	0.26
1789584571	2319	counted	train	100000	0.24
1789584572	2319	counted	train	100000	0.98
1789584573	2319	counted	train	100000	0.95
1789584574	2319	counted	train	100000	0.92
1789584575	2319	counted	train	100000	0.92
1789584576	2319	counted	train	100000	0.89
1789584577	2319	counted	train	100000	0.91
1789584578	2319	counted	train	100000	0.94
1789584579	2319	counted	train	100000	0.92
1789584580	2319	counted	train	100000	0.86
1789584581	2319	counted	train	100000	0.92
1789584582	2319	counted	train	100000	0.89
1789584583	2319	counted	train	100000	0.90
1789584584	2319	counted	train	100000	0.88
1789584585	2319	counted	train	100000	0.94
1789584586	2319	counted	train	100000	0.88
1789584587	2319	counted	train	100000	0.90
1789584588	2319	counted	train	100000	0.91
1789584589	2319	counted	train	100000	0.89
1789584590	2319	counted	train	100000	0.88
1789584591	2319	counted	train	100000	0.86
1789584592	2319	counted	train	100000	0.93
1789584593	2319	counted	train	100000	0.93
1789584594	2319	counted	train	100000	0.86
1789584595	2319	counted	train	100000	0.93
1789584596	2319	counted	train	100000	0.88
1789584597	2319	counted	train	100000	0.90
1789584598	2319	counted	train	100000	0.86
1789584599	2319	counted	train	100000	0.84
1789584600	2319	counted	train	100000	0.90
1789584601	2319	counted	train	100000	0.89
1789584618	2420	counted	train	100000	0.62
1789584619	2420	counted	train	100000	0.60
1789584619	2420	counted	train	100000	0.63
1789584620	2420	counted	train	100000	0.62
1789584621	2420	counted	train	100000	0.65
1789584622	2420	counted	train	100000	0.66
1789584622	2420	counted	train	100000	0.65
1789584623	2420	counted	train	100000	0.64
1789584624	2420	counted	train	100000	0.66
1789584625	2420	counted	train	100000	0.66
1789584625	2420	counted	train	100000	0.65
1789584626	2420	counted	train	100000	0.65
1789584627	2420	counted	train	100000	0.67
1789584628	2420	counted	train	100000	0.67
1789584628	2420	counted	train	100000	0.67
1789584629	2420	counted	train	100000	0.68
1789584630	2420	counted	train	100000	0.68
1789584631	2420	counted	train	100000	0.68
1789584631	2420	counted	train	100000	0.68
1789584632	2420	counted	train	100000	0.68
1789584633	2420	counted	train	100000	0.68
1789584634	2420	counted	train	100000	0.67
1789584635	2420	counted	train	100000	0.68
1789584635	2420	counted	train	100000	0.68
1789584636	2420	counted	train	100000	0.54
1789584637	2420	counted	train	100000	0.56
1789584637	2420	counted	train	100000	0.54
1789584638	2420	counted	train	100000	0.57
1789584639	2420	counted	train	100000	0.57
1789584639	2420	counted	train	100000	0.56
1789584640	2420	counted	train	100000	0.55
1789584641	2420	counted	train	100000	0.55
1789584641	2420	counted	train	100000	0.54
1789584642	2420	counted	train	100000	0.55
1789584642	2420	counted	train	100000	0.55
1789584643	2420	counted	train	100000	0.54
1789584644	2420	counted	train	100000	0.55
1789584644	2420	counted	train	100000	0.51
1789584645	2420	counted	train	100000	0.57
1789584646	2420	counted	train	100000	0.55
1789584646	2420	counted	train	100000	0.53
1789584647	2420	counted	train	100000	0.56
1789584648	2420	counted	train	100000	0.53
1789584648	2420	counted	train	100000	0.54
1789584649	2420	counted	train	100000	0.53
1789584650	2420	counted	train	100000	0.56
1789584650	2420	counted	train	100000	0.52
1789584651	2420	counted	train	100000	0.55
1789584651	2420	counted	train	100000	0.40
1789584652	2420	counted	train	100000	0.38
1789584652	2420	counted	train	100000	0.37
1789584653	2420	counted	train	100000	0.42
1789584653	2420	counted	train	100000	0.40
1789584654	2420	counted	train	100000	0.39
1789584654	2420	counted	train	100000	0.39
1789584655	2420	counted	train	100000	0.40
1789584655	2420	counted	train	100000	0.40
1789584656	2420	counted	train	100000	0.40
1789584656	2420	counted	train	100000	0.40
1789584657	2420	counted	train	100000	0.40
1789584657	2420	counted	train	100000	0.38
1789584658	2420	counted	train	100000	0.41
1789584658	2420	counted	train	100000	0.38
1789584659	2420	counted	train	100000	0.39
1789584659	2420	counted	train	100000	0.39
1789584660	2420	counted	train	100000	0.41
1789584660	2420	counted	train	100000	0.40
1789584661	2420	counted	train	100000	0.39
1789584661	2420	counted	train	100000	0.39
1789584662	2420	counted	train	100000	0.40
1789584662	2420	counted	train	100000	0.38
1789584663	2420	counted	train	100000	0.37
1789584663	2420	counted	train	100000	0.27
1789584663	2420	counted	train	100000	0.28
1789584664	2420	counted	train	100000	0.27
1789584664	2420	counted	train	100000	0.28
1789584665	2420	counted	train	100000	0.29
1789584665	2420	counted	train	100000	0.27
1789584665	2420	counted	train	100000	0.28
1789584666	2420	counted	train	100000	0.28
1789584666	2420	counted	train	100000	0.27
1789584666	2420	counted	train	100000	0.29
1789584667	2420	counted	train	100000	0.30
1789584667	2420	counted	train	100000	0.29
1789584668	2420	counted	train	100000	0.28
1789584668	2420	counted	train	100000	0.30
1789584668	2420	counted	train	100000	0.27
1789584669	2420	counted	train	100000	0.27
1789584669	2420	counted	train	100000	0.28
1789584670	2420	counted	train	100000	0.26
1789584670	2420	counted	train	100000	0.28
1789584670	2420	counted	train	100000	0.27
1789584671	2420	counted	train	100000	0.27
1789584671	2420	counted	train	100000	0.28
1789584671	2420	counted	train	100000	0.27
1789584672	2420	counted	train	100000	0.28
1789584673	2420	counted	train	100000	0.96
1789584674	2420	counted	train	100000	0.99
1789584675	2420	counted	train	100000	0.90
1789584676	2420	counted	train	100000	0.89
1789584677	2420	counted	train	100000	0.93
1789584678	2420	counted	train	100000	0.94
1789584679	2420	counted	train	100000	0.93
1789584680	2420	counted	train	100000	0.85
1789584681	2420	counted	train	100000	0.91
1789584682	2420	counted	train	100000	0.93
1789584683	2420	counted	train	100000	0.89
1789584684	2420	counted	train	100000	0.95
1789584685	2420	counted	train	100000	0.87
1789584686	2420	counted	train	100000	0.93
1789584687	2420	counted	train	100000	0.88
1789584688	2420	counted	train	100000	0.90
1789584689	2420	counted	train	100000	0.90
1789584690	2420	counted	train	100000	0.95
1789584691	2420	counted	train	100000	0.91
1789584692	2420	counted	train	100000	0.90
1789584693	2420	counted	train	100000	0.94
1789584694	2420	counted	train	100000	0.91
1789584695	2420	counted	train	100000	0.90
1789584696	2420	counted	train	100000	0.89
1789584734	2521	counted	train	100000	0.73
1789584734	2521	counted	train	100000	0.73
1789584735	2521	counted	train	100000	0.68
1789584736	2521	counted	train	100000	0.68
1789584737	2521	counted	train	100000	0.68
1789584737	2521	counted	train	100000	0.68
1789584738	2521	counted	train	100000	0.72
1789584739	2521	counted	train	100000	0.69
1789584740	2521	counted	train	100000	0.69
1789584741	2521	counted	train	100000	0.68
1789584741	2521	counted	train	100000	0.70
1789584742	2521	counted	train	100000	0.69
1789584743	2521	counted	train	100000	0.70
1789584744	2521	counted	train	100000	0.70
1789584744	2521	counted	train	100000	0.69
1789584745	2521	counted	train	100000	0.70
1789584746	2521	counted	train	100000	0.70
1789584747	2521	counted	train	100000	0.71
1789584747	2521	counted	train	100000	0.70
1789584748	2521	counted	train	100000	0.67
1789584749	2521	counted	train	100000	0.67
1789584750	2521	counted	train	100000	0.58
1789584750	2521	counted	train	100000	0.59
1789584751	2521	counted	train	100000	0.60
1789584752	2521	counted	train	100000	0.62
1789584752	2521	counted	train	100000	0.61
1789584753	2521	counted	train	100000	0.64
1789584754	2521	counted	train	100000	0.59
1789584754	2521	counted	train	100000	0.62
1789584755	2521	counted	train	100000	0.61
1789584756	2521	counted	train	100000	0.61
1789584756	2521	counted	train	100000	0.62
1789584757	2521	counted	train	100000	0.61
1789584758	2521	counted	train	100000	0.61
1789584758	2521	counted	train	100000	0.59
1789584759	2521	counted	train	100000	0.60
1789584760	2521	counted	train	100000	0.60
1789584760	2521	counted	train	100000	0.58
1789584761	2521	counted	train	100000	0.61
1789584762	2521	counted	train	100000	0.62
1789584762	2521	counted	train	100000	0.61
1789584763	2521	counted	train	100000	0.64
1789584764	2521	counted	train	100000	0.48
1789584764	2521	counted	train	100000	0.47
1789584765	2521	counted	train	100000	0.46
1789584765	2521	counted	train	100000	0.46
1789584766	2521	counted	train	100000	0.43
1789584766	2521	counted	train	100000	0.48
1789584767	2521	counted	train	100000	0.46
1789584767	2521	counted	train	100000	0.48
1789584768	2521	counted	train	100000	0.46
1789584769	2521	counted	train	100000	0.46
1789584769	2521	counted	train	100000	0.49
1789584770	2521	counted	train	100000	0.47
1789584770	2521	counted	train	100000	0.49
1789584771	2521	counted	train	100000	0.48
1789584771	2521	counted	train	100000	0.45
1789584772	2521	counted	train	100000	0.47
1789584772	2521	counted	train	100000	0.46
1789584773	2521	counted	train	100000	0.48
1789584773	2521	counted	train	100000	0.48
1789584774	2521	counted	train	100000	0.49
1789584775	2521	counted	train	100000	0.47
1789584775	2521	counted	train	100000	0.31
1789584775	2521	counted	train	100000	0.32
1789584776	2521	counted	train	100000	0.31
1789584776	2521	counted	train	100000	0.30
1789584776	2521	counted	train	100000	0.30
1789584777	2521	counted	train	100000	0.31
1789584777	2521	counted	train	100000	0.32
1789584778	2521	counted	train	100000	0.32
1789584778	2521	counted	train	100000	0.31
1789584778	2521	counted	train	100000	0.32
1789584779	2521	counted	train	100000	0.31
1789584779	2521	counted	train	100000	0.32
1789584780	2521	counted	train	100000	0.32
1789584780	2521	counted	train	100000	0.34
1789584780	2521	counted	train	100000	0.31
1789584781	2521	counted	train	100000	0.33
1789584781	2521	counted	train	100000	0.34
1789584782	2521	counted	train	100000	0.33
1789584782	2521	counted	train	100000	0.32
1789584782	2521	counted	train	100000	0.31
1789584783	2521	counted	train	100000	0.32
1789584784	2521	counted	train	100000	1.02
1789584785	2521	counted	train	100000	1.11
1789584786	2521	counted	train	100000	1.09
1789584787	2521	counted	train	100000	1.05
1789584788	2521	counted	train	100000	1.13
1789584790	2521	counted	train	100000	1.01
1789584791	2521	counted	train	100000	1.02
1789584792	2521	counted	train	100000	0.97
1789584793	2521	counted	train	100000	1.04
1789584794	2521	counted	train	100000	1.03
1789584795	2521	counted	train	100000	1.02
1789584796	2521	counted	train	100000	1.06
1789584797	2521	counted	train	100000	1.07
1789584798	2521	counted	train	100000	1.06
1789584799	2521	counted	train	100000	1.07
1789584801	2521	counted	train	100000	0.98
1789584802	2521	counted	train	100000	1.04
1789584803	2521	counted	train	100000	1.01
1789584804	2521	counted	train	100000	1.11
1789584805	2521	counted	train	100000	1.03
1789584806	2521	counted	train	100000	1.02
1789584818	2573	counted	train	100000	0.84
1789584819	2573	counted	train	100000	0.81
1789584820	2573	counted	train	100000	0.84
1789584821	2573	counted	train	100000	0.83
1789584822	2573	counted	train	100000	0.82
1789584822	2573	counted	train	100000	0.79
1789584823	2573	counted	train	100000	0.85
1789584824	2573	counted	train	100000	0.79
1789584825	2573	counted	train	100000	0.80
1789584826	2573	counted	train	100000	0.80
1789584827	2573	counted	train	100000	0.81
1789584828	2573	counted	train	100000	0.81
1789584829	2573	counted	train	100000	0.83
1789584830	2573	counted	train	100000	0.82
1789584830	2573	counted	train	100000	0.83
1789584831	2573	counted	train	100000	0.87
1789584832	2573	counted	train	100000	0.80
1789584833	2573	counted	train	100000	0.80
1789584834	2573	counted	train	100000	0.81
1789584835	2573	counted	train	100000	0.79
1789584836	2573	counted	train	100000	0.80
1789584837	2573	counted	train	100000	1.06
1789584838	2573	counted	train	100000	0.73
1789584839	2573	counted	train	100000	0.72
1789584839	2573	counted	train	100000	0.75
1789584840	2573	counted	train	100000	0.73
1789584841	2573	counted	train	100000	0.75
1789584842	2573	counted	train	100000	0.71
1789584843	2573	counted	train	100000	0.78
1789584843	2573	counted	train	100000	0.74
1789584844	2573	counted	train	100000	0.73
1789584845	2573	counted	train	100000	0.71
1789584846	2573	counted	train	100000	0.76
1789584847	2573	counted	train	100000	0.74
1789584848	2573	counted	train	100000	0.78
1789584848	2573	counted	train	100000	0.74
1789584849	2573	counted	train	100000	0.72
1789584850	2573	counted	train	100000	0.69
1789584851	2573	counted	train	100000	0.72
1789584851	2573	counted	train	100000	0.72
1789584852	2573	counted	train	100000	0.73
1789584853	2573	counted	train	100000	0.73
1789584854	2573	counted	train	100000	0.57
1789584854	2573	counted	train	100000	0.55
1789584855	2573	counted	train	100000	0.55
1789584856	2573	counted	train	100000	0.57
1789584856	2573	counted	train	100000	0.53
1789584857	2573	counted	train	100000	0.59
1789584857	2573	counted	train	100000	0.56
1789584858	2573	counted	train	100000	0.57
1789584859	2573	counted	train	100000	0.59
1789584859	2573	counted	train	100000	0.57
1789584860	2573	counted	train	100000	0.57
1789584861	2573	counted	train	100000	0.55
1789584861	2573	counted	train	100000	0.59
1789584862	2573	counted	train	100000	0.55
1789584863	2573	counted	train	100000	0.56
1789584863	2573	counted	train	100000	0.55
1789584864	2573	counted	train	100000	0.57
1789584864	2573	counted	train	100000	0.56
1789584865	2573	counted	train	100000	0.58
1789584866	2573	counted	train	100000	0.60
1789584866	2573	counted	train	100000	0.58
1789584867	2573	counted	train	100000	0.39
1789584867	2573	counted	train	100000	0.39
1789584868	2573	counted	train	100000	0.40
1789584868	2573	counted	train	100000	0.40
1789584869	2573	counted	train	100000	0.36
1789584869	2573	counted	train	100000	0.38
1789584870	2573	counted	train	100000	0.39
1789584870	2573	counted	train	100000	0.38
1789584870	2573	counted	train	100000	0.37
1789584871	2573	counted	train	100000	0.40
1789584871	2573	counted	train	100000	0.40
1789584872	2573	counted	train	100000	0.37
1789584872	2573	counted	train	100000	0.38
1789584873	2573	counted	train	100000	0.41
1789584873	2573	counted	train	100000	0.39
1789584874	2573	counted	train	100000	0.39
1789584874	2573	counted	train	100000	0.40
1789584875	2573	counted	train	100000	0.38
1789584875	2573	counted	train	100000	0.40
1789584876	2573	counted	train	100000	0.37
1789584876	2573	counted	train	100000	0.40
1789584877	2573	counted	train	100000	1.18
1789584879	2573	counted	train	100000	1.26
1789584880	2573	counted	train	100000	1.20
1789584881	2573	counted	train	100000	1.20
1789584882	2573	counted	train	100000	1.21
1789584884	2573	counted	train	100000	1.18
1789584885	2573	counted	train	100000	1.18
1789584886	2573	counted	train	100000	1.11
1789584887	2573	counted	train	100000	1.22
1789584889	2573	counted	train	100000	1.16
1789584890	2573	counted	train	100000	1.17
1789584891	2573	counted	train	100000	1.24
1789584893	2573	counted	train	100000	1.23
1789584894	2573	counted	train	100000	1.28
1789584895	2573	counted	train	100000	1.19
1789584896	2573	counted	train	100000	1.19
1789584898	2573	counted	train	100000	1.20
1789584899	2573	counted	train	100000	1.18
1789584900	2573	counted	train	100000	1.27
1789584902	2573	counted	train	100000	1.15
1789584903	2573	counted	train	100000	1.19
1789584920	2661	counted	train	100000	0.98
1789584921	2661	counted	train	100000	0.95
1789584922	2661	counted	train	100000	0.95
1789584923	2661	counted	train	100000	0.95
1789584924	2661	counted	train	100000	0.93
1789584925	2661	counted	train	100000	0.93
1789584926	2661	counted	train	100000	0.94
1789584927	2661	counted	train	100000	0.93
1789584928	2661	counted	train	100000	0.93
1789584929	2661	counted	train	100000	0.92
1789584930	2661	counted	train	100000	0.93
1789584931	2661	counted	train	100000	0.92
1789584932	2661	counted	train	100000	0.94
1789584933	2661	counted	train	100000	0.95
1789584934	2661	counted	train	100000	0.93
1789584935	2661	counted	train	100000	0.91
1789584936	2661	counted	train	100000	0.92
1789584937	2661	counted	train	100000	0.93
1789584938	2661	counted	train	100000	0.86
1789584939	2661	counted	train	100000	0.88
1789584940	2661	counted	train	100000	0.83
1789584941	2661	counted	train	100000	0.82
1789584942	2661	counted	train	100000	0.84
1789584943	2661	counted	train	100000	0.89
1789584943	2661	counted	train	100000	0.88
1789584944	2661	counted	train	100000	0.85
1789584945	2661	counted	train	100000	0.84
1789584946	2661	counted	train	100000	0.82
1789584947	2661	counted	train	100000	0.87
1789584948	2661	counted	train	100000	0.84
1789584949	2661	counted	train	100000	0.85
1789584950	2661	counted	train	100000	0.84
1789584951	2661	counted	train	100000	0.86
1789584952	2661	counted	train	100000	0.84
1789584953	2661	counted	train	100000	0.86
1789584954	2661	counted	train	100000	0.86
1789584954	2661	counted	train	100000	0.68
1789584955	2661	counted	train	100000	0.64
1789584956	2661	counted	train	100000	0.70
1789584957	2661	counted	train	100000	0.70
1789584957	2661	counted	train	100000	0.70
1789584958	2661	counted	train	100000	0.67
1789584959	2661	counted	train	100000	0.66
1789584960	2661	counted	train	100000	0.65
1789584960	2661	counted	train	100000	0.66
1789584961	2661	counted	train	100000	0.69
1789584962	2661	counted	train	100000	0.63
1789584962	2661	counted	train	100000	0.66
1789584963	2661	counted	train	100000	0.65
1789584964	2661	counted	train	100000	0.68
1789584965	2661	counted	train	100000	0.65
1789584965	2661	counted	train	100000	0.67
1789584966	2661	counted	train	100000	0.68
1789584967	2661	counted	train	100000	0.67
1789584967	2661	counted	train	100000	0.48
1789584968	2661	counted	train	100000	0.45
1789584969	2661	counted	train	100000	0.44
1789584969	2661	counted	train	100000	0.44
1789584970	2661	counted	train	100000	0.43
1789584970	2661	counted	train	100000	0.45
1789584971	2661	counted	train	100000	0.47
1789584971	2661	counted	train	100000	0.44
1789584972	2661	counted	train	100000	0.44
1789584972	2661	counted	train	100000	0.46
1789584973	2661	counted	train	100000	0.45
1789584973	2661	counted	train	100000	0.47
1789584974	2661	counted	train	100000	0.45
1789584974	2661	counted	train	100000	0.45
1789584975	2661	counted	train	100000	0.45
1789584975	2661	counted	train	100000	0.46
1789584976	2661	counted	train	100000	0.43
1789584976	2661	counted	train	100000	0.43
1789584978	2661	counted	train	100000	1.39
1789584979	2661	counted	train	100000	1.42
1789584981	2661	counted	train	100000	1.34
1789584982	2661	counted	train	100000	1.40
1789584984	2661	counted	train	100000	1.43
1789584985	2661	counted	train	100000	1.34
1789584986	2661	counted	train	100000	1.42
1789584988	2661	counted	train	100000	1.45
1789584989	2661	counted	train	100000	1.40
1789584991	2661	counted	train	100000	1.35
1789584992	2661	counted	train	100000	1.36
1789584994	2661	counted	train	100000	1.38
1789584995	2661	counted	train	100000	1.34
1789584997	2661	counted	train	100000	1.40
1789584998	2661	counted	train	100000	1.38
1789585000	2661	counted	train	100000	1.36
1789585001	2661	counted	train	100000	1.38
1789585002	2661	counted	train	100000	1.34
1789585016	2713	counted	train	100000	1.21
1789585017	2713	counted	train	100000	1.19
1789585018	2713	counted	train	100000	1.24
1789585019	2713	counted	train	100000	1.17
1789585021	2713	counted	train	100000	1.23
1789585022	2713	counted	train	100000	1.19
1789585023	2713	counted	train	100000	1.20
1789585024	2713	counted	train	100000	1.18
1789585026	2713	counted	train	100000	1.21
1789585027	2713	counted	train	100000	1.14
1789585028	2713	counted	train	100000	1.14
1789585029	2713	counted	train	100000	1.15
1789585031	2713	counted	train	100000	1.16
1789585032	2713	counted	train	100000	1.18
1789585033	2713	counted	train	100000	1.17
1789585034	2713	counted	train	100000	1.16
1789585036	2713	counted	train	100000	1.16
1789585037	2713	counted	train	100000	1.18
1789585038	2713	counted	train	100000	1.10
1789585039	2713	counted	train	100000	1.09
1789585040	2713	counted	train	100000	1.05
1789585041	2713	counted	train	100000	1.08
1789585043	2713	counted	train	100000	1.09
1789585044	2713	counted	train	100000	1.12
1789585045	2713	counted	train	100000	1.08
1789585046	2713	counted	train	100000	1.12
1789585047	2713	counted	train	100000	1.12
1789585048	2713	counted	train	100000	1.11
1789585050	2713	counted	train	100000	1.12
1789585051	2713	counted	train	100000	1.08
1789585052	2713	counted	train	100000	1.04
1789585053	2713	counted	train	100000	1.04
1789585054	2713	counted	train	100000	1.06
1789585055	2713	counted	train	100000	1.08
1789585056	2713	counted	train	100000	1.08
1789585058	2713	counted	train	100000	1.15
1789585059	2713	counted	train	100000	0.82
1789585059	2713	counted	train	100000	0.82
1789585060	2713	counted	train	100000	0.83
1789585061	2713	counted	train	100000	0.87
1789585062	2713	counted	train	100000	0.86
1789585063	2713	counted	train	100000	0.87
1789585064	2713	counted	train	100000	0.87
1789585065	2713	counted	train	100000	0.84
1789585066	2713	counted	train	100000	0.85
1789585067	2713	counted	train	100000	0.89
1789585068	2713	counted	train	100000	0.81
1789585069	2713	counted	train	100000	0.85
1789585070	2713	counted	train	100000	0.87
1789585071	2713	counted	train	100000	0.86
1789585072	2713	counted	train	100000	0.86
1789585072	2713	counted	train	100000	0.86
1789585073	2713	counted	train	100000	0.90
1789585074	2713	counted	train	100000	0.87
1789585075	2713	counted	train	100000	0.59
1789585076	2713	counted	train	100000	0.56
1789585076	2713	counted	train	100000	0.58
1789585077	2713	counted	train	100000	0.56
1789585078	2713	counted	train	100000	0.56
1789585078	2713	counted	train	100000	0.57
1789585079	2713	counted	train	100000	0.57
1789585080	2713	counted	train	100000	0.58
1789585080	2713	counted	train	100000	0.58
1789585081	2713	counted	train	100000	0.57
1789585081	2713	counted	train	100000	0.59
1789585082	2713	counted	train	100000	0.56
1789585083	2713	counted	train	100000	0.59
1789585083	2713	counted	train	100000	0.55
1789585084	2713	counted	train	100000	0.56
1789585085	2713	counted	train	100000	0.58
1789585085	2713	counted	train	100000	0.57
1789585086	2713	counted	train	100000	0.58
1789585088	2713	counted	train	100000	1.71
1789585090	2713	counted	train	100000	1.74
1789585091	2713	counted	train	100000	1.65
1789585093	2713	counted	train	100000	1.71
1789585095	2713	counted	train	100000	1.71
1789585097	2713	counted	train	100000	1.64
1789585098	2713	counted	train	100000	1.73
1789585100	2713	counted	train	100000	1.74
1789585102	2713	counted	train	100000	1.75
1789585104	2713	counted	train	100000	1.70
1789585106	2713	counted	train	100000	1.71
1789585107	2713	counted	train	100000	1.70
1789585109	2713	counted	train	100000	1.62
1789585111	2713	counted	train	100000	1.74
1789585113	2713	counted	train	100000	1.70
1789585114	2713	counted	train	100000	1.70
1789585116	2713	counted	train	100000	1.73
1789585118	2713	counted	train	100000	1.69
1789585139	2801	counted	train	100000	1.28
1789585141	2801	counted	train	100000	1.24
1789585142	2801	counted	train	100000	1.22
1789585143	2801	counted	train	100000	1.23
1789585145	2801	counted	train	100000	1.19
1789585146	2801	counted	train	100000	1.18
1789585147	2801	counted	train	100000	1.16
1789585148	2801	counted	train	100000	1.17
1789585150	2801	counted	train	100000	1.18
1789585151	2801	counted	train	100000	1.17
1789585152	2801	counted	train	100000	1.18
1789585153	2801	counted	train	100000	1.20
1789585155	2801	counted	train	100000	1.19
1789585156	2801	counted	train	100000	1.20
1789585157	2801	counted	train	100000	1.18
1789585158	2801	counted	train	100000	1.19
1789585160	2801	counted	train	100000	1.19
1789585161	2801	counted	train	100000	1.19
1789585162	2801	counted	train	100000	1.04
1789585163	2801	counted	train	100000	1.03
1789585164	2801	counted	train	100000	1.07
1789585165	2801	counted	train	100000	1.02
1789585166	2801	counted	train	100000	1.07
1789585168	2801	counted	train	100000	1.08
1789585169	2801	counted	train	100000	1.04
1789585170	2801	counted	train	100000	1.07
1789585171	2801	counted	train	100000	1.12
1789585172	2801	counted	train	100000	1.06
1789585173	2801	counted	train	100000	1.08
1789585175	2801	counted	train	100000	1.10
1789585176	2801	counted	train	100000	1.11
1789585177	2801	counted	train	100000	1.09
1789585178	2801	counted	train	100000	1.05
1789585179	2801	counted	train	100000	1.06
1789585180	2801	counted	train	100000	1.14
1789585182	2801	counted	train	100000	1.09
1789585182	2801	counted	train	100000	0.85
1789585183	2801	counted	train	100000	0.84
1789585184	2801	counted	train	100000	0.80
1789585185	2801	counted	train	100000	0.83
1789585186	2801	counted	train	100000	0.86
1789585187	2801	counted	train	100000	0.79
1789585188	2801	counted	train	100000	0.84
1789585189	2801	counted	train	100000	0.85
1789585190	2801	counted	train	100000	0.86
1789585191	2801	counted	train	100000	0.87
1789585192	2801	counted	train	100000	0.85
1789585193	2801	counted	train	100000	0.85
1789585193	2801	counted	train	100000	0.85
1789585194	2801	counted	train	100000	0.87
1789585195	2801	counted	train	100000	0.86
1789585196	2801	counted	train	100000	0.83
1789585197	2801	counted	train	100000	0.85
1789585198	2801	counted	train	100000	0.85
1789585199	2801	counted	train	100000	0.58
1789585199	2801	counted	train	100000	0.55
1789585200	2801	counted	train	100000	0.57
1789585201	2801	counted	train	100000	0.59
1789585201	2801	counted	train	100000	0.59
1789585202	2801	counted	train	100000	0.63
1789585203	2801	counted	train	100000	0.63
1789585203	2801	counted	train	100000	0.59
1789585204	2801	counted	train	100000	0.57
1789585205	2801	counted	train	100000	0.58
1789585205	2801	counted	train	100000	0.58
1789585206	2801	counted	train	100000	0.61
1789585207	2801	counted	train	100000	0.61
1789585207	2801	counted	train	100000	0.57
1789585208	2801	counted	train	100000	0.59
1789585209	2801	counted	train	100000	0.57
1789585209	2801	counted	train	100000	0.59
1789585210	2801	counted	train	100000	0.59
1789585212	2801	counted	train	100000	1.84
1789585214	2801	counted	train	100000	1.75
1789585216	2801	counted	train	100000	1.84
1789585218	2801	counted	train	100000	1.82
1789585220	2801	counted	train	100000	1.86
1789585221	2801	counted	train	100000	1.80
1789585223	2801	counted	train	100000	1.83
1789585225	2801	counted	train	100000	1.83
1789585227	2801	counted	train	100000	1.74
1789585229	2801	counted	train	100000	1.71
1789585231	2801	counted	train	100000	1.76
1789585232	2801	counted	train	100000	1.72
1789585234	2801	counted	train	100000	1.66
1789585236	2801	counted	train	100000	1.77
1789585238	2801	counted	train	100000	1.76
1789585240	2801	counted	train	100000	1.78
1789585242	2801	counted	train	100000	1.85
1789585244	2801	counted	train	100000	1.81
1789585300	2903	counted	train	100000	1.27
1789585301	2903	counted	train	100000	1.24
1789585303	2903	counted	train	100000	1.22
1789585304	2903	counted	train	100000	1.21
1789585305	2903	counted	train	100000	1.20
1789585307	2903	counted	train	100000	1.18
1789585308	2903	counted	train	100000	1.16
1789585309	2903	counted	train	100000	1.20
1789585310	2903	counted	train	100000	1.18
1789585312	2903	counted	train	100000	1.22
1789585313	2903	counted	train	100000	1.25
1789585314	2903	counted	train	100000	1.24
1789585316	2903	counted	train	100000	1.23
1789585317	2903	counted	train	100000	1.23
1789585318	2903	counted	train	100000	1.21
1789585320	2903	counted	train	100000	1.25
1789585321	2903	counted	train	100000	1.24
1789585322	2903	counted	train	100000	1.26
1789585323	2903	counted	train	100000	1.11
1789585325	2903	counted	train	100000	1.07
1789585326	2903	counted	train	100000	1.04
1789585327	2903	counted	train	100000	1.08
1789585328	2903	counted	train	100000	1.07
1789585329	2903	counted	train	100000	1.08
1789585330	2903	counted	train	100000	1.08
1789585332	2903	counted	train	100000	1.08
1789585333	2903	counted	train	100000	1.07
1789585334	2903	counted	train	100000	1.08
1789585335	2903	counted	train	100000	1.03
1789585336	2903	counted	train	100000	1.04
1789585337	2903	counted	train	100000	1.05
1789585338	2903	counted	train	100000	1.01
1789585340	2903	counted	train	100000	1.03
1789585341	2903	counted	train	100000	1.05
1789585342	2903	counted	train	100000	1.06
1789585343	2903	counted	train	100000	1.07
1789585344	2903	counted	train	100000	0.80
1789585345	2903	counted	train	100000	0.78
1789585346	2903	counted	train	100000	0.84
1789585347	2903	counted	train	100000	0.83
1789585348	2903	counted	train	100000	0.84
1789585348	2903	counted	train	100000	0.85
1789585349	2903	counted	train	100000	0.79
1789585350	2903	counted	train	100000	0.81
1789585351	2903	counted	train	100000	0.83
1789585352	2903	counted	train	100000	0.85
1789585353	2903	counted	train	100000	0.83
1789585354	2903	counted	train	100000	0.83
1789585355	2903	counted	train	100000	0.82
1789585356	2903	counted	train	100000	0.86
1789585357	2903	counted	train	100000	0.81
1789585358	2903	counted	train	100000	0.82
1789585359	2903	counted	train	100000	0.85
1789585359	2903	counted	train	100000	0.81
1789585360	2903	counted	train	100000	0.63
1789585361	2903	counted	train	100000	0.60
1789585362	2903	counted	train	100000	0.57
1789585362	2903	counted	train	100000	0.60
1789585363	2903	counted	train	100000	0.58
1789585364	2903	counted	train	100000	0.60
1789585364	2903	counted	train	100000	0.59
1789585365	2903	counted	train	100000	0.60
1789585366	2903	counted	train	100000	0.60
1789585366	2903	counted	train	100000	0.61
1789585367	2903	counted	train	100000	0.60
1789585368	2903	counted	train	100000	0.60
1789585368	2903	counted	train	100000	0.62
1789585369	2903	counted	train	100000	0.61
1789585370	2903	counted	train	100000	0.62
1789585370	2903	counted	train	100000	0.60
1789585371	2903	counted	train	100000	0.60
1789585372	2903	counted	train	100000	0.61
1789585374	2903	counted	train	100000	1.70
1789585375	2903	counted	train	100000	1.74
1789585377	2903	counted	train	100000	1.65
1789585379	2903	counted	train	100000	1.76
1789585381	2903	counted	train	100000	1.72
1789585383	2903	counted	train	100000	1.64
1789585384	2903	counted	train	100000	1.69
1789585386	2903	counted	train	100000	1.69
1789585388	2903	counted	train	100000	1.75
1789585390	2903	counted	train	100000	1.73
1789585392	2903	counted	train	100000	1.64
1789585393	2903	counted	train	100000	1.68
1789585395	2903	counted	train	100000	1.66
1789585397	2903	counted	train	100000	1.66
1789585399	2903	counted	train	100000	1.64
1789585400	2903	counted	train	100000	1.65
1789585402	2903	counted	train	100000	1.60
1789585404	2903	counted	train	100000	1.60
1789585419	2956	counted	train	100000	1.14
1789585420	2956	counted	train	100000	1.10
1789585421	2956	counted	train	100000	1.12
1789585422	2956	counted	train	100000	1.10
1789585424	2956	counted	train	100000	1.10
1789585425	2956	counted	train	100000	1.11
1789585426	2956	counted	train	100000	1.14
1789585427	2956	counted	train	100000	1.11
1789585428	2956	counted	train	100000	1.08
1789585429	2956	counted	train	100000	1.08
1789585431	2956	counted	train	100000	1.10
1789585432	2956	counted	train	100000	1.13
1789585433	2956	counted	train	100000	1.09
1789585434	2956	counted	train	100000	1.10
1789585435	2956	counted	train	100000	1.08
1789585436	2956	counted	train	100000	1.06
1789585438	2956	counted	train	100000	1.08
1789585439	2956	counted	train	100000	1.10
1789585440	2956	counted	train	100000	1.01
1789585441	2956	counted	train	100000	1.03
1789585442	2956	counted	train	100000	1.00
1789585443	2956	counted	train	100000	1.03
1789585444	2956	counted	train	100000	1.03
1789585445	2956	counted	train	100000	1.04
1789585446	2956	counted	train	100000	1.02
1789585447	2956	counted	train	100000	1.02
1789585449	2956	counted	train	100000	1.03
1789585450	2956	counted	train	100000	1.05
1789585451	2956	counted	train	100000	1.06
1789585452	2956	counted	train	100000	1.00
1789585453	2956	counted	train	100000	0.98
1789585454	2956	counted	train	100000	1.02
1789585455	2956	counted	train	100000	1.03
1789585456	2956	counted	train	100000	1.04
1789585457	2956	counted	train	100000	1.08
1789585458	2956	counted	train	100000	1.07
1789585459	2956	counted	train	100000	0.82
1789585460	2956	counted	train	100000	0.78
1789585461	2956	counted	train	100000	0.84
1789585462	2956	counted	train	100000	0.86
1789585463	2956	counted	train	100000	0.87
1789585464	2956	counted	train	100000	0.86
1789585465	2956	counted	train	100000	0.85
1789585466	2956	counted	train	100000	0.81
1789585467	2956	counted	train	100000	0.82
1789585468	2956	counted	train	100000	0.82
1789585468	2956	counted	train	100000	0.78
1789585469	2956	counted	train	100000	0.80
1789585470	2956	counted	train	100000	0.78
1789585471	2956	counted	train	100000	0.81
1789585472	2956	counted	train	100000	0.80
1789585473	2956	counted	train	100000	0.79
1789585474	2956	counted	train	100000	0.82
1789585474	2956	counted	train	100000	0.78
1789585475	2956	counted	train	100000	0.58
1789585476	2956	counted	train	100000	0.54
1789585476	2956	counted	train	100000	0.55
1789585477	2956	counted	train	100000	0.55
1789585478	2956	counted	train	100000	0.55
1789585478	2956	counted	train	100000	0.55
1789585479	2956	counted	train	100000	0.55
1789585479	2956	counted	train	100000	0.56
1789585480	2956	counted	train	100000	0.55
1789585481	2956	counted	train	100000	0.54
1789585481	2956	counted	train	100000	0.56
1789585482	2956	counted	train	100000	0.54
1789585483	2956	counted	train	100000	0.55
1789585483	2956	counted	train	100000	0.54
1789585484	2956	counted	train	100000	0.54
1789585484	2956	counted	train	100000	0.54
1789585485	2956	counted	train	100000	0.53
1789585486	2956	counted	train	100000	0.54
1789585487	2956	counted	train	100000	1.54
1789585489	2956	counted	train	100000	1.53
1789585490	2956	counted	train	100000	1.42
1789585492	2956	counted	train	100000	1.50
1789585494	2956	counted	train	100000	1.62
1789585495	2956	counted	train	100000	1.54
1789585497	2956	counted	train	100000	1.52
1789585498	2956	counted	train	100000	1.61
1789585500	2956	counted	train	100000	1.50
1789585502	2956	counted	train	100000	1.53
1789585503	2956	counted	train	100000	1.50
1789585505	2956	counted	train	100000	1.54
1789585506	2956	counted	train	100000	1.49
1789585508	2956	counted	train	100000	1.53
1789585509	2956	counted	train	100000	1.47
1789585511	2956	counted	train	100000	1.50
1789585513	2956	counted	train	100000	1.49
1789585514	2956	counted	train	100000	1.46
1789585589	3021	counted	train	100000	1.24
1789585590	3021	counted	train	100000	1.22
1789585591	3021	counted	train	100000	1.25
1789585593	3021	counted	train	100000	1.25
1789585594	3021	counted	train	100000	1.24
1789585595	3021	counted	train	100000	1.22
1789585597	3021	counted	train	100000	1.23
1789585598	3021	counted	train	100000	1.25
1789585599	3021	counted	train	100000	1.23
1789585600	3021	counted	train	100000	1.23
1789585602	3021	counted	train	100000	1.22
1789585603	3021	counted	train	100000	1.20
1789585604	3021	counted	train	100000	1.26
1789585606	3021	counted	train	100000	1.21
1789585607	3021	counted	train	100000	1.22
1789585608	3021	counted	train	100000	1.23
1789585610	3021	counted	train	100000	1.25
1789585611	3021	counted	train	100000	1.21
1789585612	3021	counted	train	100000	1.17
1789585613	3021	counted	train	100000	1.15
1789585614	3021	counted	train	100000	1.11
1789585616	3021	counted	train	100000	1.10
1789585617	3021	counted	train	100000	1.10
1789585618	3021	counted	train	100000	1.13
1789585619	3021	counted	train	100000	1.12
1789585620	3021	counted	train	100000	1.15
1789585622	3021	counted	train	100000	1.13
1789585623	3021	counted	train	100000	1.14
1789585624	3021	counted	train	100000	1.14
1789585625	3021	counted	train	100000	1.12
1789585626	3021	counted	train	100000	1.10
1789585628	3021	counted	train	100000	1.11
1789585629	3021	counted	train	100000	1.11
1789585630	3021	counted	train	100000	1.09
1789585631	3021	counted	train	100000	1.15
1789585632	3021	counted	train	100000	1.17
1789585633	3021	counted	train	100000	0.83
1789585634	3021	counted	train	100000	0.83
1789585635	3021	counted	train	100000	0.85
1789585636	3021	counted	train	100000	0.87
1789585637	3021	counted	train	100000	0.88
1789585638	3021	counted	train	100000	0.87
1789585639	3021	counted	train	100000	0.87
1789585640	3021	counted	train	100000	0.84
1789585641	3021	counted	train	100000	0.87
1789585642	3021	counted	train	100000	0.87
1789585643	3021	counted	train	100000	0.83
1789585644	3021	counted	train	100000	0.88
1789585644	3021	counted	train	100000	0.86
1789585645	3021	counted	train	100000	0.89
1789585646	3021	counted	train	100000	0.86
1789585647	3021	counted	train	100000	0.84
1789585648	3021	counted	train	100000	0.89
1789585649	3021	counted	train	100000	0.88
1789585650	3021	counted	train	100000	0.61
1789585650	3021	counted	train	100000	0.57
1789585651	3021	counted	train	100000	0.58
1789585652	3021	counted	train	100000	0.56
1789585652	3021	counted	train	100000	0.56
1789585653	3021	counted	train	100000	0.57
1789585654	3021	counted	train	100000	0.57
1789585654	3021	counted	train	100000	0.58
1789585655	3021	counted	train	100000	0.56
1789585656	3021	counted	train	100000	0.58
1789585656	3021	counted	train	100000	0.60
1789585657	3021	counted	train	100000	0.58
1789585658	3021	counted	train	100000	0.59
1789585658	3021	counted	train	100000	0.56
1789585659	3021	counted	train	100000	0.56
1789585660	3021	counted	train	100000	0.57
1789585660	3021	counted	train	100000	0.58
1789585661	3021	counted	train	100000	0.59
1789585663	3021	counted	train	100000	1.81
1789585665	3021	counted	train	100000	1.81
1789585666	3021	counted	train	100000	1.77
1789585668	3021	counted	train	100000	1.83
1789585670	3021	counted	train	100000	1.91
1789585672	3021	counted	train	100000	1.85
1789585674	3021	counted	train	100000	1.87
1789585676	3021	counted	train	100000	1.89
1789585678	3021	counted	train	100000	1.83
1789585680	3021	counted	train	100000	1.76
1789585682	3021	counted	train	100000	1.81
1789585684	3021	counted	train	100000	1.78
1789585685	3021	counted	train	100000	1.73
1789585687	3021	counted	train	100000	1.79
1789585689	3021	counted	train	100000	1.75
1789585691	3021	counted	train	100000	1.75
1789585693	3021	counted	train	100000	1.77
1789585695	3021	counted	train	100000	1.81
1789585709	3073	counted	train	100000	1.53
1789585711	3073	counted	train	100000	1.50
1789585713	3073	counted	train	100000	1.53
1789585714	3073	counted	train	100000	1.51
1789585716	3073	counted	train	100000	1.48
1789585717	3073	counted	train	100000	1.44
1789585719	3073	counted	train	100000	1.45
1789585720	3073	counted	train	100000	1.46
1789585722	3073	counted	train	100000	1.45
1789585723	3073	counted	train	100000	1.44
1789585725	3073	counted	train	100000	1.45
1789585726	3073	counted	train	100000	1.44
1789585728	3073	counted	train	100000	1.43
1789585729	3073	counted	train	100000	1.52
1789585731	3073	counted	train	100000	1.45
1789585732	3073	counted	train	100000	1.36
1789585734	3073	counted	train	100000	1.34
1789585735	3073	counted	train	100000	1.35
1789585737	3073	counted	train	100000	1.36
1789585738	3073	counted	train	100000	1.32
1789585739	3073	counted	train	100000	1.24
1789585741	3073	counted	train	100000	1.26
1789585742	3073	counted	train	100000	1.68
1789585744	3073	counted	train	100000	1.37
1789585745	3073	counted	train	100000	1.31
1789585747	3073	counted	train	100000	1.32
1789585748	3073	counted	train	100000	1.30
1789585749	3073	counted	train	100000	1.30
1789585751	3073	counted	train	100000	1.33
1789585752	3073	counted	train	100000	1.28
1789585753	3073	counted	train	100000	1.02
1789585754	3073	counted	train	100000	1.03
1789585756	3073	counted	train	100000	1.03
1789585757	3073	counted	train	100000	1.01
1789585758	3073	counted	train	100000	1.02
1789585759	3073	counted	train	100000	1.00
1789585760	3073	counted	train	100000	1.01
1789585761	3073	counted	train	100000	0.99
1789585762	3073	counted	train	100000	1.01
1789585763	3073	counted	train	100000	1.06
1789585764	3073	counted	train	100000	1.01
1789585765	3073	counted	train	100000	1.04
1789585766	3073	counted	train	100000	1.04
1789585768	3073	counted	train	100000	1.04
1789585769	3073	counted	train	100000	1.03
1789585769	3073	counted	train	100000	0.69
1789585770	3073	counted	train	100000	0.70
1789585771	3073	counted	train	100000	0.71
1789585772	3073	counted	train	100000	0.69
1789585773	3073	counted	train	100000	0.71
1789585773	3073	counted	train	100000	0.68
1789585774	3073	counted	train	100000	0.66
1789585775	3073	counted	train	100000	0.69
1789585776	3073	counted	train	100000	0.72
1789585776	3073	counted	train	100000	0.75
1789585777	3073	counted	train	100000	0.73
1789585778	3073	counted	train	100000	0.71
1789585779	3073	counted	train	100000	0.72
1789585780	3073	counted	train	100000	0.70
1789585780	3073	counted	train	100000	0.70
1789585783	3073	counted	train	100000	2.16
1789585785	3073	counted	train	100000	2.36
1789585787	3073	counted	train	100000	2.27
1789585790	3073	counted	train	100000	2.27
1789585792	3073	counted	train	100000	2.26
1789585794	3073	counted	train	100000	2.19
1789585797	3073	counted	train	100000	2.26
1789585799	3073	counted	train	100000	2.19
1789585801	3073	counted	train	100000	2.23
1789585804	3073	counted	train	100000	2.31
1789585806	3073	counted	train	100000	2.24
1789585808	3073	counted	train	100000	2.27
1789585810	3073	counted	train	100000	2.24
1789585813	3073	counted	train	100000	2.22
1789585815	3073	counted	train	100000	2.13
1789585834	3128	counted	train	100000	1.49
1789585836	3128	counted	train	100000	1.54
1789585838	3128	counted	train	100000	1.60
1789585839	3128	counted	train	100000	1.63
1789585841	3128	counted	train	100000	1.60
1789585843	3128	counted	train	100000	1.60
1789585844	3128	counted	train	100000	1.59
1789585846	3128	counted	train	100000	1.62
1789585848	3128	counted	train	100000	1.54
1789585849	3128	counted	train	100000	1.57
1789585851	3128	counted	train	100000	1.60
1789585853	3128	counted	train	100000	1.63
1789585854	3128	counted	train	100000	1.61
1789585856	3128	counted	train	100000	1.64
1789585858	3128	counted	train	100000	1.56
1789585859	3128	counted	train	100000	1.45
1789585861	3128	counted	train	100000	1.49
1789585862	3128	counted	train	100000	1.41
1789585864	3128	counted	train	100000	1.49
1789585865	3128	counted	train	100000	1.51
1789585867	3128	counted	train	100000	1.41
1789585868	3128	counted	train	100000	1.40
1789585870	3128	counted	train	100000	1.44
1789585871	3128	counted	train	100000	1.44
1789585873	3128	counted	train	100000	1.44
1789585874	3128	counted	train	100000	1.42
1789585876	3128	counted	train	100000	1.38
1789585877	3128	counted	train	100000	1.42
1789585879	3128	counted	train	100000	1.45
1789585880	3128	counted	train	100000	1.36
1789585881	3128	counted	train	100000	1.07
1789585882	3128	counted	train	100000	1.09
1789585884	3128	counted	train	100000	1.08
1789585885	3128	counted	train	100000	1.08
1789585886	3128	counted	train	100000	1.08
1789585887	3128	counted	train	100000	1.10
1789585888	3128	counted	train	100000	1.05
1789585889	3128	counted	train	100000	1.01
1789585890	3128	counted	train	100000	1.05
1789585892	3128	counted	train	100000	1.11
1789585893	3128	counted	train	100000	1.06
1789585894	3128	counted	train	100000	1.10
1789585895	3128	counted	train	100000	1.08
1789585896	3128	counted	train	100000	1.07
1789585897	3128	counted	train	100000	1.10
1789585898	3128	counted	train	100000	0.71
1789585899	3128	counted	train	100000	0.71
1789585900	3128	counted	train	100000	0.72
1789585900	3128	counted	train	100000	0.68
1789585901	3128	counted	train	100000	0.73
1789585902	3128	counted	train	100000	0.70
1789585903	3128	counted	train	100000	0.66
1789585903	3128	counted	train	100000	0.70
1789585904	3128	counted	train	100000	0.70
1789585905	3128	counted	train	100000	0.76
1789585906	3128	counted	train	100000	0.70
1789585907	3128	counted	train	100000	0.70
1789585907	3128	counted	train	100000	0.69
1789585908	3128	counted	train	100000	0.69
1789585909	3128	counted	train	100000	0.71
1789585911	3128	counted	train	100000	2.34
1789585914	3128	counted	train	100000	2.42
1789585916	3128	counted	train	100000	2.39
1789585919	3128	counted	train	100000	2.36
1789585921	3128	counted	train	100000	2.37
1789585924	3128	counted	train	100000	2.45
1789585926	3128	counted	train	100000	2.50
1789585929	3128	counted	train	100000	2.35
1789585931	3128	counted	train	100000	2.40
1789585934	3128	counted	train	100000	2.36
1789585936	3128	counted	train	100000	2.37
1789585939	3128	counted	train	100000	2.42
1789585941	3128	counted	train	100000	2.45
1789585944	3128	counted	train	100000	2.48
1789585946	3128	counted	train	100000	2.36
1789585961	3192	counted	train	100000	1.58
1789585963	3192	counted	train	100000	1.53
1789585964	3192	counted	train	100000	1.56
1789585966	3192	counted	train	100000	1.56
1789585968	3192	counted	train	100000	1.56
1789585969	3192	counted	train	100000	1.50
1789585971	3192	counted	train	100000	1.56
1789585973	3192	counted	train	100000	1.52
1789585974	3192	counted	train	100000	1.59
1789585976	3192	counted	train	100000	1.59
1789585978	3192	counted	train	100000	1.62
1789585979	3192	counted	train	100000	1.64
1789585981	3192	counted	train	100000	1.51
1789585982	3192	counted	train	100000	1.44
1789585984	3192	counted	train	100000	1.43
1789585985	3192	counted	train	100000	1.51
1789585987	3192	counted	train	100000	1.49
1789585989	3192	counted	train	100000	1.48
1789585990	3192	counted	train	100000	1.43
1789585992	3192	counted	train	100000	1.48
1789585993	3192	counted	train	100000	1.37
1789585995	3192	counted	train	100000	1.40
1789585996	3192	counted	train	100000	1.41
1789585997	3192	counted	train	100000	1.41
1789585999	3192	counted	train	100000	1.09
1789586000	3192	counted	train	100000	1.09
1789586001	3192	counted	train	100000	1.06
1789586002	3192	counted	train	100000	1.08
1789586003	3192	counted	train	100000	1.09
1789586004	3192	counted	train	100000	1.04
1789586006	3192	counted	train	100000	1.07
1789586007	3192	counted	train	100000	1.08
1789586008	3192	counted	train	100000	1.08
1789586009	3192	counted	train	100000	1.09
1789586010	3192	counted	train	100000	1.08
1789586011	3192	counted	train	100000	1.09
1789586012	3192	counted	train	100000	0.71
1789586013	3192	counted	train	100000	0.68
1789586014	3192	counted	train	100000	0.72
1789586014	3192	counted	train	100000	0.74
1789586015	3192	counted	train	100000	0.73
1789586016	3192	counted	train	100000	0.73
1789586017	3192	counted	train	100000	0.70
1789586018	3192	counted	train	100000	0.71
1789586018	3192	counted	train	100000	0.72
1789586019	3192	counted	train	100000	0.70
1789586020	3192	counted	train	100000	0.68
1789586021	3192	counted	train	100000	0.71
1789586023	3192	counted	train	100000	2.42
1789586026	3192	counted	train	100000	2.49
1789586028	3192	counted	train	100000	2.38
1789586031	3192	counted	train	100000	2.35
1789586033	3192	counted	train	100000	2.35
1789586035	3192	counted	train	100000	2.30
1789586038	3192	counted	train	100000	2.49
1789586040	3192	counted	train	100000	2.34
1789586043	3192	counted	train	100000	2.30
1789586045	3192	counted	train	100000	2.33
1789586048	3192	counted	train	100000	2.36
1789586050	3192	counted	train	100000	2.38
1789586064	3244	counted	train	100000	1.78
1789586066	3244	counted	train	100000	1.70
1789586068	3244	counted	train	100000	1.66
1789586069	3244	counted	train	100000	1.68
1789586071	3244	counted	train	100000	1.70
1789586073	3244	counted	train	100000	1.70
1789586075	3244	counted	train	100000	1.67
1789586076	3244	counted	train	100000	1.68
1789586078	3244	counted	train	100000	1.69
1789586080	3244	counted	train	100000	1.66
1789586081	3244	counted	train	100000	1.61
1789586083	3244	counted	train	100000	1.69
1789586085	3244	counted	train	100000	1.55
1789586086	3244	counted	train	100000	1.51
1789586088	3244	counted	train	100000	1.48
1789586090	3244	counted	train	100000	1.52
1789586091	3244	counted	train	100000	1.49
1789586093	3244	counted	train	100000	1.51
1789586094	3244	counted	train	100000	1.51
1789586096	3244	counted	train	100000	1.50
1789586097	3244	counted	train	100000	1.41
1789586099	3244	counted	train	100000	1.43
1789586100	3244	counted	train	100000	1.46
1789586102	3244	counted	train	100000	1.50
1789586103	3244	counted	train	100000	1.09
1789586104	3244	counted	train	100000	1.08
1789586105	3244	counted	train	100000	1.06
1789586107	3244	counted	train	100000	1.07
1789586108	3244	counted	train	100000	1.11
1789586109	3244	counted	train	100000	1.06
1789586110	3244	counted	train	100000	1.10
1789586111	3244	counted	train	100000	1.11
1789586112	3244	counted	train	100000	1.10
1789586114	3244	counted	train	100000	1.09
1789586115	3244	counted	train	100000	1.11
1789586116	3244	counted	train	100000	1.12
1789586117	3244	counted	train	100000	0.73
1789586118	3244	counted	train	100000	0.72
1789586118	3244	counted	train	100000	0.71
1789586119	3244	counted	train	100000	0.72
1789586120	3244	counted	train	100000	0.70
1789586121	3244	counted	train	100000	0.73
1789586121	3244	counted	train	100000	0.71
1789586122	3244	counted	train	100000	0.72
1789586123	3244	counted	train	100000	0.73
1789586124	3244	counted	train	100000	0.70
1789586125	3244	counted	train	100000	0.72
1789586125	3244	counted	train	100000	0.73
1789586128	3244	counted	train	100000	2.55
1789586131	3244	counted	train	100000	2.62
1789586133	3244	counted	train	100000	2.45
1789586136	3244	counted	train	100000	2.51
1789586138	3244	counted	train	100000	2.57
1789586141	3244	counted	train	100000	2.49
1789586144	3244	counted	train	100000	2.60
1789586146	3244	counted	train	100000	2.41
1789586149	3244	counted	train	100000	2.48
1789586151	3244	counted	train	100000	2.40
1789586154	3244	counted	train	100000	2.43
1789586156	3244	counted	train	100000	2.40
1789586195	3296	counted	train	100000	1.71
1789586197	3296	counted	train	100000	1.73
1789586198	3296	counted	train	100000	1.74
1789586200	3296	counted	train	100000	1.67
1789586202	3296	counted	train	100000	1.68
1789586204	3296	counted	train	100000	1.69
1789586205	3296	counted	train	100000	1.70
1789586207	3296	counted	train	100000	1.68
1789586209	3296	counted	train	100000	1.71
1789586211	3296	counted	train	100000	1.72
1789586213	3296	counted	train	100000	1.69
1789586214	3296	counted	train	100000	1.70
1789586216	3296	counted	train	100000	1.56
1789586218	3296	counted	train	100000	1.51
1789586219	3296	counted	train	100000	1.50
1789586221	3296	counted	train	100000	1.56
1789586222	3296	counted	train	100000	1.54
1789586224	3296	counted	train	100000	1.53
1789586225	3296	counted	train	100000	1.50
1789586227	3296	counted	train	100000	1.53
1789586229	3296	counted	train	100000	1.45
1789586230	3296	counted	train	100000	1.49
1789586232	3296	counted	train	100000	1.53
1789586233	3296	counted	train	100000	1.54
1789586235	3296	counted	train	100000	1.10
1789586236	3296	counted	train	100000	1.13
1789586237	3296	counted	train	100000	1.12
1789586238	3296	counted	train	100000	1.12
1789586239	3296	counted	train	100000	1.13
1789586240	3296	counted	train	100000	1.06
1789586242	3296	counted	train	100000	1.11
1789586243	3296	counted	train	100000	1.14
1789586244	3296	counted	train	100000	1.14
1789586245	3296	counted	train	100000	1.09
1789586246	3296	counted	train	100000	1.09
1789586248	3296	counted	train	100000	1.14
1789586248	3296	counted	train	100000	0.69
1789586249	3296	counted	train	100000	0.68
1789586250	3296	counted	train	100000	0.71
1789586251	3296	counted	train	100000	0.73
1789586252	3296	counted	train	100000	0.72
1789586252	3296	counted	train	100000	0.74
1789586253	3296	counted	train	100000	0.71
1789586254	3296	counted	train	100000	0.72
1789586255	3296	counted	train	100000	0.73
1789586255	3296	counted	train	100000	0.72
1789586256	3296	counted	train	100000	0.70
1789586257	3296	counted	train	100000	0.71
1789586260	3296	counted	train	100000	2.53
1789586262	3296	counted	train	100000	2.65
1789586265	3296	counted	train	100000	2.54
1789586268	3296	counted	train	100000	2.59
1789586270	3296	counted	train	100000	2.73
1789586273	3296	counted	train	100000	2.64
1789586276	3296	counted	train	100000	2.78
1789586279	3296	counted	train	100000	2.59
1789586281	3296	counted	train	100000	2.65
1789586284	3296	counted	train	100000	2.69
1789586287	3296	counted	train	100000	2.66
1789586290	3296	counted	train	100000	2.66
1789586319	3348	counted	train	100000	1.81
1789586321	3348	counted	train	100000	1.78
1789586323	3348	counted	train	100000	1.76
1789586325	3348	counted	train	100000	1.83
1789586327	3348	counted	train	100000	1.71
1789586328	3348	counted	train	100000	1.71
1789586330	3348	counted	train	100000	1.72
1789586332	3348	counted	train	100000	1.66
1789586334	3348	counted	train	100000	1.72
1789586335	3348	counted	train	100000	1.69
1789586337	3348	counted	train	100000	1.68
1789586339	3348	counted	train	100000	1.72
1789586341	3348	counted	train	100000	1.55
1789586342	3348	counted	train	100000	1.50
1789586344	3348	counted	train	100000	1.51
1789586345	3348	counted	train	100000	1.55
1789586347	3348	counted	train	100000	1.55
1789586349	3348	counted	train	100000	1.52
1789586350	3348	counted	train	100000	1.53
1789586352	3348	counted	train	100000	1.52
1789586353	3348	counted	train	100000	1.50
1789586355	3348	counted	train	100000	1.52
1789586357	3348	counted	train	100000	1.52
1789586358	3348	counted	train	100000	1.55
1789586359	3348	counted	train	100000	1.12
1789586361	3348	counted	train	100000	1.13
1789586362	3348	counted	train	100000	1.12
1789586363	3348	counted	train	100000	1.16
1789586364	3348	counted	train	100000	1.16
1789586365	3348	counted	train	100000	1.12
1789586367	3348	counted	train	100000	1.15
1789586368	3348	counted	train	100000	1.19
1789586369	3348	counted	train	100000	1.11
1789586370	3348	counted	train	100000	1.14
1789586372	3348	counted	train	100000	1.14
1789586373	3348	counted	train	100000	1.14
1789586374	3348	counted	train	100000	0.75
1789586374	3348	counted	train	100000	0.71
1789586375	3348	counted	train	100000	0.71
1789586376	3348	counted	train	100000	0.74
1789586377	3348	counted	train	100000	0.73
1789586378	3348	counted	train	100000	0.74
1789586378	3348	counted	train	100000	0.71
1789586379	3348	counted	train	100000	0.75
1789586380	3348	counted	train	100000	0.76
1789586381	3348	counted	train	100000	0.73
1789586382	3348	counted	train	100000	0.72
1789586382	3348	counted	train	100000	0.72
1789586385	3348	counted	train	100000	2.70
1789586388	3348	counted	train	100000	2.84
1789586391	3348	counted	train	100000	2.63
1789586394	3348	counted	train	100000	2.68
1789586396	3348	counted	train	100000	2.75
1789586399	3348	counted	train	100000	2.77
1789586402	3348	counted	train	100000	2.83
1789586405	3348	counted	train	100000	2.63
1789586408	3348	counted	train	100000	2.65
1789586410	3348	counted	train	100000	2.70
1789586413	3348	counted	train	100000	2.67
1789586416	3348	counted	train	100000	2.73
1789586432	3400	counted	train	100000	1.81
1789586434	3400	counted	train	100000	1.77
1789586435	3400	counted	train	100000	1.70
1789586437	3400	counted	train	100000	1.74
1789586439	3400	counted	train	100000	1.74
1789586441	3400	counted	train	100000	1.75
1789586443	3400	counted	train	100000	1.75
1789586445	3400	counted	train	100000	1.75
1789586446	3400	counted	train	100000	1.73
1789586448	3400	counted	train	100000	1.73
1789586450	3400	counted	train	100000	1.74
1789586452	3400	counted	train	100000	1.73
1789586453	3400	counted	train	100000	1.56
1789586455	3400	counted	train	100000	1.51
1789586457	3400	counted	train	100000	1.53
1789586458	3400	counted	train	100000	1.59
1789586460	3400	counted	train	100000	1.61
1789586462	3400	counted	train	100000	1.56
1789586463	3400	counted	train	100000	1.60
1789586465	3400	counted	train	100000	1.58
1789586466	3400	counted	train	100000	1.53
1789586468	3400	counted	train	100000	1.52
1789586470	3400	counted	train	100000	1.56
1789586471	3400	counted	train	100000	1.54
1789586472	3400	counted	train	100000	1.14
1789586474	3400	counted	train	100000	1.15
1789586475	3400	counted	train	100000	1.14
1789586476	3400	counted	train	100000	1.12
1789586477	3400	counted	train	100000	1.16
1789586479	3400	counted	train	100000	1.11
1789586480	3400	counted	train	100000	1.13
1789586481	3400	counted	train	100000	1.12
1789586482	3400	counted	train	100000	1.11
1789586483	3400	counted	train	100000	1.11
1789586485	3400	counted	train	100000	1.14
1789586486	3400	counted	train	100000	1.14
1789586487	3400	counted	train	100000	0.71
1789586487	3400	counted	train	100000	0.72
1789586488	3400	counted	train	100000	0.75
1789586489	3400	counted	train	100000	0.75
1789586490	3400	counted	train	100000	0.73
1789586491	3400	counted	train	100000	0.77
1789586491	3400	counted	train	100000	0.73
1789586492	3400	counted	train	100000	0.76
1789586493	3400	counted	train	100000	0.78
1789586494	3400	counted	train	100000	0.74
1789586495	3400	counted	train	100000	0.72
1789586496	3400	counted	train	100000	0.77
1789586498	3400	counted	train	100000	2.82
1789586501	3400	counted	train	100000	2.94
1789586504	3400	counted	train	100000	2.77
1789586507	3400	counted	train	100000	2.84
1789586510	3400	counted	train	100000	2.89
1789586513	3400	counted	train	100000	2.88
1789586516	3400	counted	train	100000	2.99
1789586519	3400	counted	train	100000	2.81
1789586522	3400	counted	train	100000	2.77
1789586525	3400	counted	train	100000	2.87
1789586528	3400	counted	train	100000	2.84
1789586531	3400	counted	train	100000	2.81
1789586544	3452	counted	train	100000	2.49
1789586547	3452	counted	train	100000	2.41
1789586549	3452	counted	train	100000	2.41
1789586552	3452	counted	train	100000	2.38
1789586554	3452	counted	train	100000	2.41
1789586556	3452	counted	train	100000	2.40
1789586559	3452	counted	train	100000	2.41
1789586561	3452	counted	train	100000	2.43
1789586564	3452	counted	train	100000	2.44
1789586566	3452	counted	train	100000	2.34
1789586569	3452	counted	train	100000	2.09
1789586571	3452	counted	train	100000	2.09
1789586573	3452	counted	train	100000	2.14
1789586575	3452	counted	train	100000	2.07
1789586577	3452	counted	train	100000	2.05
1789586579	3452	counted	train	100000	2.11
1789586582	3452	counted	train	100000	2.14
1789586584	3452	counted	train	100000	2.12
1789586586	3452	counted	train	100000	2.16
1789586588	3452	counted	train	100000	2.08
1789586590	3452	counted	train	100000	1.52
1789586591	3452	counted	train	100000	1.55
1789586593	3452	counted	train	100000	1.56
1789586595	3452	counted	train	100000	1.57
1789586596	3452	counted	train	100000	1.50
1789586598	3452	counted	train	100000	1.52
1789586600	3452	counted	train	100000	1.55
1789586601	3452	counted	train	100000	1.54
1789586603	3452	counted	train	100000	1.54
1789586604	3452	counted	train	100000	1.45
1789586605	3452	counted	train	100000	0.97
1789586606	3452	counted	train	100000	0.97
1789586607	3452	counted	train	100000	0.95
1789586608	3452	counted	train	100000	0.97
1789586610	3452	counted	train	100000	1.02
1789586611	3452	counted	train	100000	0.96
1789586612	3452	counted	train	100000	0.95
1789586613	3452	counted	train	100000	0.94
1789586614	3452	counted	train	100000	0.98
1789586615	3452	counted	train	100000	0.99
1789586618	3452	counted	train	100000	3.69
1789586622	3452	counted	train	100000	3.81
1789586626	3452	counted	train	100000	3.66
1789586630	3452	counted	train	100000	3.93
1789586634	3452	counted	train	100000	3.88
1789586638	3452	counted	train	100000	3.86
1789586642	3452	counted	train	100000	3.71
1789586646	3452	counted	train	100000	3.72
1789586649	3452	counted	train	100000	3.75
1789586653	3452	counted	train	100000	3.91
1789586668	3517	counted	train	100000	1.69
1789586669	3517	counted	train	100000	1.65
1789586671	3517	counted	train	100000	1.58
1789586673	3517	counted	train	100000	1.59
1789586674	3517	counted	train	100000	1.61
1789586676	3517	counted	train	100000	1.60
1789586678	3517	counted	train	100000	1.63
1789586679	3517	counted	train	100000	1.60
1789586681	3517	counted	train	100000	1.58
1789586683	3517	counted	train	100000	1.65
1789586685	3517	counted	train	100000	2.33
1789586687	3517	counted	train	100000	1.60
1789586688	3517	counted	train	100000	1.51
1789586690	3517	counted	train	100000	1.47
1789586691	3517	counted	train	100000	1.45
1789586693	3517	counted	train	100000	1.56
1789586695	3517	counted	train	100000	1.54
1789586696	3517	counted	train	100000	1.54
1789586698	3517	counted	train	100000	1.52
1789586699	3517	counted	train	100000	1.55
1789586701	3517	counted	train	100000	1.45
1789586703	3517	counted	train	100000	1.49
1789586704	3517	counted	train	100000	1.47
1789586706	3517	counted	train	100000	1.54
1789586707	3517	counted	train	100000	1.15
1789586708	3517	counted	train	100000	1.12
1789586709	3517	counted	train	100000	1.10
1789586710	3517	counted	train	100000	1.12
1789586712	3517	counted	train	100000	1.14
1789586713	3517	counted	train	100000	1.09
1789586714	3517	counted	train	100000	1.12
1789586715	3517	counted	train	100000	1.17
1789586717	3517	counted	train	100000	1.14
1789586718	3517	counted	train	100000	1.13
1789586719	3517	counted	train	100000	1.16
1789586720	3517	counted	train	100000	1.15
1789586721	3517	counted	train	100000	0.74
1789586722	3517	counted	train	100000	0.72
1789586723	3517	counted	train	100000	0.72
1789586723	3517	counted	train	100000	0.75
1789586724	3517	counted	train	100000	0.75
1789586725	3517	counted	train	100000	0.80
1789586726	3517	counted	train	100000	0.72
1789586727	3517	counted	train	100000	0.75
1789586728	3517	counted	train	100000	0.74
1789586728	3517	counted	train	100000	0.73
1789586729	3517	counted	train	100000	0.74
1789586730	3517	counted	train	100000	0.76
1789586732	3517	counted	train	100000	2.41
1789586735	3517	counted	train	100000	2.52
1789586737	3517	counted	train	100000	2.36
1789586740	3517	counted	train	100000	2.36
1789586742	3517	counted	train	100000	2.42
1789586745	3517	counted	train	100000	2.41
1789586747	3517	counted	train	100000	2.49
1789586750	3517	counted	train	100000	2.29
1789586752	3517	counted	train	100000	2.31
1789586755	3517	counted	train	100000	2.35
1789586757	3517	counted	train	100000	2.34
1789586759	3517	counted	train	100000	2.42
1789586774	3566	exempt	train	100000	1.72
1789586776	3566	exempt	train	100000	1.70
1789586777	3566	exempt	train	100000	1.65
1789586779	3566	exempt	train	100000	1.63
1789586781	3566	exempt	train	100000	1.64
1789586782	3566	exempt	train	100000	1.70
1789586784	3566	exempt	train	100000	1.65
1789586786	3566	exempt	train	100000	1.63
1789586788	3566	exempt	train	100000	1.63
1789586789	3566	exempt	train	100000	1.65
1789586791	3566	exempt	train	100000	1.64
1789586793	3566	exempt	train	100000	1.67
1789586794	3566	exempt	train	100000	1.49
1789586796	3566	exempt	train	100000	1.47
1789586797	3566	exempt	train	100000	1.43
1789586799	3566	exempt	train	100000	1.50
1789586800	3566	exempt	train	100000	1.47
1789586802	3566	exempt	train	100000	1.44
1789586803	3566	exempt	train	100000	1.41
1789586805	3566	exempt	train	100000	1.44
1789586806	3566	exempt	train	100000	1.39
1789586808	3566	exempt	train	100000	1.42
1789586809	3566	exempt	train	100000	1.43
1789586811	3566	exempt	train	100000	1.42
1789586812	3566	exempt	train	100000	1.08
1789586813	3566	exempt	train	100000	1.07
1789586814	3566	exempt	train	100000	1.05
1789586815	3566	exempt	train	100000	1.06
1789586817	3566	exempt	train	100000	1.07
1789586818	3566	exempt	train	100000	1.05
1789586819	3566	exempt	train	100000	1.08
1789586820	3566	exempt	train	100000	1.10
1789586821	3566	exempt	train	100000	1.07
1789586822	3566	exempt	train	100000	1.09
1789586823	3566	exempt	train	100000	1.09
1789586825	3566	exempt	train	100000	1.12
1789586825	3566	exempt	train	100000	0.73
1789586826	3566	exempt	train	100000	0.69
1789586827	3566	exempt	train	100000	0.69
1789586828	3566	exempt	train	100000	0.72
1789586829	3566	exempt	train	100000	0.72
1789586829	3566	exempt	train	100000	0.73
1789586830	3566	exempt	train	100000	0.70
1789586831	3566	exempt	train	100000	0.70
1789586832	3566	exempt	train	100000	0.70
1789586832	3566	exempt	train	100000	0.69
1789586833	3566	exempt	train	100000	0.70
1789586834	3566	exempt	train	100000	0.71
1789586836	3566	exempt	train	100000	2.33
1789586839	3566	exempt	train	100000	2.47
1789586841	3566	exempt	train	100000	2.47
1789586844	3566	exempt	train	100000	2.47
1789586847	3566	exempt	train	100000	2.45
1789586849	3566	exempt	train	100000	2.52
1789586852	3566	exempt	train	100000	2.62
1789586854	3566	exempt	train	100000	2.45
1789586857	3566	exempt	train	100000	2.39
1789586859	3566	exempt	train	100000	2.40
1789586862	3566	exempt	train	100000	2.38
1789586864	3566	exempt	train	100000	2.43
