ts	pid	kind	api	rows	seconds
1789522843	178	counted	train	100000	0.15
1789522877	311	counted	train	89976	1.99
1789522892	393	uncounted	train	100000	0.03
1789522892	393	uncounted	train	100000	0.05
1789522893	393	uncounted	train	100000	0.08
1789522893	393	uncounted	train	100000	0.08
1789522893	393	uncounted	train	100000	0.14
1789522893	393	uncounted	train	100000	0.25
1789522894	393	uncounted	train	100000	0.16
1789522894	393	uncounted	train	100000	0.27
1789522895	393	uncounted	train	100000	0.47
1789522895	393	uncounted	train	100000	0.32
1789522896	393	uncounted	train	100000	0.49
1789522897	393	uncounted	train	100000	0.88
1789522897	393	uncounted	train	100000	0.63
1789522899	393	uncounted	train	100000	1.01
1789522901	393	uncounted	train	100000	1.76
1789522902	393	uncounted	train	100000	1.23
1789522905	393	uncounted	train	100000	1.98
1789522909	393	uncounted	train	100000	3.66
1789522910	393	uncounted	train	100000	0.03
1789522910	393	uncounted	train	100000	0.05
1789522910	393	uncounted	train	100000	0.08
1789522910	393	uncounted	train	100000	0.08
1789522910	393	uncounted	train	100000	0.14
1789522911	393	uncounted	train	100000	0.22
1789522911	393	uncounted	train	100000	0.16
1789522911	393	uncounted	train	100000	0.26
1789522912	393	uncounted	train	100000	0.46
1789522912	393	uncounted	train	100000	0.31
1789522913	393	uncounted	train	100000	0.51
1789522914	393	uncounted	train	100000	0.93
1789522915	393	uncounted	train	100000	0.60
1789522916	393	uncounted	train	100000	0.99
1789522918	393	uncounted	train	100000	1.79
1789522919	393	uncounted	train	100000	1.22
1789522922	393	uncounted	train	100000	2.00
1789522926	393	uncounted	train	100000	3.46
1789522955	536	uncounted	train	100000	0.30
1789522964	590	uncounted	train	100000	0.54
1789522965	590	uncounted	train	100000	1.25
1789522966	590	uncounted	train	100000	0.53
1789522968	590	uncounted	train	100000	1.24
1789522969	590	uncounted	train	100000	0.58
1789522970	590	uncounted	train	100000	1.33
1789522972	590	uncounted	train	100000	0.54
1789522973	590	uncounted	train	100000	1.30
1789522975	590	uncounted	train	100000	1.07
1789522978	590	uncounted	train	100000	2.67
1789522980	590	uncounted	train	100000	1.98
1789522986	590	uncounted	train	100000	4.90
1789522996	645	uncounted	train	100000	0.36
1789522997	645	uncounted	train	100000	0.48
1789522998	645	uncounted	train	100000	0.64
1789522999	645	uncounted	train	100000	1.09
1789523001	645	uncounted	train	100000	1.31
1789523011	731	uncounted	train	100000	0.45
1789523012	731	uncounted	train	100000	0.37
1789523012	731	uncounted	train	100000	0.36
1789523013	731	uncounted	train	100000	0.51
1789523014	731	uncounted	train	100000	0.49
1789523014	731	uncounted	train	100000	0.48
1789523015	731	uncounted	train	100000	0.62
1789523016	731	uncounted	train	100000	0.63
1789523017	731	uncounted	train	100000	0.63
1789523018	731	uncounted	train	100000	1.11
1789523020	731	uncounted	train	100000	1.04
1789523021	731	uncounted	train	100000	1.06
1789523023	731	uncounted	train	100000	1.37
1789523025	731	uncounted	train	100000	1.43
1789523026	731	uncounted	train	100000	1.39
1789523027	731	uncounted	train	100000	0.40
1789523028	731	uncounted	train	100000	0.40
1789523028	731	uncounted	train	100000	0.41
1789523029	731	uncounted	train	100000	0.53
1789523030	731	uncounted	train	100000	0.52
1789523031	731	uncounted	train	100000	0.52
1789523032	731	uncounted	train	100000	0.66
1789523033	731	uncounted	train	100000	0.68
1789523033	731	uncounted	train	100000	0.61
1789523035	731	uncounted	train	100000	1.11
1789523036	731	uncounted	train	100000	1.12
1789523038	731	uncounted	train	100000	1.08
1789523040	731	uncounted	train	100000	1.40
1789523041	731	uncounted	train	100000	1.46
1789523043	731	uncounted	train	100000	1.39
1789523044	731	uncounted	train	100000	0.37
1789523044	731	uncounted	train	100000	0.38
1789523045	731	uncounted	train	100000	0.39
1789523046	731	uncounted	train	100000	0.49
1789523047	731	uncounted	train	100000	0.50
1789523047	731	uncounted	train	100000	0.50
1789523048	731	uncounted	train	100000	0.65
1789523049	731	uncounted	train	100000	0.66
1789523050	731	uncounted	train	100000	0.65
1789523051	731	uncounted	train	100000	1.09
1789523053	731	uncounted	train	100000	1.12
1789523054	731	uncounted	train	100000	1.04
1789523056	731	uncounted	train	100000	1.43
1789523058	731	uncounted	train	100000	1.44
1789523060	731	uncounted	train	100000	1.41
1789523061	731	uncounted	train	100000	0.36
1789523061	731	uncounted	train	100000	0.35
1789523061	731	uncounted	train	100000	0.35
1789523062	731	uncounted	train	100000	0.46
1789523063	731	uncounted	train	100000	0.65
1789523064	731	uncounted	train	100000	0.48
1789523065	731	uncounted	train	100000	0.59
1789523065	731	uncounted	train	100000	0.57
1789523066	731	uncounted	train	100000	0.57
1789523067	731	uncounted	train	100000	0.96
1789523069	731	uncounted	train	100000	0.97
1789523070	731	uncounted	train	100000	0.96
1789523072	731	uncounted	train	100000	1.27
1789523073	731	uncounted	train	100000	1.23
1789523075	731	uncounted	train	100000	1.23
1789523097	833	uncounted	train	100000	1.09
1789523099	833	uncounted	train	100000	1.15
1789523100	833	uncounted	train	100000	1.09
1789523102	833	uncounted	train	100000	1.14
1789523104	833	uncounted	train	100000	1.16
1789523105	833	uncounted	train	100000	1.10
1789523107	833	uncounted	train	100000	1.15
1789523109	833	uncounted	train	100000	1.32
1789523111	833	uncounted	train	100000	1.13
1789523120	887	uncounted	train	80000	0.90
1789523121	887	uncounted	train	80000	0.88
1789523122	887	uncounted	train	80000	0.88
1789523123	887	uncounted	train	80000	0.88
1789523124	887	uncounted	train	80000	0.85
1789523125	887	uncounted	train	80000	0.90
1789523126	887	uncounted	train	80000	0.88
1789523127	887	uncounted	train	80000	0.87
1789523128	887	uncounted	train	80000	0.88
1789523129	887	uncounted	train	80000	0.90
1789523147	963	counted	train	100000	1.14
1789523165	1051	counted	train	100000	1.23
1789523174	1119	uncounted	train	100000	0.55
1789523176	1119	uncounted	train	100000	1.13
1789523178	1119	uncounted	train	100000	2.22
1789523180	1119	uncounted	train	100000	1.50
1789523183	1119	uncounted	train	100000	2.95
1789523186	1119	uncounted	train	100000	1.93
1789523189	1119	uncounted	train	100000	2.28
1789523191	1119	uncounted	train	100000	2.25
1789523193	1119	uncounted	train	100000	1.07
1789523194	1119	uncounted	train	100000	1.13
1789523196	1119	uncounted	train	100000	1.14
1789523197	1119	uncounted	train	100000	1.10
1789523199	1119	uncounted	train	100000	1.18
1789523200	1119	uncounted	train	100000	1.18
1789523216	1190	uncounted	train	100000	1.21
1789523217	1190	uncounted	train	100000	1.27
1789523219	1190	uncounted	train	100000	1.25
1789523220	1190	uncounted	train	100000	1.26
1789523222	1190	uncounted	train	100000	1.28
1789523223	1190	uncounted	train	100000	1.22
1789523225	1190	uncounted	train	100000	1.29
1789523227	1190	uncounted	train	100000	1.38
1789523228	1190	uncounted	train	100000	1.34
1789523230	1190	uncounted	train	100000	1.42
1789523232	1190	uncounted	train	100000	1.39
1789523233	1190	uncounted	train	100000	1.41
1789523235	1190	uncounted	train	100000	1.36
1789523237	1190	uncounted	train	100000	1.46
1789523239	1190	uncounted	train	100000	1.42
1789523240	1190	uncounted	train	100000	1.43
1789523242	1190	uncounted	train	100000	1.37
1789523244	1190	uncounted	train	100000	1.36
1789523245	1190	uncounted	train	100000	1.40
1789523247	1190	uncounted	train	100000	1.34
1789523249	1190	uncounted	train	100000	1.41
1789523250	1190	uncounted	train	100000	1.34
1789523252	1190	uncounted	train	100000	1.32
1789523253	1190	uncounted	train	100000	1.35
1789523255	1190	uncounted	train	100000	1.28
1789523257	1190	uncounted	train	100000	1.29
1789523258	1190	uncounted	train	100000	1.29
1789523260	1190	uncounted	train	100000	1.44
1789523262	1190	uncounted	train	100000	1.36
1789523263	1190	uncounted	train	100000	1.30
1789523265	1190	uncounted	train	100000	1.35
1789523266	1190	uncounted	train	100000	1.26
1789523268	1190	uncounted	train	100000	1.29
1789523271	1190	uncounted	train	100000	2.54
1789523274	1190	uncounted	train	100000	2.41
1789523277	1190	uncounted	train	100000	2.55
1789523280	1190	uncounted	train	100000	2.57
1789523283	1190	uncounted	train	100000	2.57
1789523286	1190	uncounted	train	100000	2.56
1789523289	1190	uncounted	train	100000	2.60
1789523292	1190	uncounted	train	100000	2.52
1789523295	1190	uncounted	train	100000	1.60
1789523297	1190	uncounted	train	100000	1.62
1789523299	1190	uncounted	train	100000	1.60
1789523300	1190	uncounted	train	100000	1.57
1789523302	1190	uncounted	train	100000	1.60
1789523304	1190	uncounted	train	100000	1.60
1789523306	1190	uncounted	train	100000	1.65
1789523308	1190	uncounted	train	100000	1.61
1789523310	1190	uncounted	train	100000	1.27
1789523312	1190	uncounted	train	100000	1.28
1789523313	1190	uncounted	train	100000	1.22
1789523315	1190	uncounted	train	100000	1.29
1789523316	1190	uncounted	train	100000	1.31
1789523318	1190	uncounted	train	100000	1.33
1789523320	1190	uncounted	train	100000	1.28
1789523321	1190	uncounted	train	100000	1.27
1789523335	1245	uncounted	train	100000	1.09
1789523337	1245	uncounted	train	100000	1.09
1789523339	1245	uncounted	train	100000	1.01
1789523341	1245	uncounted	train	100000	1.19
1789523349	1245	uncounted	train	100000	6.32
1789523356	1245	uncounted	train	100000	5.88
1789523359	1245	uncounted	train	100000	1.04
1789523361	1245	uncounted	train	100000	1.14
1789523383	1300	uncounted	train	100000	1.13
1789523385	1300	uncounted	train	100000	1.19
1789523387	1300	uncounted	train	100000	1.21
1789523389	1300	uncounted	train	100000	1.23
1789523392	1300	uncounted	train	100000	1.32
1789523394	1300	uncounted	train	100000	1.29
1789523396	1300	uncounted	train	100000	1.24
1789523398	1300	uncounted	train	100000	1.21
1789523400	1300	uncounted	train	100000	1.21
1789523403	1300	uncounted	train	100000	1.18
1789523405	1300	uncounted	train	100000	1.11
1789523407	1300	uncounted	train	100000	1.16
1789523409	1300	uncounted	train	100000	1.12
1789523411	1300	uncounted	train	100000	1.14
1789523413	1300	uncounted	train	100000	1.20
1789523415	1300	uncounted	train	100000	1.42
1789523418	1300	uncounted	train	100000	1.41
1789523428	1355	uncounted	train	100000	0.98
1789523429	1355	uncounted	train	100000	0.97
1789523431	1355	uncounted	train	100000	1.04
1789523433	1355	uncounted	train	100000	1.00
1789523435	1355	uncounted	train	100000	1.15
1789523437	1355	uncounted	train	100000	1.15
1789523439	1355	uncounted	train	100000	1.24
1789523441	1355	uncounted	train	100000	1.26
1789523443	1355	uncounted	train	100000	1.17
1789523445	1355	uncounted	train	100000	1.16
1789523447	1355	uncounted	train	100000	1.21
1789523449	1355	uncounted	train	100000	1.26
1789523451	1355	uncounted	train	100000	1.18
1789523452	1355	uncounted	train	100000	0.62
1789523455	1355	uncounted	train	100000	2.39
1789523458	1355	uncounted	train	100000	1.58
1789523477	1410	uncounted	train	80000	0.90
1789523478	1410	uncounted	train	80000	0.88
1789523479	1410	uncounted	train	80000	0.88
1789523480	1410	uncounted	train	80000	0.98
1789523481	1410	uncounted	train	80000	0.96
1789523482	1410	uncounted	train	80000	1.03
1789523484	1410	uncounted	train	80000	1.05
1789523485	1410	uncounted	train	80000	1.03
1789523486	1410	uncounted	train	80000	1.00
1789523487	1410	uncounted	train	80000	1.03
1789523489	1410	uncounted	train	80000	1.05
1789523491	1410	uncounted	train	80000	1.19
1789523492	1410	uncounted	train	80000	1.03
1789523493	1410	uncounted	train	80000	0.98
1789523494	1410	uncounted	train	80000	1.02
1789523496	1410	uncounted	train	80000	0.97
1789523497	1410	uncounted	train	80000	0.96
1789523499	1410	uncounted	train	80000	0.99
1789523500	1410	uncounted	train	80000	0.97
1789523501	1410	uncounted	train	80000	0.93
1789523516	1486	counted	train	100000	1.12
1789523530	1553	uncounted	train	100000	1.19
1789523533	1553	uncounted	train	100000	1.15
1789523536	1553	uncounted	train	100000	1.15
1789523538	1553	uncounted	train	100000	1.08
1789523542	1553	uncounted	train	100000	1.14
1789523544	1553	uncounted	train	100000	1.12
1789523547	1553	uncounted	train	100000	0.99
1789523550	1553	uncounted	train	100000	0.96
1789523552	1553	uncounted	train	100000	0.96
1789523554	1553	uncounted	train	100000	1.10
1789523566	1608	uncounted	train	80000	1.01
1789523568	1608	uncounted	train	80000	1.01
1789523569	1608	uncounted	train	80000	0.96
1789523571	1608	uncounted	train	80000	1.06
1789523572	1608	uncounted	train	80000	1.03
1789523574	1608	uncounted	train	80000	1.01
1789523576	1608	uncounted	train	80000	1.08
1789523578	1608	uncounted	train	80000	1.03
1789523580	1608	uncounted	train	80000	1.02
1789523582	1608	uncounted	train	80000	0.84
1789523583	1608	uncounted	train	80000	0.83
1789523585	1608	uncounted	train	80000	1.04
1789523586	1608	uncounted	train	80000	1.00
1789523587	1608	uncounted	train	80000	0.97
1789523589	1608	uncounted	train	80000	0.96
1789523590	1608	uncounted	train	80000	0.92
1789523592	1608	uncounted	train	80000	0.94
1789523593	1608	uncounted	train	80000	0.92
1789523594	1608	uncounted	train	80000	0.93
1789523595	1608	uncounted	train	80000	0.93
1789523597	1608	uncounted	train	80000	0.86
1789523598	1608	uncounted	train	80000	0.95
1789523600	1608	uncounted	train	80000	0.93
1789523601	1608	uncounted	train	80000	0.94
1789523602	1608	uncounted	train	80000	0.97
1789523616	1663	uncounted	train	49301	0.67
1789523617	1663	uncounted	train	49301	0.66
1789523618	1663	uncounted	train	49301	0.70
1789523620	1663	uncounted	train	49301	0.82
1789523621	1663	uncounted	train	49301	0.74
1789523659	1718	uncounted	train	49301	0.68
1789523660	1718	uncounted	train	24986	0.50
1789523662	1718	uncounted	train	75424	0.88
1789523664	1718	uncounted	train	100000	1.09
1789523665	1718	uncounted	train	49301	0.68
1789523667	1718	uncounted	train	24986	0.49
1789523669	1718	uncounted	train	75424	0.92
1789523671	1718	uncounted	train	100000	1.14
1789523673	1718	uncounted	train	49301	0.75
1789523674	1718	uncounted	train	24986	0.49
1789523676	1718	uncounted	train	75424	0.99
1789523679	1718	uncounted	train	100000	1.20
1789523681	1718	uncounted	train	49301	0.75
1789523682	1718	uncounted	train	24986	0.55
1789523684	1718	uncounted	train	75424	1.09
1789523686	1718	uncounted	train	100000	1.37
1789523688	1718	uncounted	train	49301	0.75
1789523688	1718	uncounted	train	24986	0.51
1789523690	1718	uncounted	train	75424	0.96
1789523692	1718	uncounted	train	100000	1.23
1789523694	1718	uncounted	train	49301	0.77
1789523695	1718	uncounted	train	24986	0.57
1789523697	1718	uncounted	train	75424	1.01
1789523700	1718	uncounted	train	100000	1.36
1789523702	1718	uncounted	train	49301	0.77
1789523703	1718	uncounted	train	24986	0.53
1789523705	1718	uncounted	train	75424	0.99
1789523708	1718	uncounted	train	100000	1.15
1789523709	1718	uncounted	train	49301	0.68
1789523710	1718	uncounted	train	24986	0.48
1789523711	1718	uncounted	train	75424	0.95
1789523713	1718	uncounted	train	100000	1.23
1789523725	1778	uncounted	train	49301	0.61
1789523726	1778	uncounted	train	24986	0.39
1789523727	1778	uncounted	train	75424	0.75
1789523729	1778	uncounted	train	100000	0.94
1789523731	1778	uncounted	train	49301	0.58
1789523732	1778	uncounted	train	24986	0.46
1789523734	1778	uncounted	train	75424	0.95
1789523737	1778	uncounted	train	100000	1.09
1789523738	1778	uncounted	train	49301	0.64
1789523739	1778	uncounted	train	24986	0.45
1789523740	1778	uncounted	train	75424	0.85
1789523742	1778	uncounted	train	100000	1.06
1789523743	1778	uncounted	train	49301	0.63
1789523744	1778	uncounted	train	24986	0.45
1789523745	1778	uncounted	train	75424	0.87
1789523746	1778	uncounted	train	100000	1.05
1789523757	1868	counted	train	100000	1.19
1789523771	1967	uncounted	train	49301	0.74
1789523772	1967	uncounted	train	24986	0.54
1789523774	1967	uncounted	train	75424	0.96
1789523777	1967	uncounted	train	100000	1.16
1789523779	1967	uncounted	train	49301	0.73
1789523780	1967	uncounted	train	24986	0.53
1789523782	1967	uncounted	train	75424	0.95
1789523785	1967	uncounted	train	100000	1.22
1789523787	1967	uncounted	train	49301	0.72
1789523788	1967	uncounted	train	24986	0.54
1789523790	1967	uncounted	train	75424	0.90
1789523793	1967	uncounted	train	100000	1.22
1789523795	1967	uncounted	train	49301	0.69
1789523796	1967	uncounted	train	24986	0.51
1789523798	1967	uncounted	train	75424	0.87
1789523801	1967	uncounted	train	100000	1.06
1789523803	1967	uncounted	train	49301	1.37
1789523805	1967	uncounted	train	24986	0.95
1789523808	1967	uncounted	train	75424	1.80
1789523812	1967	uncounted	train	100000	2.19
1789523815	1967	uncounted	train	49301	1.45
1789523816	1967	uncounted	train	24986	0.99
1789523820	1967	uncounted	train	75424	2.03
1789523824	1967	uncounted	train	100000	2.42
1789523826	1967	uncounted	train	49301	0.71
1789523827	1967	uncounted	train	24986	0.56
1789523829	1967	uncounted	train	75424	0.92
1789523832	1967	uncounted	train	100000	1.15
1789523833	1967	uncounted	train	49301	0.65
1789523835	1967	uncounted	train	24986	0.53
1789523837	1967	uncounted	train	75424	0.90
1789523840	1967	uncounted	train	100000	1.15
1789523841	1967	uncounted	train	49301	0.72
1789523843	1967	uncounted	train	24986	0.51
1789523845	1967	uncounted	train	75424	0.97
1789523848	1967	uncounted	train	100000	1.20
1789523854	2008	counted	train	100000	1.14
1789523861	2075	uncounted	train	49301	0.71
1789523862	2075	uncounted	train	24986	0.48
1789523864	2075	uncounted	train	75424	0.91
1789523867	2075	uncounted	train	100000	1.18
1789523869	2075	uncounted	train	49301	0.73
1789523870	2075	uncounted	train	24986	0.51
1789523872	2075	uncounted	train	75424	0.98
1789523875	2075	uncounted	train	100000	1.17
1789523877	2075	uncounted	train	49301	0.74
1789523878	2075	uncounted	train	24986	0.52
1789523880	2075	uncounted	train	75424	1.00
1789523883	2075	uncounted	train	100000	1.17
1789523885	2075	uncounted	train	49301	0.73
1789523886	2075	uncounted	train	24986	0.50
1789523888	2075	uncounted	train	75424	0.97
1789523891	2075	uncounted	train	100000	1.10
1789523893	2075	uncounted	train	49301	0.68
1789523894	2075	uncounted	train	24986	0.47
1789523896	2075	uncounted	train	75424	0.90
1789523900	2075	uncounted	train	100000	1.87
1789523901	2075	uncounted	train	49301	0.69
1789523903	2075	uncounted	train	24986	0.51
1789523905	2075	uncounted	train	75424	0.95
1789523908	2075	uncounted	train	100000	1.09
1789523909	2075	uncounted	train	49301	0.71
1789523911	2075	uncounted	train	24986	0.48
1789523913	2075	uncounted	train	75424	0.93
1789523916	2075	uncounted	train	100000	1.09
1789523918	2075	uncounted	train	49301	0.70
1789523919	2075	uncounted	train	24986	0.54
1789523922	2075	uncounted	train	75424	0.97
1789523925	2075	uncounted	train	100000	1.19
1789523927	2075	uncounted	train	49301	0.69
1789523929	2075	uncounted	train	24986	0.48
1789523931	2075	uncounted	train	75424	0.99
1789523935	2075	uncounted	train	100000	1.15
1789523937	2075	uncounted	train	49301	0.75
1789523938	2075	uncounted	train	24986	0.53
1789523941	2075	uncounted	train	75424	0.97
1789523944	2075	uncounted	train	100000	1.18
1789523946	2075	uncounted	train	49301	0.74
1789523948	2075	uncounted	train	24986	0.51
1789523950	2075	uncounted	train	75424	0.89
1789523953	2075	uncounted	train	100000	1.19
1789523955	2075	uncounted	train	49301	0.72
1789523957	2075	uncounted	train	24986	0.48
1789523959	2075	uncounted	train	75424	0.84
1789523965	2075	uncounted	train	100000	3.99
1789523967	2075	uncounted	train	49301	0.68
1789523969	2075	uncounted	train	24986	0.49
1789523971	2075	uncounted	train	75424	0.91
1789523975	2075	uncounted	train	100000	1.06
1789523977	2075	uncounted	train	49301	0.68
1789523978	2075	uncounted	train	24986	0.47
1789523980	2075	uncounted	train	75424	0.86
1789523984	2075	uncounted	train	100000	1.17
1789523986	2075	uncounted	train	49301	0.71
1789523987	2075	uncounted	train	24986	0.50
1789523990	2075	uncounted	train	75424	1.00
1789523993	2075	uncounted	train	100000	1.29
1789523995	2075	uncounted	train	49301	0.78
1789523997	2075	uncounted	train	24986	0.54
1789523999	2075	uncounted	train	75424	1.04
1789524003	2075	uncounted	train	100000	1.33
1789524014	2166	counted	train	100000	1.10
1789524021	2233	uncounted	train	49301	0.72
1789524023	2233	uncounted	train	24986	0.51
1789524025	2233	uncounted	train	75424	0.94
1789524029	2233	uncounted	train	100000	1.06
1789524031	2233	uncounted	train	49301	0.70
1789524033	2233	uncounted	train	24986	0.52
1789524035	2233	uncounted	train	75424	1.03
1789524040	2233	uncounted	train	100000	1.32
1789524042	2233	uncounted	train	49301	0.81
1789524044	2233	uncounted	train	24986	0.54
1789524047	2233	uncounted	train	75424	0.91
1789524051	2233	uncounted	train	100000	1.09
1789524052	2233	uncounted	train	49301	0.70
1789524054	2233	uncounted	train	24986	0.52
1789524056	2233	uncounted	train	75424	0.96
1789524058	2233	uncounted	train	100000	1.18
1789524060	2233	uncounted	train	49301	0.77
1789524062	2233	uncounted	train	24986	0.52
1789524064	2233	uncounted	train	75424	0.91
1789524068	2233	uncounted	train	100000	1.20
1789524070	2233	uncounted	train	49301	0.70
1789524071	2233	uncounted	train	24986	0.51
1789524074	2233	uncounted	train	75424	0.96
1789524077	2233	uncounted	train	100000	1.23
1789524079	2233	uncounted	train	49301	0.37
1789524080	2233	uncounted	train	24986	0.28
1789524082	2233	uncounted	train	75424	0.48
1789524085	2233	uncounted	train	100000	0.55
1789524087	2233	uncounted	train	49301	1.02
1789524089	2233	uncounted	train	24986	0.74
1789524092	2233	uncounted	train	75424	1.48
1789524096	2233	uncounted	train	100000	1.94
1789524099	2233	uncounted	train	49301	1.05
1789524101	2233	uncounted	train	24986	0.71
1789524104	2233	uncounted	train	75424	1.30
1789524108	2233	uncounted	train	100000	1.52
1789524110	2233	uncounted	train	49301	0.53
1789524111	2233	uncounted	train	24986	0.38
1789524113	2233	uncounted	train	75424	0.72
1789524117	2233	uncounted	train	100000	0.89
1789524119	2233	uncounted	train	49301	0.79
1789524120	2233	uncounted	train	24986	0.55
1789524123	2233	uncounted	train	75424	0.96
1789524126	2233	uncounted	train	100000	1.15
1789524128	2233	uncounted	train	49301	0.74
1789524130	2233	uncounted	train	24986	0.51
1789524132	2233	uncounted	train	75424	0.92
1789524136	2233	uncounted	train	100000	1.20
1789524138	2233	uncounted	train	49301	0.78
1789524139	2233	uncounted	train	24986	0.52
1789524142	2233	uncounted	train	75424	1.00
1789524145	2233	uncounted	train	100000	1.20
1789524147	2233	uncounted	train	49301	0.75
1789524149	2233	uncounted	train	24986	0.57
1789524151	2233	uncounted	train	75424	0.90
1789524155	2233	uncounted	train	100000	1.18
1789524161	2274	counted	train	100000	1.12
1789524176	2373	uncounted	train	49301	0.71
1789524178	2373	uncounted	train	24986	0.75
1789524181	2373	uncounted	train	75424	1.05
1789524185	2373	uncounted	train	100000	1.22
1789524188	2373	uncounted	train	49301	0.80
1789524190	2373	uncounted	train	24986	0.53
1789524193	2373	uncounted	train	75424	0.99
1789524198	2373	uncounted	train	100000	1.16
1789524200	2373	uncounted	train	49301	0.76
1789524202	2373	uncounted	train	24986	0.50
1789524205	2373	uncounted	train	75424	0.94
1789524210	2373	uncounted	train	100000	1.26
1789524212	2373	uncounted	train	49301	0.79
1789524214	2373	uncounted	train	24986	0.54
1789524218	2373	uncounted	train	75424	1.02
1789524223	2373	uncounted	train	100000	1.17
1789524225	2373	uncounted	train	49301	0.71
1789524227	2373	uncounted	train	24986	0.54
1789524231	2373	uncounted	train	75424	1.02
1789524235	2373	uncounted	train	100000	1.11
1789524238	2373	uncounted	train	49301	0.67
1789524240	2373	uncounted	train	24986	0.48
1789524243	2373	uncounted	train	75424	0.94
1789524247	2373	uncounted	train	100000	1.21
1789524250	2373	uncounted	train	49301	0.72
1789524252	2373	uncounted	train	24986	0.49
1789524255	2373	uncounted	train	75424	0.97
1789524259	2373	uncounted	train	100000	1.09
1789524262	2373	uncounted	train	49301	0.72
1789524263	2373	uncounted	train	24986	0.50
1789524267	2373	uncounted	train	75424	0.93
1789524271	2373	uncounted	train	100000	1.15
1789524274	2373	uncounted	train	49301	0.73
1789524276	2373	uncounted	train	24986	0.54
1789524279	2373	uncounted	train	75424	0.90
1789524283	2373	uncounted	train	100000	1.16
1789524286	2373	uncounted	train	49301	0.74
1789524288	2373	uncounted	train	24986	0.52
1789524291	2373	uncounted	train	75424	0.98
1789524296	2373	uncounted	train	100000	1.12
1789524298	2373	uncounted	train	49301	0.71
1789524301	2373	uncounted	train	24986	0.51
1789524304	2373	uncounted	train	75424	1.05
1789524310	2373	uncounted	train	100000	1.26
1789524327	2428	uncounted	train	49301	0.66
1789524329	2428	uncounted	train	24986	0.53
1789524331	2428	uncounted	train	75424	0.95
1789524335	2428	uncounted	train	100000	1.15
1789524338	2428	uncounted	train	49301	0.78
1789524340	2428	uncounted	train	24986	0.53
1789524343	2428	uncounted	train	75424	0.88
1789524348	2428	uncounted	train	100000	1.13
1789524350	2428	uncounted	train	49301	0.73
1789524352	2428	uncounted	train	24986	0.51
1789524384	2428	uncounted	train	75424	29.60
1789524388	2428	uncounted	train	100000	1.00
1789524391	2428	uncounted	train	49301	0.64
1789524393	2428	uncounted	train	24986	0.44
1789524396	2428	uncounted	train	75424	0.84
1789524401	2428	uncounted	train	100000	1.14
1789524404	2428	uncounted	train	49301	0.71
1789524406	2428	uncounted	train	24986	0.46
1789524409	2428	uncounted	train	75424	0.90
1789524414	2428	uncounted	train	100000	1.19
1789524427	2483	uncounted	train	49301	0.69
1789524429	2483	uncounted	train	24986	0.53
1789524432	2483	uncounted	train	75424	0.91
1789524436	2483	uncounted	train	100000	1.31
1789524438	2483	uncounted	train	49301	0.69
1789524440	2483	uncounted	train	24986	0.52
1789524443	2483	uncounted	train	75424	0.96
1789524448	2483	uncounted	train	100000	1.17
1789524451	2483	uncounted	train	49301	0.73
1789524453	2483	uncounted	train	24986	0.52
1789524456	2483	uncounted	train	75424	1.05
1789524461	2483	uncounted	train	100000	1.35
1789524463	2483	uncounted	train	49301	0.71
1789524465	2483	uncounted	train	24986	0.50
1789524469	2483	uncounted	train	75424	0.94
1789524473	2483	uncounted	train	100000	1.15
1789524476	2483	uncounted	train	49301	0.73
1789524478	2483	uncounted	train	24986	0.50
1789524481	2483	uncounted	train	75424	1.01
1789524486	2483	uncounted	train	100000	1.06
1789524488	2483	uncounted	train	49301	0.65
1789524490	2483	uncounted	train	24986	0.49
1789524494	2483	uncounted	train	75424	0.91
1789524498	2483	uncounted	train	100000	1.30
1789524501	2483	uncounted	train	49301	0.73
1789524503	2483	uncounted	train	24986	0.51
1789524507	2483	uncounted	train	75424	1.00
1789524512	2483	uncounted	train	100000	1.22
1789524525	2574	counted	train	100000	1.18
1789524538	2673	uncounted	train	49301	0.67
1789524540	2673	uncounted	train	24986	0.50
1789524543	2673	uncounted	train	75424	0.95
1789524547	2673	uncounted	train	100000	1.12
1789524550	2673	uncounted	train	49301	0.62
1789524551	2673	uncounted	train	24986	0.46
1789524554	2673	uncounted	train	75424	0.92
1789524558	2673	uncounted	train	100000	1.17
1789524561	2673	uncounted	train	49301	0.67
1789524563	2673	uncounted	train	24986	0.52
1789524566	2673	uncounted	train	75424	0.97
1789524570	2673	uncounted	train	100000	1.18
1789524573	2673	uncounted	train	49301	0.71
1789524574	2673	uncounted	train	24986	0.49
1789524577	2673	uncounted	train	75424	0.91
1789524582	2673	uncounted	train	100000	1.20
1789524584	2673	uncounted	train	49301	0.74
1789524586	2673	uncounted	train	24986	0.54
1789524589	2673	uncounted	train	75424	1.05
1789524594	2673	uncounted	train	100000	1.15
1789524595	2673	uncounted	train	49301	0.68
1789524596	2673	uncounted	train	24986	0.48
1789524598	2673	uncounted	train	75424	0.96
1789524600	2673	uncounted	train	100000	1.13
1789524602	2673	uncounted	train	49301	0.71
1789524603	2673	uncounted	train	24986	0.48
1789524605	2673	uncounted	train	75424	0.89
1789524607	2673	uncounted	train	100000	1.18
1789524610	2673	uncounted	train	49301	0.79
1789524612	2673	uncounted	train	24986	0.58
1789524616	2673	uncounted	train	75424	1.03
1789524621	2673	uncounted	train	100000	1.25
1789524631	2728	uncounted	train	49301	0.70
1789524633	2728	uncounted	train	24986	0.53
1789524636	2728	uncounted	train	75424	1.03
1789524641	2728	uncounted	train	100000	1.17
1789524643	2728	uncounted	train	49301	0.37
1789524644	2728	uncounted	train	24986	0.23
1789524647	2728	uncounted	train	75424	0.46
1789524651	2728	uncounted	train	100000	0.59
1789524654	2728	uncounted	train	49301	1.17
1789524656	2728	uncounted	train	24986	0.75
1789524660	2728	uncounted	train	75424	1.56
1789524666	2728	uncounted	train	100000	1.84
1789524669	2728	uncounted	train	49301	0.99
1789524671	2728	uncounted	train	24986	0.73
1789524675	2728	uncounted	train	75424	1.34
1789524680	2728	uncounted	train	100000	1.41
1789524682	2728	uncounted	train	49301	0.33
1789524684	2728	uncounted	train	24986	0.19
1789524687	2728	uncounted	train	75424	0.34
1789524692	2728	uncounted	train	100000	1.45
1789524694	2728	uncounted	train	49301	0.74
1789524696	2728	uncounted	train	24986	0.52
1789524700	2728	uncounted	train	75424	0.98
1789524704	2728	uncounted	train	100000	1.15
1789524707	2728	uncounted	train	49301	0.78
1789524709	2728	uncounted	train	24986	0.53
1789524712	2728	uncounted	train	75424	0.96
1789524717	2728	uncounted	train	100000	1.27
1789524719	2728	uncounted	train	49301	0.73
1789524722	2728	uncounted	train	24986	0.52
1789524725	2728	uncounted	train	75424	1.00
1789524730	2728	uncounted	train	100000	1.20
1789524733	2728	uncounted	train	49301	0.79
1789524735	2728	uncounted	train	24986	0.53
1789524738	2728	uncounted	train	75424	1.03
1789524743	2728	uncounted	train	100000	1.32
1789524746	2728	uncounted	train	49301	0.78
1789524748	2728	uncounted	train	24986	0.53
1789524752	2728	uncounted	train	75424	1.06
1789524756	2728	uncounted	train	100000	1.28
1789524759	2728	uncounted	train	49301	0.74
1789524761	2728	uncounted	train	24986	0.50
1789524764	2728	uncounted	train	75424	0.98
1789524769	2728	uncounted	train	100000	1.17
1789524771	2728	uncounted	train	49301	0.70
1789524773	2728	uncounted	train	24986	0.51
1789524777	2728	uncounted	train	75424	0.96
1789524781	2728	uncounted	train	100000	1.20
1789524784	2728	uncounted	train	49301	0.82
1789524785	2728	uncounted	train	49301	0.83
1789524786	2728	uncounted	train	49301	0.82
1789524787	2728	uncounted	train	49301	0.79
1789524788	2728	uncounted	train	49301	0.79
1789524789	2728	uncounted	train	49301	0.81
1789524790	2728	uncounted	train	49301	0.83
1789524791	2728	uncounted	train	49301	0.81
1789524793	2728	uncounted	train	24986	0.55
1789524793	2728	uncounted	train	24986	0.55
1789524794	2728	uncounted	train	24986	0.53
1789524795	2728	uncounted	train	24986	0.59
1789524796	2728	uncounted	train	24986	0.55
1789524796	2728	uncounted	train	24986	0.55
1789524797	2728	uncounted	train	24986	0.57
1789524798	2728	uncounted	train	24986	0.54
1789524801	2728	uncounted	train	75424	1.08
1789524803	2728	uncounted	train	75424	1.06
1789524804	2728	uncounted	train	75424	1.08
1789524805	2728	uncounted	train	75424	1.07
1789524806	2728	uncounted	train	75424	1.07
1789524807	2728	uncounted	train	75424	1.07
1789524809	2728	uncounted	train	75424	1.06
1789524810	2728	uncounted	train	75424	1.06
1789524814	2728	uncounted	train	100000	1.36
1789524816	2728	uncounted	train	100000	1.33
1789524818	2728	uncounted	train	100000	1.26
1789524819	2728	uncounted	train	100000	1.30
1789524821	2728	uncounted	train	100000	1.27
1789524823	2728	uncounted	train	100000	1.27
1789524824	2728	uncounted	train	100000	1.31
1789524826	2728	uncounted	train	100000	1.25
1789524828	2728	uncounted	train	49301	0.73
1789524829	2728	uncounted	train	49301	0.74
1789524830	2728	uncounted	train	49301	0.77
1789524831	2728	uncounted	train	49301	0.74
1789524832	2728	uncounted	train	49301	0.75
1789524833	2728	uncounted	train	49301	0.71
1789524834	2728	uncounted	train	49301	0.72
1789524835	2728	uncounted	train	49301	0.76
1789524837	2728	uncounted	train	24986	0.49
1789524837	2728	uncounted	train	24986	0.50
1789524838	2728	uncounted	train	24986	0.50
1789524839	2728	uncounted	train	24986	0.51
1789524839	2728	uncounted	train	24986	0.52
1789524840	2728	uncounted	train	24986	0.50
1789524841	2728	uncounted	train	24986	0.49
1789524841	2728	uncounted	train	24986	0.51
1789524845	2728	uncounted	train	75424	1.00
1789524846	2728	uncounted	train	75424	1.02
1789524847	2728	uncounted	train	75424	1.01
1789524848	2728	uncounted	train	75424	1.01
1789524849	2728	uncounted	train	75424	1.00
1789524850	2728	uncounted	train	75424	1.00
1789524852	2728	uncounted	train	75424	0.98
1789524853	2728	uncounted	train	75424	0.98
1789524857	2728	uncounted	train	100000	1.24
1789524859	2728	uncounted	train	100000	1.28
1789524861	2728	uncounted	train	100000	1.25
1789524862	2728	uncounted	train	100000	1.26
1789524864	2728	uncounted	train	100000	1.26
1789524865	2728	uncounted	train	100000	1.23
1789524867	2728	uncounted	train	100000	1.22
1789524868	2728	uncounted	train	100000	1.21
1789524877	2786	uncounted	train	49301	0.33
1789524878	2786	uncounted	train	49301	0.32
1789524878	2786	uncounted	train	49301	0.36
1789524879	2786	uncounted	train	49301	0.36
1789524879	2786	uncounted	train	49301	0.34
1789524880	2786	uncounted	train	49301	0.35
1789524880	2786	uncounted	train	49301	0.35
1789524880	2786	uncounted	train	49301	0.35
1789524882	2786	uncounted	train	24986	0.22
1789524882	2786	uncounted	train	24986	0.23
1789524883	2786	uncounted	train	24986	0.23
1789524883	2786	uncounted	train	24986	0.23
1789524883	2786	uncounted	train	24986	0.23
1789524884	2786	uncounted	train	24986	0.24
1789524884	2786	uncounted	train	24986	0.24
1789524884	2786	uncounted	train	24986	0.23
1789524887	2786	uncounted	train	75424	0.49
1789524888	2786	uncounted	train	75424	0.54
1789524888	2786	uncounted	train	75424	0.53
1789524889	2786	uncounted	train	75424	0.52
1789524889	2786	uncounted	train	75424	0.51
1789524890	2786	uncounted	train	75424	0.51
1789524891	2786	uncounted	train	75424	0.51
1789524891	2786	uncounted	train	75424	0.50
1789524895	2786	uncounted	train	100000	0.64
1789524896	2786	uncounted	train	100000	0.65
1789524897	2786	uncounted	train	100000	0.65
1789524898	2786	uncounted	train	100000	0.62
1789524898	2786	uncounted	train	100000	0.62
1789524899	2786	uncounted	train	100000	0.67
1789524900	2786	uncounted	train	100000	0.65
1789524901	2786	uncounted	train	100000	0.68
1789524903	2786	uncounted	train	49301	0.72
1789524904	2786	uncounted	train	49301	0.73
1789524905	2786	uncounted	train	49301	0.72
1789524906	2786	uncounted	train	49301	0.74
1789524907	2786	uncounted	train	49301	0.72
1789524908	2786	uncounted	train	49301	0.74
1789524909	2786	uncounted	train	49301	0.72
1789524910	2786	uncounted	train	49301	0.72
1789524912	2786	uncounted	train	24986	0.59
1789524912	2786	uncounted	train	24986	0.50
1789524913	2786	uncounted	train	24986	0.47
1789524914	2786	uncounted	train	24986	0.47
1789524914	2786	uncounted	train	24986	0.48
1789524915	2786	uncounted	train	24986	0.49
1789524916	2786	uncounted	train	24986	0.50
1789524916	2786	uncounted	train	24986	0.48
1789524920	2786	uncounted	train	75424	0.99
1789524921	2786	uncounted	train	75424	0.94
1789524922	2786	uncounted	train	75424	0.96
1789524923	2786	uncounted	train	75424	0.94
1789524924	2786	uncounted	train	75424	0.94
1789524925	2786	uncounted	train	75424	0.94
1789524926	2786	uncounted	train	75424	0.95
1789524927	2786	uncounted	train	75424	1.01
1789524932	2786	uncounted	train	100000	1.22
1789524933	2786	uncounted	train	100000	1.21
1789524935	2786	uncounted	train	100000	1.34
1789524936	2786	uncounted	train	100000	1.31
1789524938	2786	uncounted	train	100000	1.27
1789524940	2786	uncounted	train	100000	1.30
1789524941	2786	uncounted	train	100000	1.31
1789524943	2786	uncounted	train	100000	1.27
1789524945	2786	uncounted	train	49301	0.72
1789524946	2786	uncounted	train	49301	0.73
1789524947	2786	uncounted	train	49301	0.74
1789524948	2786	uncounted	train	49301	0.73
1789524949	2786	uncounted	train	49301	0.71
1789524950	2786	uncounted	train	49301	0.75
1789524951	2786	uncounted	train	49301	0.75
1789524951	2786	uncounted	train	49301	0.74
1789524953	2786	uncounted	train	24986	0.49
1789524954	2786	uncounted	train	24986	0.49
1789524955	2786	uncounted	train	24986	0.52
1789524956	2786	uncounted	train	24986	0.49
1789524956	2786	uncounted	train	24986	0.47
1789524957	2786	uncounted	train	24986	0.49
1789524957	2786	uncounted	train	24986	0.48
1789524958	2786	uncounted	train	24986	0.48
1789524962	2786	uncounted	train	75424	1.06
1789524963	2786	uncounted	train	75424	1.03
1789524964	2786	uncounted	train	75424	1.00
1789524965	2786	uncounted	train	75424	1.00
1789524966	2786	uncounted	train	75424	1.02
1789524967	2786	uncounted	train	75424	1.01
1789524968	2786	uncounted	train	75424	1.00
1789524970	2786	uncounted	train	75424	1.00
1789524974	2786	uncounted	train	100000	1.17
1789524976	2786	uncounted	train	100000	1.21
1789524977	2786	uncounted	train	100000	1.28
1789524979	2786	uncounted	train	100000	1.24
1789524980	2786	uncounted	train	100000	1.26
1789524982	2786	uncounted	train	100000	1.28
1789524983	2786	uncounted	train	100000	1.24
1789524985	2786	uncounted	train	100000	1.24
1789524988	2786	uncounted	train	49301	0.82
1789524989	2786	uncounted	train	49301	0.81
1789524990	2786	uncounted	train	49301	0.82
1789524991	2786	uncounted	train	49301	0.80
1789524992	2786	uncounted	train	49301	0.79
1789524992	2786	uncounted	train	49301	0.80
1789524993	2786	uncounted	train	49301	0.84
1789524994	2786	uncounted	train	49301	0.79
1789524996	2786	uncounted	train	24986	0.53
1789524997	2786	uncounted	train	24986	0.53
1789524998	2786	uncounted	train	24986	0.53
1789524998	2786	uncounted	train	24986	0.51
1789524999	2786	uncounted	train	24986	0.51
1789525000	2786	uncounted	train	24986	0.51
1789525001	2786	uncounted	train	24986	0.53
1789525001	2786	uncounted	train	24986	0.53
1789525005	2786	uncounted	train	75424	1.17
1789525006	2786	uncounted	train	75424	1.07
1789525007	2786	uncounted	train	75424	1.08
1789525008	2786	uncounted	train	75424	1.09
1789525010	2786	uncounted	train	75424	1.09
1789525011	2786	uncounted	train	75424	1.09
1789525012	2786	uncounted	train	75424	1.10
1789525013	2786	uncounted	train	75424	1.06
1789525018	2786	uncounted	train	100000	1.36
1789525020	2786	uncounted	train	100000	1.39
1789525021	2786	uncounted	train	100000	1.38
1789525023	2786	uncounted	train	100000	1.38
1789525025	2786	uncounted	train	100000	1.42
1789525026	2786	uncounted	train	100000	1.32
1789525028	2786	uncounted	train	100000	1.37
1789525030	2786	uncounted	train	100000	1.34
1789525032	2786	uncounted	train	49301	0.79
1789525033	2786	uncounted	train	49301	0.73
1789525034	2786	uncounted	train	49301	0.73
1789525035	2786	uncounted	train	49301	0.73
1789525036	2786	uncounted	train	49301	0.76
1789525037	2786	uncounted	train	49301	0.76
1789525038	2786	uncounted	train	49301	0.73
1789525039	2786	uncounted	train	49301	0.74
1789525040	2786	uncounted	train	49301	0.81
1789525041	2786	uncounted	train	49301	0.82
1789525042	2786	uncounted	train	49301	0.76
1789525042	2786	uncounted	train	49301	0.78
1789525044	2786	uncounted	train	24986	0.48
1789525045	2786	uncounted	train	24986	0.49
1789525046	2786	uncounted	train	24986	0.50
1789525046	2786	uncounted	train	24986	0.51
1789525047	2786	uncounted	train	24986	0.52
1789525048	2786	uncounted	train	24986	0.48
1789525048	2786	uncounted	train	24986	0.47
1789525049	2786	uncounted	train	24986	0.48
1789525050	2786	uncounted	train	24986	0.49
1789525050	2786	uncounted	train	24986	0.48
1789525051	2786	uncounted	train	24986	0.49
1789525052	2786	uncounted	train	24986	0.50
1789525055	2786	uncounted	train	75424	1.00
1789525056	2786	uncounted	train	75424	0.96
1789525057	2786	uncounted	train	75424	0.95
1789525058	2786	uncounted	train	75424	0.98
1789525060	2786	uncounted	train	75424	0.97
1789525061	2786	uncounted	train	75424	0.95
1789525062	2786	uncounted	train	75424	0.99
1789525063	2786	uncounted	train	75424	0.98
1789525064	2786	uncounted	train	75424	1.01
1789525065	2786	uncounted	train	75424	0.98
1789525066	2786	uncounted	train	75424	0.98
1789525067	2786	uncounted	train	75424	0.98
1789525072	2786	uncounted	train	100000	1.30
1789525073	2786	uncounted	train	100000	1.27
1789525075	2786	uncounted	train	100000	1.31
1789525077	2786	uncounted	train	100000	1.29
1789525078	2786	uncounted	train	100000	1.26
1789525080	2786	uncounted	train	100000	1.28
1789525081	2786	uncounted	train	100000	1.29
1789525083	2786	uncounted	train	100000	1.26
1789525084	2786	uncounted	train	100000	1.24
1789525086	2786	uncounted	train	100000	1.24
1789525088	2786	uncounted	train	100000	1.29
1789525089	2786	uncounted	train	100000	1.27
1789525092	2786	uncounted	train	49301	0.72
1789525094	2786	uncounted	train	24986	0.50
1789525097	2786	uncounted	train	75424	1.02
1789525102	2786	uncounted	train	100000	1.22
1789525104	2786	uncounted	train	49301	0.29
1789525105	2786	uncounted	train	49301	0.29
1789525105	2786	uncounted	train	49301	0.30
1789525105	2786	uncounted	train	49301	0.30
1789525106	2786	uncounted	train	49301	0.29
1789525106	2786	uncounted	train	49301	0.29
1789525106	2786	uncounted	train	49301	0.29
1789525107	2786	uncounted	train	49301	0.29
1789525108	2786	uncounted	train	24986	0.20
1789525109	2786	uncounted	train	24986	0.19
1789525109	2786	uncounted	train	24986	0.18
1789525109	2786	uncounted	train	24986	0.19
1789525109	2786	uncounted	train	24986	0.19
1789525110	2786	uncounted	train	24986	0.18
1789525110	2786	uncounted	train	24986	0.18
1789525110	2786	uncounted	train	24986	0.18
1789525113	2786	uncounted	train	75424	0.44
1789525113	2786	uncounted	train	75424	0.41
1789525114	2786	uncounted	train	75424	0.41
1789525114	2786	uncounted	train	75424	0.41
1789525115	2786	uncounted	train	75424	0.43
1789525115	2786	uncounted	train	75424	0.42
1789525116	2786	uncounted	train	75424	0.43
1789525116	2786	uncounted	train	75424	0.42
1789525120	2786	uncounted	train	100000	0.48
1789525121	2786	uncounted	train	100000	0.47
1789525122	2786	uncounted	train	100000	0.48
1789525122	2786	uncounted	train	100000	0.49
1789525123	2786	uncounted	train	100000	0.50
1789525124	2786	uncounted	train	100000	0.50
1789525124	2786	uncounted	train	100000	0.50
1789525125	2786	uncounted	train	100000	0.49
1789525137	2877	counted	train	100000	1.19
1789525148	2980	counted	train	100000	1.17
1789525149	2980	counted	train	100000	1.15
1789525150	2980	counted	train	100000	1.22
1789525152	2980	counted	train	100000	1.23
1789525153	2980	counted	train	100000	1.20
1789525154	2980	counted	train	100000	1.24
1789525156	2980	counted	train	100000	1.21
1789525157	2980	counted	train	100000	1.22
1789525173	3047	uncounted	train	49301	0.72
1789525174	3047	uncounted	train	49301	0.66
1789525174	3047	uncounted	train	49301	0.74
1789525175	3047	uncounted	train	49301	0.75
1789525176	3047	uncounted	train	49301	0.73
1789525177	3047	uncounted	train	49301	0.71
1789525178	3047	uncounted	train	49301	0.69
1789525179	3047	uncounted	train	49301	0.66
1789525180	3047	uncounted	train	24986	0.43
1789525181	3047	uncounted	train	24986	0.45
1789525182	3047	uncounted	train	24986	0.43
1789525182	3047	uncounted	train	24986	0.43
1789525183	3047	uncounted	train	24986	0.45
1789525183	3047	uncounted	train	24986	0.43
1789525184	3047	uncounted	train	24986	0.41
1789525185	3047	uncounted	train	24986	0.44
1789525188	3047	uncounted	train	75424	0.97
1789525189	3047	uncounted	train	75424	0.95
1789525190	3047	uncounted	train	75424	0.94
1789525191	3047	uncounted	train	75424	0.94
1789525192	3047	uncounted	train	75424	0.94
1789525193	3047	uncounted	train	75424	0.95
1789525194	3047	uncounted	train	75424	0.94
1789525195	3047	uncounted	train	75424	0.91
1789525200	3047	uncounted	train	100000	1.21
1789525201	3047	uncounted	train	100000	1.24
1789525203	3047	uncounted	train	100000	1.23
1789525204	3047	uncounted	train	100000	1.18
1789525206	3047	uncounted	train	100000	1.20
1789525207	3047	uncounted	train	100000	1.16
1789525209	3047	uncounted	train	100000	1.23
1789525210	3047	uncounted	train	100000	1.21
1789525219	3122	uncounted	train	49301	0.65
1789525220	3122	uncounted	train	49301	0.69
1789525221	3122	uncounted	train	49301	0.69
1789525222	3122	uncounted	train	49301	0.71
1789525223	3122	uncounted	train	49301	0.74
1789525223	3122	uncounted	train	49301	0.71
1789525224	3122	uncounted	train	49301	0.71
1789525225	3122	uncounted	train	49301	0.73
1789525227	3122	uncounted	train	24986	0.50
1789525228	3122	uncounted	train	24986	0.50
1789525228	3122	uncounted	train	24986	0.51
1789525229	3122	uncounted	train	24986	0.50
1789525230	3122	uncounted	train	24986	0.48
1789525230	3122	uncounted	train	24986	0.48
1789525231	3122	uncounted	train	24986	0.47
1789525232	3122	uncounted	train	24986	0.49
1789525235	3122	uncounted	train	75424	0.99
1789525236	3122	uncounted	train	75424	1.01
1789525237	3122	uncounted	train	75424	1.02
1789525238	3122	uncounted	train	75424	1.01
1789525239	3122	uncounted	train	75424	1.05
1789525240	3122	uncounted	train	75424	1.01
1789525242	3122	uncounted	train	75424	1.02
1789525243	3122	uncounted	train	75424	1.01
1789525247	3122	uncounted	train	100000	1.29
1789525249	3122	uncounted	train	100000	1.31
1789525251	3122	uncounted	train	100000	1.28
1789525252	3122	uncounted	train	100000	1.30
1789525254	3122	uncounted	train	100000	1.24
1789525255	3122	uncounted	train	100000	1.27
1789525257	3122	uncounted	train	100000	1.26
1789525258	3122	uncounted	train	100000	1.22
1789525261	3122	uncounted	train	49301	0.74
1789525262	3122	uncounted	train	49301	0.74
1789525263	3122	uncounted	train	49301	0.75
1789525263	3122	uncounted	train	49301	0.74
1789525264	3122	uncounted	train	49301	0.74
1789525265	3122	uncounted	train	49301	0.74
1789525266	3122	uncounted	train	49301	0.74
1789525267	3122	uncounted	train	49301	0.75
1789525269	3122	uncounted	train	24986	0.48
1789525269	3122	uncounted	train	24986	0.47
1789525270	3122	uncounted	train	24986	0.47
1789525271	3122	uncounted	train	24986	0.47
1789525271	3122	uncounted	train	24986	0.49
1789525272	3122	uncounted	train	24986	0.47
1789525273	3122	uncounted	train	24986	0.46
1789525273	3122	uncounted	train	24986	0.47
1789525277	3122	uncounted	train	75424	1.00
1789525278	3122	uncounted	train	75424	1.02
1789525279	3122	uncounted	train	75424	1.03
1789525280	3122	uncounted	train	75424	1.00
1789525281	3122	uncounted	train	75424	1.00
1789525282	3122	uncounted	train	75424	1.00
1789525283	3122	uncounted	train	75424	1.01
1789525284	3122	uncounted	train	75424	0.98
1789525289	3122	uncounted	train	100000	1.27
1789525291	3122	uncounted	train	100000	1.32
1789525292	3122	uncounted	train	100000	1.31
1789525294	3122	uncounted	train	100000	1.31
1789525296	3122	uncounted	train	100000	1.29
1789525297	3122	uncounted	train	100000	1.28
1789525299	3122	uncounted	train	100000	1.29
1789525300	3122	uncounted	train	100000	1.25
1789525303	3122	uncounted	train	49301	0.69
1789525304	3122	uncounted	train	49301	0.69
1789525304	3122	uncounted	train	49301	0.69
1789525305	3122	uncounted	train	49301	0.70
1789525306	3122	uncounted	train	49301	0.72
1789525307	3122	uncounted	train	49301	0.71
1789525308	3122	uncounted	train	49301	0.72
1789525309	3122	uncounted	train	49301	0.73
1789525311	3122	uncounted	train	24986	0.47
1789525311	3122	uncounted	train	24986	0.47
1789525312	3122	uncounted	train	24986	0.47
1789525313	3122	uncounted	train	24986	0.51
1789525313	3122	uncounted	train	24986	0.50
1789525314	3122	uncounted	train	24986	0.50
1789525315	3122	uncounted	train	24986	0.48
1789525315	3122	uncounted	train	24986	0.48
1789525319	3122	uncounted	train	75424	1.01
1789525320	3122	uncounted	train	75424	1.06
1789525321	3122	uncounted	train	75424	1.01
1789525322	3122	uncounted	train	75424	1.01
1789525323	3122	uncounted	train	75424	1.01
1789525324	3122	uncounted	train	75424	0.97
1789525326	3122	uncounted	train	75424	0.99
1789525327	3122	uncounted	train	75424	0.96
1789525331	3122	uncounted	train	100000	1.28
1789525333	3122	uncounted	train	100000	1.28
1789525334	3122	uncounted	train	100000	1.29
1789525336	3122	uncounted	train	100000	1.34
1789525338	3122	uncounted	train	100000	1.33
1789525339	3122	uncounted	train	100000	1.25
1789525341	3122	uncounted	train	100000	1.30
1789525342	3122	uncounted	train	100000	1.25
1789525345	3122	uncounted	train	49301	0.73
1789525346	3122	uncounted	train	49301	0.72
1789525347	3122	uncounted	train	49301	0.74
1789525348	3122	uncounted	train	49301	0.74
1789525349	3122	uncounted	train	49301	0.73
1789525349	3122	uncounted	train	49301	0.70
1789525350	3122	uncounted	train	49301	0.70
1789525351	3122	uncounted	train	49301	0.72
1789525353	3122	uncounted	train	24986	0.49
1789525354	3122	uncounted	train	24986	0.81
1789525355	3122	uncounted	train	24986	0.51
1789525355	3122	uncounted	train	24986	0.50
1789525356	3122	uncounted	train	24986	0.51
1789525357	3122	uncounted	train	24986	0.47
1789525357	3122	uncounted	train	24986	0.47
1789525358	3122	uncounted	train	24986	0.47
1789525361	3122	uncounted	train	75424	0.95
1789525362	3122	uncounted	train	75424	0.96
1789525363	3122	uncounted	train	75424	1.00
1789525364	3122	uncounted	train	75424	0.98
1789525366	3122	uncounted	train	75424	0.96
1789525367	3122	uncounted	train	75424	0.96
1789525368	3122	uncounted	train	75424	0.98
1789525369	3122	uncounted	train	75424	0.96
1789525373	3122	uncounted	train	100000	1.27
1789525375	3122	uncounted	train	100000	1.28
1789525377	3122	uncounted	train	100000	1.26
1789525378	3122	uncounted	train	100000	1.31
1789525380	3122	uncounted	train	100000	1.29
1789525381	3122	uncounted	train	100000	1.27
1789525383	3122	uncounted	train	100000	1.27
1789525384	3122	uncounted	train	100000	1.25
1789525387	3122	uncounted	train	49301	0.75
1789525388	3122	uncounted	train	49301	0.73
1789525389	3122	uncounted	train	49301	0.72
1789525390	3122	uncounted	train	49301	0.74
1789525391	3122	uncounted	train	49301	0.70
1789525392	3122	uncounted	train	49301	0.77
1789525392	3122	uncounted	train	49301	0.75
1789525393	3122	uncounted	train	49301	0.75
1789525395	3122	uncounted	train	24986	0.48
1789525396	3122	uncounted	train	24986	0.49
1789525397	3122	uncounted	train	24986	0.49
1789525397	3122	uncounted	train	24986	0.50
1789525398	3122	uncounted	train	24986	0.50
1789525399	3122	uncounted	train	24986	0.49
1789525399	3122	uncounted	train	24986	0.47
1789525400	3122	uncounted	train	24986	0.47
1789525403	3122	uncounted	train	75424	0.95
1789525404	3122	uncounted	train	75424	1.02
1789525406	3122	uncounted	train	75424	1.03
1789525407	3122	uncounted	train	75424	0.96
1789525408	3122	uncounted	train	75424	0.97
1789525409	3122	uncounted	train	75424	0.93
1789525410	3122	uncounted	train	75424	0.97
1789525411	3122	uncounted	train	75424	0.98
1789525416	3122	uncounted	train	100000	1.28
1789525417	3122	uncounted	train	100000	1.32
1789525419	3122	uncounted	train	100000	1.30
1789525420	3122	uncounted	train	100000	1.29
1789525422	3122	uncounted	train	100000	1.26
1789525423	3122	uncounted	train	100000	1.20
1789525425	3122	uncounted	train	100000	1.24
1789525426	3122	uncounted	train	100000	1.20
1789525429	3122	uncounted	train	49301	0.74
1789525430	3122	uncounted	train	49301	0.71
1789525431	3122	uncounted	train	49301	0.72
1789525432	3122	uncounted	train	49301	0.73
1789525433	3122	uncounted	train	49301	0.74
1789525433	3122	uncounted	train	49301	0.72
1789525434	3122	uncounted	train	49301	0.71
1789525435	3122	uncounted	train	49301	0.73
1789525437	3122	uncounted	train	24986	0.49
1789525438	3122	uncounted	train	24986	0.48
1789525438	3122	uncounted	train	24986	0.48
1789525439	3122	uncounted	train	24986	0.51
1789525440	3122	uncounted	train	24986	0.48
1789525440	3122	uncounted	train	24986	0.51
1789525441	3122	uncounted	train	24986	0.49
1789525442	3122	uncounted	train	24986	0.48
1789525445	3122	uncounted	train	75424	1.01
1789525446	3122	uncounted	train	75424	1.02
1789525447	3122	uncounted	train	75424	1.04
1789525448	3122	uncounted	train	75424	1.05
1789525450	3122	uncounted	train	75424	1.05
1789525451	3122	uncounted	train	75424	1.02
1789525452	3122	uncounted	train	75424	1.01
1789525453	3122	uncounted	train	75424	0.99
1789525458	3122	uncounted	train	100000	1.25
1789525459	3122	uncounted	train	100000	1.21
1789525461	3122	uncounted	train	100000	1.14
1789525462	3122	uncounted	train	100000	1.12
1789525463	3122	uncounted	train	100000	1.15
1789525465	3122	uncounted	train	100000	1.14
1789525466	3122	uncounted	train	100000	1.15
1789525468	3122	uncounted	train	100000	1.20
1789525474	3147	uncounted	train	49301	0.73
1789525475	3147	uncounted	train	49301	0.75
1789525476	3147	uncounted	train	49301	0.71
1789525477	3147	uncounted	train	49301	0.70
1789525477	3147	uncounted	train	49301	0.69
1789525478	3147	uncounted	train	49301	0.73
1789525479	3147	uncounted	train	49301	0.71
1789525480	3147	uncounted	train	49301	0.69
1789525482	3147	uncounted	train	24986	0.48
1789525482	3147	uncounted	train	24986	0.47
1789525483	3147	uncounted	train	24986	0.49
1789525484	3147	uncounted	train	24986	0.50
1789525484	3147	uncounted	train	24986	0.46
1789525485	3147	uncounted	train	24986	0.48
1789525486	3147	uncounted	train	24986	0.47
1789525486	3147	uncounted	train	24986	0.49
1789525490	3147	uncounted	train	75424	0.99
1789525491	3147	uncounted	train	75424	0.98
1789525492	3147	uncounted	train	75424	1.00
1789525493	3147	uncounted	train	75424	1.00
1789525494	3147	uncounted	train	75424	0.99
1789525495	3147	uncounted	train	75424	0.99
1789525496	3147	uncounted	train	75424	0.97
1789525497	3147	uncounted	train	75424	1.00
1789525502	3147	uncounted	train	100000	1.31
1789525503	3147	uncounted	train	100000	1.26
1789525505	3147	uncounted	train	100000	1.31
1789525507	3147	uncounted	train	100000	1.31
1789525508	3147	uncounted	train	100000	1.31
1789525510	3147	uncounted	train	100000	1.31
1789525511	3147	uncounted	train	100000	1.21
1789525513	3147	uncounted	train	100000	1.25
1789525516	3147	uncounted	train	49301	0.74
1789525517	3147	uncounted	train	49301	0.74
1789525518	3147	uncounted	train	49301	0.76
1789525519	3147	uncounted	train	49301	0.71
1789525520	3147	uncounted	train	49301	0.76
1789525520	3147	uncounted	train	49301	0.76
1789525521	3147	uncounted	train	49301	0.74
1789525522	3147	uncounted	train	49301	0.72
1789525524	3147	uncounted	train	24986	0.49
1789525525	3147	uncounted	train	24986	0.48
1789525526	3147	uncounted	train	24986	0.49
1789525526	3147	uncounted	train	24986	0.47
1789525527	3147	uncounted	train	24986	0.48
1789525528	3147	uncounted	train	24986	0.48
1789525528	3147	uncounted	train	24986	0.47
1789525529	3147	uncounted	train	24986	0.50
1789525533	3147	uncounted	train	75424	0.94
1789525534	3147	uncounted	train	75424	0.92
1789525535	3147	uncounted	train	75424	0.93
1789525536	3147	uncounted	train	75424	0.94
1789525537	3147	uncounted	train	75424	0.96
1789525538	3147	uncounted	train	75424	0.96
1789525539	3147	uncounted	train	75424	0.97
1789525540	3147	uncounted	train	75424	0.96
1789525546	3147	uncounted	train	100000	1.22
1789525548	3147	uncounted	train	100000	1.30
1789525549	3147	uncounted	train	100000	1.30
1789525551	3147	uncounted	train	100000	1.31
1789525552	3147	uncounted	train	100000	1.32
1789525554	3147	uncounted	train	100000	1.28
1789525556	3147	uncounted	train	100000	1.37
1789525557	3147	uncounted	train	100000	1.31
1789525561	3147	uncounted	train	49301	0.77
1789525562	3147	uncounted	train	49301	0.77
1789525563	3147	uncounted	train	49301	0.76
1789525564	3147	uncounted	train	49301	0.76
1789525564	3147	uncounted	train	49301	0.73
1789525565	3147	uncounted	train	49301	0.74
1789525566	3147	uncounted	train	49301	0.75
1789525567	3147	uncounted	train	49301	0.78
1789525569	3147	uncounted	train	24986	0.49
1789525570	3147	uncounted	train	24986	0.49
1789525571	3147	uncounted	train	24986	0.50
1789525571	3147	uncounted	train	24986	0.49
1789525572	3147	uncounted	train	24986	0.50
1789525573	3147	uncounted	train	24986	0.50
1789525573	3147	uncounted	train	24986	0.49
1789525574	3147	uncounted	train	24986	0.49
1789525578	3147	uncounted	train	75424	1.01
1789525579	3147	uncounted	train	75424	1.02
1789525580	3147	uncounted	train	75424	0.99
1789525581	3147	uncounted	train	75424	1.00
1789525583	3147	uncounted	train	75424	1.01
1789525584	3147	uncounted	train	75424	1.02
1789525585	3147	uncounted	train	75424	1.04
1789525586	3147	uncounted	train	75424	1.00
1789525592	3147	uncounted	train	100000	1.27
1789525593	3147	uncounted	train	100000	1.31
1789525595	3147	uncounted	train	100000	1.27
1789525596	3147	uncounted	train	100000	1.27
1789525598	3147	uncounted	train	100000	1.30
1789525600	3147	uncounted	train	100000	1.34
1789525601	3147	uncounted	train	100000	1.30
1789525603	3147	uncounted	train	100000	1.27
1789525606	3147	uncounted	train	49301	0.74
1789525607	3147	uncounted	train	49301	0.73
1789525608	3147	uncounted	train	49301	0.73
1789525609	3147	uncounted	train	49301	0.78
1789525610	3147	uncounted	train	49301	0.79
1789525611	3147	uncounted	train	49301	0.85
1789525611	3147	uncounted	train	49301	0.75
1789525612	3147	uncounted	train	49301	0.79
1789525615	3147	uncounted	train	24986	0.54
1789525615	3147	uncounted	train	24986	0.52
1789525616	3147	uncounted	train	24986	0.51
1789525617	3147	uncounted	train	24986	0.50
1789525617	3147	uncounted	train	24986	0.49
1789525618	3147	uncounted	train	24986	0.50
1789525619	3147	uncounted	train	24986	0.49
1789525619	3147	uncounted	train	24986	0.51
1789525624	3147	uncounted	train	75424	0.95
1789525625	3147	uncounted	train	75424	0.95
1789525626	3147	uncounted	train	75424	0.91
1789525627	3147	uncounted	train	75424	0.93
1789525628	3147	uncounted	train	75424	0.94
1789525629	3147	uncounted	train	75424	0.91
1789525630	3147	uncounted	train	75424	0.93
1789525631	3147	uncounted	train	75424	0.92
1789525637	3147	uncounted	train	100000	1.20
1789525638	3147	uncounted	train	100000	1.22
1789525640	3147	uncounted	train	100000	1.24
1789525641	3147	uncounted	train	100000	1.20
1789525643	3147	uncounted	train	100000	1.23
1789525644	3147	uncounted	train	100000	1.30
1789525646	3147	uncounted	train	100000	1.24
1789525647	3147	uncounted	train	100000	1.23
1789525650	3147	uncounted	train	49301	0.78
1789525651	3147	uncounted	train	49301	0.76
1789525652	3147	uncounted	train	49301	0.72
1789525653	3147	uncounted	train	49301	0.73
1789525654	3147	uncounted	train	49301	0.70
1789525655	3147	uncounted	train	49301	0.75
1789525656	3147	uncounted	train	49301	0.78
1789525657	3147	uncounted	train	49301	0.72
1789525659	3147	uncounted	train	24986	0.48
1789525659	3147	uncounted	train	24986	0.49
1789525660	3147	uncounted	train	24986	0.48
1789525661	3147	uncounted	train	24986	0.48
1789525661	3147	uncounted	train	24986	0.48
1789525662	3147	uncounted	train	24986	0.50
1789525663	3147	uncounted	train	24986	0.48
1789525663	3147	uncounted	train	24986	0.48
1789525668	3147	uncounted	train	75424	1.06
1789525669	3147	uncounted	train	75424	0.99
1789525670	3147	uncounted	train	75424	1.03
1789525671	3147	uncounted	train	75424	1.03
1789525672	3147	uncounted	train	75424	1.03
1789525673	3147	uncounted	train	75424	1.04
1789525674	3147	uncounted	train	75424	1.02
1789525676	3147	uncounted	train	75424	1.02
1789525682	3147	uncounted	train	100000	1.30
1789525683	3147	uncounted	train	100000	1.27
1789525685	3147	uncounted	train	100000	1.20
1789525686	3147	uncounted	train	100000	1.22
1789525688	3147	uncounted	train	100000	1.23
1789525689	3147	uncounted	train	100000	1.21
1789525691	3147	uncounted	train	100000	1.19
1789525692	3147	uncounted	train	100000	1.19
1789525696	3147	uncounted	train	49301	0.74
1789525697	3147	uncounted	train	49301	0.76
1789525697	3147	uncounted	train	49301	0.75
1789525698	3147	uncounted	train	49301	0.77
1789525699	3147	uncounted	train	49301	0.74
1789525700	3147	uncounted	train	49301	0.74
1789525701	3147	uncounted	train	49301	0.75
1789525702	3147	uncounted	train	49301	0.76
1789525705	3147	uncounted	train	24986	0.50
1789525705	3147	uncounted	train	24986	0.50
1789525706	3147	uncounted	train	24986	0.50
1789525707	3147	uncounted	train	24986	0.50
1789525707	3147	uncounted	train	24986	0.49
1789525708	3147	uncounted	train	24986	0.49
1789525709	3147	uncounted	train	24986	0.50
1789525709	3147	uncounted	train	24986	0.50
1789525714	3147	uncounted	train	75424	1.02
1789525715	3147	uncounted	train	75424	1.00
1789525716	3147	uncounted	train	75424	1.06
1789525717	3147	uncounted	train	75424	0.98
1789525718	3147	uncounted	train	75424	0.98
1789525720	3147	uncounted	train	75424	0.98
1789525721	3147	uncounted	train	75424	0.98
1789525722	3147	uncounted	train	75424	1.02
1789525728	3147	uncounted	train	100000	1.28
1789525730	3147	uncounted	train	100000	1.24
1789525732	3147	uncounted	train	100000	1.29
1789525733	3147	uncounted	train	100000	1.30
1789525735	3147	uncounted	train	100000	1.29
1789525736	3147	uncounted	train	100000	1.32
1789525738	3147	uncounted	train	100000	1.30
1789525740	3147	uncounted	train	100000	1.35
1789525756	3202	uncounted	train	49301	0.69
1789525757	3202	uncounted	train	49301	0.71
1789525758	3202	uncounted	train	49301	0.74
1789525759	3202	uncounted	train	49301	0.75
1789525760	3202	uncounted	train	49301	0.70
1789525760	3202	uncounted	train	49301	0.71
1789525761	3202	uncounted	train	49301	0.72
1789525762	3202	uncounted	train	49301	0.76
1789525764	3202	uncounted	train	24986	0.49
1789525765	3202	uncounted	train	24986	0.47
1789525765	3202	uncounted	train	24986	0.47
1789525766	3202	uncounted	train	24986	0.48
1789525767	3202	uncounted	train	24986	0.48
1789525767	3202	uncounted	train	24986	0.47
1789525768	3202	uncounted	train	24986	0.48
1789525768	3202	uncounted	train	24986	0.47
1789525771	3202	uncounted	train	75424	0.92
1789525772	3202	uncounted	train	75424	0.89
1789525773	3202	uncounted	train	75424	0.94
1789525775	3202	uncounted	train	75424	0.97
1789525776	3202	uncounted	train	75424	0.92
1789525777	3202	uncounted	train	75424	0.94
1789525778	3202	uncounted	train	75424	0.93
1789525779	3202	uncounted	train	75424	0.94
1789525783	3202	uncounted	train	100000	1.17
1789525784	3202	uncounted	train	100000	1.16
1789525786	3202	uncounted	train	100000	1.14
1789525787	3202	uncounted	train	100000	1.01
1789525788	3202	uncounted	train	100000	1.08
1789525790	3202	uncounted	train	100000	1.02
1789525791	3202	uncounted	train	100000	0.99
1789525792	3202	uncounted	train	100000	0.99
1789525795	3202	uncounted	train	49301	0.70
1789525796	3202	uncounted	train	49301	0.68
1789525797	3202	uncounted	train	49301	0.74
1789525798	3202	uncounted	train	49301	0.74
1789525799	3202	uncounted	train	49301	0.76
1789525800	3202	uncounted	train	49301	0.74
1789525800	3202	uncounted	train	49301	0.75
1789525801	3202	uncounted	train	49301	0.76
1789525803	3202	uncounted	train	24986	0.49
1789525804	3202	uncounted	train	24986	0.50
1789525805	3202	uncounted	train	24986	0.48
1789525806	3202	uncounted	train	24986	0.48
1789525806	3202	uncounted	train	24986	0.48
1789525807	3202	uncounted	train	24986	0.48
1789525807	3202	uncounted	train	24986	0.50
1789525808	3202	uncounted	train	24986	0.61
1789525812	3202	uncounted	train	75424	0.99
1789525813	3202	uncounted	train	75424	0.95
1789525814	3202	uncounted	train	75424	0.97
1789525815	3202	uncounted	train	75424	0.99
1789525816	3202	uncounted	train	75424	0.96
1789525817	3202	uncounted	train	75424	0.93
1789525818	3202	uncounted	train	75424	0.96
1789525820	3202	uncounted	train	75424	0.95
1789525825	3202	uncounted	train	100000	1.29
1789525826	3202	uncounted	train	100000	1.27
1789525828	3202	uncounted	train	100000	1.31
1789525830	3202	uncounted	train	100000	1.39
1789525831	3202	uncounted	train	100000	1.31
1789525833	3202	uncounted	train	100000	1.27
1789525834	3202	uncounted	train	100000	1.24
1789525836	3202	uncounted	train	100000	1.26
1789525839	3202	uncounted	train	49301	0.77
1789525840	3202	uncounted	train	49301	0.73
1789525841	3202	uncounted	train	49301	0.73
1789525842	3202	uncounted	train	49301	0.74
1789525843	3202	uncounted	train	49301	0.76
1789525844	3202	uncounted	train	49301	0.75
1789525845	3202	uncounted	train	49301	0.74
1789525846	3202	uncounted	train	49301	0.75
1789525848	3202	uncounted	train	24986	0.48
1789525849	3202	uncounted	train	24986	0.48
1789525849	3202	uncounted	train	24986	0.48
1789525850	3202	uncounted	train	24986	0.48
1789525851	3202	uncounted	train	24986	0.49
1789525851	3202	uncounted	train	24986	0.47
1789525852	3202	uncounted	train	24986	0.46
1789525853	3202	uncounted	train	24986	0.47
1789525857	3202	uncounted	train	75424	0.96
1789525859	3202	uncounted	train	75424	1.02
1789525860	3202	uncounted	train	75424	1.01
1789525861	3202	uncounted	train	75424	1.03
1789525862	3202	uncounted	train	75424	1.01
1789525863	3202	uncounted	train	75424	0.99
1789525864	3202	uncounted	train	75424	0.93
1789525865	3202	uncounted	train	75424	0.93
1789525872	3202	uncounted	train	100000	1.12
1789525873	3202	uncounted	train	100000	1.17
1789525875	3202	uncounted	train	100000	1.17
1789525876	3202	uncounted	train	100000	1.23
1789525878	3202	uncounted	train	100000	1.25
1789525879	3202	uncounted	train	100000	1.26
1789525881	3202	uncounted	train	100000	1.23
1789525882	3202	uncounted	train	100000	1.23
1789525885	3202	uncounted	train	49301	0.78
1789525886	3202	uncounted	train	49301	0.77
1789525887	3202	uncounted	train	49301	0.75
1789525888	3202	uncounted	train	49301	0.74
1789525889	3202	uncounted	train	49301	0.74
1789525889	3202	uncounted	train	49301	0.75
1789525890	3202	uncounted	train	49301	0.74
1789525891	3202	uncounted	train	49301	0.75
1789525892	3202	uncounted	train	49301	0.74
1789525893	3202	uncounted	train	49301	0.77
1789525894	3202	uncounted	train	49301	0.74
1789525895	3202	uncounted	train	49301	0.75
1789525896	3202	uncounted	train	49301	0.78
1789525897	3202	uncounted	train	49301	0.81
1789525898	3202	uncounted	train	49301	0.78
1789525898	3202	uncounted	train	49301	0.74
1789525900	3202	uncounted	train	24986	0.48
1789525901	3202	uncounted	train	24986	0.50
1789525902	3202	uncounted	train	24986	0.50
1789525903	3202	uncounted	train	24986	0.51
1789525903	3202	uncounted	train	24986	0.50
1789525904	3202	uncounted	train	24986	0.50
1789525905	3202	uncounted	train	24986	0.50
1789525905	3202	uncounted	train	24986	0.49
1789525906	3202	uncounted	train	24986	0.50
1789525907	3202	uncounted	train	24986	0.48
1789525907	3202	uncounted	train	24986	0.48
1789525908	3202	uncounted	train	24986	0.48
1789525909	3202	uncounted	train	24986	0.50
1789525909	3202	uncounted	train	24986	0.51
1789525910	3202	uncounted	train	24986	0.49
1789525911	3202	uncounted	train	24986	0.49
1789525914	3202	uncounted	train	75424	0.99
1789525915	3202	uncounted	train	75424	1.01
1789525916	3202	uncounted	train	75424	1.02
1789525917	3202	uncounted	train	75424	1.02
1789525919	3202	uncounted	train	75424	1.01
1789525920	3202	uncounted	train	75424	0.98
1789525921	3202	uncounted	train	75424	1.03
1789525922	3202	uncounted	train	75424	0.98
1789525923	3202	uncounted	train	75424	0.98
1789525924	3202	uncounted	train	75424	1.00
1789525925	3202	uncounted	train	75424	0.99
1789525926	3202	uncounted	train	75424	0.99
1789525927	3202	uncounted	train	75424	1.03
1789525929	3202	uncounted	train	75424	1.04
1789525930	3202	uncounted	train	75424	0.99
1789525931	3202	uncounted	train	75424	1.00
1789525935	3202	uncounted	train	100000	1.19
1789525937	3202	uncounted	train	100000	1.27
1789525938	3202	uncounted	train	100000	1.23
1789525940	3202	uncounted	train	100000	1.24
1789525941	3202	uncounted	train	100000	1.19
1789525943	3202	uncounted	train	100000	1.22
1789525944	3202	uncounted	train	100000	1.20
1789525946	3202	uncounted	train	100000	1.22
1789525947	3202	uncounted	train	100000	1.17
1789525949	3202	uncounted	train	100000	1.13
1789525950	3202	uncounted	train	100000	1.18
1789525951	3202	uncounted	train	100000	1.22
1789525953	3202	uncounted	train	100000	1.19
1789525954	3202	uncounted	train	100000	1.21
1789525956	3202	uncounted	train	100000	1.19
1789525957	3202	uncounted	train	100000	1.24
1789525960	3202	uncounted	train	49301	1.18
1789525962	3202	uncounted	train	49301	1.19
1789525963	3202	uncounted	train	49301	1.19
1789525965	3202	uncounted	train	49301	1.18
1789525966	3202	uncounted	train	49301	1.20
1789525967	3202	uncounted	train	49301	1.20
1789525969	3202	uncounted	train	49301	1.22
1789525970	3202	uncounted	train	49301	1.28
1789525973	3202	uncounted	train	24986	0.82
1789525974	3202	uncounted	train	24986	0.84
1789525975	3202	uncounted	train	24986	0.80
1789525976	3202	uncounted	train	24986	0.85
1789525977	3202	uncounted	train	24986	0.80
1789525978	3202	uncounted	train	24986	0.78
1789525979	3202	uncounted	train	24986	0.78
1789525980	3202	uncounted	train	24986	0.82
1789525985	3202	uncounted	train	75424	1.69
1789525986	3202	uncounted	train	75424	1.66
1789525988	3202	uncounted	train	75424	1.57
1789525990	3202	uncounted	train	75424	1.54
1789525992	3202	uncounted	train	75424	1.54
1789525993	3202	uncounted	train	75424	1.60
1789525995	3202	uncounted	train	75424	1.65
1789525997	3202	uncounted	train	75424	1.66
1789526002	3202	uncounted	train	100000	2.04
1789526005	3202	uncounted	train	100000	2.07
1789526007	3202	uncounted	train	100000	1.97
1789526010	3202	uncounted	train	100000	1.93
1789526012	3202	uncounted	train	100000	1.98
1789526014	3202	uncounted	train	100000	1.94
1789526017	3202	uncounted	train	100000	2.05
1789526019	3202	uncounted	train	100000	2.08
1789526022	3202	uncounted	train	49301	0.81
1789526023	3202	uncounted	train	49301	0.81
1789526024	3202	uncounted	train	49301	0.79
1789526025	3202	uncounted	train	49301	0.78
1789526026	3202	uncounted	train	49301	0.80
1789526027	3202	uncounted	train	49301	0.82
1789526028	3202	uncounted	train	49301	0.80
1789526029	3202	uncounted	train	49301	0.79
1789526031	3202	uncounted	train	24986	0.53
1789526031	3202	uncounted	train	24986	0.55
1789526032	3202	uncounted	train	24986	0.55
1789526033	3202	uncounted	train	24986	0.54
1789526033	3202	uncounted	train	24986	0.55
1789526034	3202	uncounted	train	24986	0.56
1789526035	3202	uncounted	train	24986	0.55
1789526036	3202	uncounted	train	24986	0.54
1789526039	3202	uncounted	train	75424	1.08
1789526040	3202	uncounted	train	75424	1.07
1789526041	3202	uncounted	train	75424	1.10
1789526043	3202	uncounted	train	75424	1.09
1789526044	3202	uncounted	train	75424	1.06
1789526045	3202	uncounted	train	75424	1.04
1789526046	3202	uncounted	train	75424	1.09
1789526047	3202	uncounted	train	75424	1.08
1789526052	3202	uncounted	train	100000	1.33
1789526054	3202	uncounted	train	100000	1.33
1789526055	3202	uncounted	train	100000	1.33
1789526057	3202	uncounted	train	100000	1.31
1789526059	3202	uncounted	train	100000	1.33
1789526060	3202	uncounted	train	100000	1.32
1789526062	3202	uncounted	train	100000	1.38
1789526063	3202	uncounted	train	100000	1.29
1789526066	3202	uncounted	train	49301	0.77
1789526067	3202	uncounted	train	49301	0.74
1789526068	3202	uncounted	train	49301	0.74
1789526069	3202	uncounted	train	49301	0.75
1789526070	3202	uncounted	train	49301	0.74
1789526071	3202	uncounted	train	49301	0.75
1789526071	3202	uncounted	train	49301	0.74
1789526072	3202	uncounted	train	49301	0.79
1789526074	3202	uncounted	train	24986	0.49
1789526075	3202	uncounted	train	24986	0.49
1789526076	3202	uncounted	train	24986	0.48
1789526076	3202	uncounted	train	24986	0.48
1789526077	3202	uncounted	train	24986	0.51
1789526078	3202	uncounted	train	24986	0.48
1789526078	3202	uncounted	train	24986	0.48
1789526079	3202	uncounted	train	24986	0.47
1789526082	3202	uncounted	train	75424	0.94
1789526083	3202	uncounted	train	75424	0.94
1789526084	3202	uncounted	train	75424	0.98
1789526086	3202	uncounted	train	75424	0.99
1789526087	3202	uncounted	train	75424	0.98
1789526088	3202	uncounted	train	75424	0.95
1789526089	3202	uncounted	train	75424	0.94
1789526090	3202	uncounted	train	75424	0.92
1789526094	3202	uncounted	train	100000	1.28
1789526096	3202	uncounted	train	100000	1.23
1789526098	3202	uncounted	train	100000	1.33
1789526099	3202	uncounted	train	100000	1.30
1789526101	3202	uncounted	train	100000	1.34
1789526102	3202	uncounted	train	100000	1.33
1789526104	3202	uncounted	train	100000	1.33
1789526106	3202	uncounted	train	100000	1.28
1789526108	3202	uncounted	train	49301	0.75
1789526109	3202	uncounted	train	49301	0.76
1789526110	3202	uncounted	train	49301	0.70
1789526111	3202	uncounted	train	49301	0.70
1789526112	3202	uncounted	train	49301	0.68
1789526113	3202	uncounted	train	49301	0.72
1789526114	3202	uncounted	train	49301	0.69
1789526114	3202	uncounted	train	49301	0.76
1789526117	3202	uncounted	train	24986	0.47
1789526117	3202	uncounted	train	24986	0.45
1789526118	3202	uncounted	train	24986	0.47
1789526118	3202	uncounted	train	24986	0.47
1789526119	3202	uncounted	train	24986	0.47
1789526120	3202	uncounted	train	24986	0.47
1789526120	3202	uncounted	train	24986	0.47
1789526121	3202	uncounted	train	24986	0.45
1789526125	3202	uncounted	train	75424	1.03
1789526126	3202	uncounted	train	75424	0.95
1789526127	3202	uncounted	train	75424	0.94
1789526128	3202	uncounted	train	75424	0.94
1789526129	3202	uncounted	train	75424	0.94
1789526130	3202	uncounted	train	75424	0.96
1789526131	3202	uncounted	train	75424	0.93
1789526132	3202	uncounted	train	75424	0.95
1789526136	3202	uncounted	train	100000	1.16
1789526138	3202	uncounted	train	100000	1.17
1789526139	3202	uncounted	train	100000	1.18
1789526141	3202	uncounted	train	100000	1.15
1789526142	3202	uncounted	train	100000	1.24
1789526144	3202	uncounted	train	100000	1.25
1789526145	3202	uncounted	train	100000	1.23
1789526147	3202	uncounted	train	100000	1.29
1789526172	3296	uncounted	train	49301	0.58
1789526173	3296	uncounted	train	49301	0.58
1789526174	3296	uncounted	train	49301	0.69
1789526175	3296	uncounted	train	49301	0.70
1789526175	3296	uncounted	train	49301	0.68
1789526176	3296	uncounted	train	49301	0.73
1789526177	3296	uncounted	train	49301	0.73
1789526178	3296	uncounted	train	49301	0.72
1789526180	3296	uncounted	train	24986	0.46
1789526180	3296	uncounted	train	24986	0.50
1789526181	3296	uncounted	train	24986	0.47
1789526182	3296	uncounted	train	24986	0.46
1789526182	3296	uncounted	train	24986	0.49
1789526183	3296	uncounted	train	24986	0.48
1789526184	3296	uncounted	train	24986	0.48
1789526184	3296	uncounted	train	24986	0.49
1789526187	3296	uncounted	train	75424	0.92
1789526188	3296	uncounted	train	75424	0.95
1789526189	3296	uncounted	train	75424	0.96
1789526190	3296	uncounted	train	75424	0.92
1789526191	3296	uncounted	train	75424	0.94
1789526192	3296	uncounted	train	75424	0.97
1789526193	3296	uncounted	train	75424	1.00
1789526194	3296	uncounted	train	75424	0.96
1789526199	3296	uncounted	train	100000	1.27
1789526200	3296	uncounted	train	100000	1.26
1789526202	3296	uncounted	train	100000	1.22
1789526203	3296	uncounted	train	100000	1.28
1789526205	3296	uncounted	train	100000	1.30
1789526206	3296	uncounted	train	100000	1.28
1789526208	3296	uncounted	train	100000	1.25
1789526209	3296	uncounted	train	100000	1.24
1789526212	3296	uncounted	train	49301	0.72
1789526213	3296	uncounted	train	49301	0.72
1789526213	3296	uncounted	train	49301	0.70
1789526214	3296	uncounted	train	49301	0.78
1789526215	3296	uncounted	train	49301	0.74
1789526216	3296	uncounted	train	49301	0.79
1789526217	3296	uncounted	train	49301	0.68
1789526218	3296	uncounted	train	49301	0.69
1789526220	3296	uncounted	train	24986	0.46
1789526220	3296	uncounted	train	24986	0.45
1789526221	3296	uncounted	train	24986	0.47
1789526221	3296	uncounted	train	24986	0.45
1789526222	3296	uncounted	train	24986	0.46
1789526223	3296	uncounted	train	24986	0.48
1789526223	3296	uncounted	train	24986	0.47
1789526224	3296	uncounted	train	24986	0.45
1789526227	3296	uncounted	train	75424	0.88
1789526228	3296	uncounted	train	75424	0.92
1789526229	3296	uncounted	train	75424	0.89
1789526230	3296	uncounted	train	75424	0.90
1789526231	3296	uncounted	train	75424	0.93
1789526232	3296	uncounted	train	75424	0.91
1789526233	3296	uncounted	train	75424	0.88
1789526234	3296	uncounted	train	75424	0.91
1789526238	3296	uncounted	train	100000	1.23
1789526240	3296	uncounted	train	100000	1.24
1789526241	3296	uncounted	train	100000	1.22
1789526243	3296	uncounted	train	100000	1.22
1789526244	3296	uncounted	train	100000	1.19
1789526246	3296	uncounted	train	100000	1.19
1789526247	3296	uncounted	train	100000	1.22
1789526249	3296	uncounted	train	100000	1.17
1789526251	3296	uncounted	train	49301	0.74
1789526252	3296	uncounted	train	49301	0.70
1789526253	3296	uncounted	train	49301	0.70
1789526254	3296	uncounted	train	49301	0.72
1789526254	3296	uncounted	train	49301	0.71
1789526255	3296	uncounted	train	49301	0.70
1789526256	3296	uncounted	train	49301	0.71
1789526257	3296	uncounted	train	49301	0.72
1789526259	3296	uncounted	train	24986	0.47
1789526259	3296	uncounted	train	24986	0.47
1789526260	3296	uncounted	train	24986	0.49
1789526261	3296	uncounted	train	24986	0.48
1789526261	3296	uncounted	train	24986	0.49
1789526262	3296	uncounted	train	24986	0.52
1789526263	3296	uncounted	train	24986	0.50
1789526263	3296	uncounted	train	24986	0.50
1789526267	3296	uncounted	train	75424	1.01
1789526268	3296	uncounted	train	75424	1.00
1789526269	3296	uncounted	train	75424	1.00
1789526270	3296	uncounted	train	75424	1.01
1789526271	3296	uncounted	train	75424	1.00
1789526272	3296	uncounted	train	75424	0.99
1789526273	3296	uncounted	train	75424	1.01
1789526274	3296	uncounted	train	75424	1.02
1789526278	3296	uncounted	train	100000	1.17
1789526280	3296	uncounted	train	100000	1.25
1789526281	3296	uncounted	train	100000	1.22
1789526283	3296	uncounted	train	100000	1.23
1789526285	3296	uncounted	train	100000	1.36
1789526286	3296	uncounted	train	100000	1.22
1789526288	3296	uncounted	train	100000	1.35
1789526289	3296	uncounted	train	100000	1.33
1789526292	3296	uncounted	train	49301	0.86
1789526293	3296	uncounted	train	49301	0.75
1789526294	3296	uncounted	train	49301	0.69
1789526295	3296	uncounted	train	49301	0.70
1789526296	3296	uncounted	train	49301	0.71
1789526297	3296	uncounted	train	49301	0.76
1789526297	3296	uncounted	train	49301	0.72
1789526298	3296	uncounted	train	49301	0.70
1789526300	3296	uncounted	train	24986	0.49
1789526301	3296	uncounted	train	24986	0.48
1789526301	3296	uncounted	train	24986	0.47
1789526302	3296	uncounted	train	24986	0.47
1789526303	3296	uncounted	train	24986	0.48
1789526303	3296	uncounted	train	24986	0.47
1789526304	3296	uncounted	train	24986	0.48
1789526305	3296	uncounted	train	24986	0.48
1789526308	3296	uncounted	train	75424	1.05
1789526309	3296	uncounted	train	75424	1.02
1789526310	3296	uncounted	train	75424	1.03
1789526311	3296	uncounted	train	75424	1.04
1789526313	3296	uncounted	train	75424	1.01
1789526314	3296	uncounted	train	75424	1.06
1789526315	3296	uncounted	train	75424	1.01
1789526316	3296	uncounted	train	75424	0.98
1789526321	3296	uncounted	train	100000	1.27
1789526322	3296	uncounted	train	100000	1.25
1789526324	3296	uncounted	train	100000	1.28
1789526325	3296	uncounted	train	100000	1.27
1789526327	3296	uncounted	train	100000	1.30
1789526329	3296	uncounted	train	100000	1.17
1789526330	3296	uncounted	train	100000	1.23
1789526332	3296	uncounted	train	100000	1.25
1789526334	3296	uncounted	train	49301	0.74
1789526335	3296	uncounted	train	49301	0.74
1789526336	3296	uncounted	train	49301	0.74
1789526337	3296	uncounted	train	49301	0.75
1789526338	3296	uncounted	train	49301	0.73
1789526339	3296	uncounted	train	49301	0.73
1789526340	3296	uncounted	train	49301	0.74
1789526340	3296	uncounted	train	49301	0.72
1789526342	3296	uncounted	train	24986	0.49
1789526343	3296	uncounted	train	24986	0.47
1789526344	3296	uncounted	train	24986	0.47
1789526344	3296	uncounted	train	24986	0.47
1789526345	3296	uncounted	train	24986	0.47
1789526346	3296	uncounted	train	24986	0.52
1789526346	3296	uncounted	train	24986	0.52
1789526347	3296	uncounted	train	24986	0.51
1789526351	3296	uncounted	train	75424	0.98
1789526352	3296	uncounted	train	75424	0.97
1789526353	3296	uncounted	train	75424	0.99
1789526354	3296	uncounted	train	75424	1.00
1789526355	3296	uncounted	train	75424	0.99
1789526356	3296	uncounted	train	75424	0.96
1789526357	3296	uncounted	train	75424	0.98
1789526358	3296	uncounted	train	75424	0.95
1789526363	3296	uncounted	train	100000	1.20
1789526364	3296	uncounted	train	100000	1.26
1789526366	3296	uncounted	train	100000	1.29
1789526368	3296	uncounted	train	100000	1.23
1789526369	3296	uncounted	train	100000	1.27
1789526371	3296	uncounted	train	100000	1.23
1789526372	3296	uncounted	train	100000	1.27
1789526374	3296	uncounted	train	100000	1.24
1789526384	3351	uncounted	train	49301	0.74
1789526385	3351	uncounted	train	49301	0.70
1789526386	3351	uncounted	train	49301	0.71
1789526387	3351	uncounted	train	49301	0.73
1789526388	3351	uncounted	train	49301	0.73
1789526388	3351	uncounted	train	49301	0.71
1789526389	3351	uncounted	train	49301	0.71
1789526390	3351	uncounted	train	49301	0.71
1789526392	3351	uncounted	train	24986	0.49
1789526393	3351	uncounted	train	24986	0.47
1789526393	3351	uncounted	train	24986	0.47
1789526394	3351	uncounted	train	24986	0.48
1789526395	3351	uncounted	train	24986	0.49
1789526395	3351	uncounted	train	24986	0.48
1789526396	3351	uncounted	train	24986	0.47
1789526397	3351	uncounted	train	24986	0.48
1789526400	3351	uncounted	train	75424	0.99
1789526401	3351	uncounted	train	75424	0.93
1789526402	3351	uncounted	train	75424	0.98
1789526403	3351	uncounted	train	75424	0.97
1789526404	3351	uncounted	train	75424	0.94
1789526406	3351	uncounted	train	75424	0.97
1789526407	3351	uncounted	train	75424	1.01
1789526408	3351	uncounted	train	75424	0.99
1789526413	3351	uncounted	train	100000	1.22
1789526414	3351	uncounted	train	100000	1.21
1789526416	3351	uncounted	train	100000	1.21
1789526417	3351	uncounted	train	100000	1.20
1789526419	3351	uncounted	train	100000	1.21
1789526420	3351	uncounted	train	100000	1.21
1789526422	3351	uncounted	train	100000	1.19
1789526423	3351	uncounted	train	100000	1.23
1789526429	3375	uncounted	train	49301	0.74
1789526430	3375	uncounted	train	49301	0.75
1789526431	3375	uncounted	train	49301	0.75
1789526432	3375	uncounted	train	49301	0.74
1789526433	3375	uncounted	train	49301	0.78
1789526434	3375	uncounted	train	49301	0.77
1789526435	3375	uncounted	train	49301	0.75
1789526436	3375	uncounted	train	49301	0.76
1789526438	3375	uncounted	train	24986	0.52
1789526438	3375	uncounted	train	24986	0.51
1789526439	3375	uncounted	train	24986	0.50
1789526440	3375	uncounted	train	24986	0.51
1789526440	3375	uncounted	train	24986	0.50
1789526441	3375	uncounted	train	24986	0.49
1789526442	3375	uncounted	train	24986	0.53
1789526442	3375	uncounted	train	24986	0.49
1789526446	3375	uncounted	train	75424	1.09
1789526447	3375	uncounted	train	75424	1.02
1789526448	3375	uncounted	train	75424	1.06
1789526449	3375	uncounted	train	75424	1.03
1789526451	3375	uncounted	train	75424	1.01
1789526452	3375	uncounted	train	75424	1.05
1789526453	3375	uncounted	train	75424	1.00
1789526454	3375	uncounted	train	75424	0.99
1789526459	3375	uncounted	train	100000	1.27
1789526461	3375	uncounted	train	100000	1.31
1789526462	3375	uncounted	train	100000	1.29
1789526464	3375	uncounted	train	100000	1.30
1789526465	3375	uncounted	train	100000	1.24
1789526467	3375	uncounted	train	100000	1.28
1789526468	3375	uncounted	train	100000	1.32
1789526470	3375	uncounted	train	100000	1.24
1789526473	3375	uncounted	train	49301	0.71
1789526474	3375	uncounted	train	49301	0.71
1789526475	3375	uncounted	train	49301	0.73
1789526476	3375	uncounted	train	49301	0.73
1789526476	3375	uncounted	train	49301	0.71
1789526477	3375	uncounted	train	49301	0.70
1789526478	3375	uncounted	train	49301	0.72
1789526479	3375	uncounted	train	49301	0.75
1789526481	3375	uncounted	train	24986	0.47
1789526482	3375	uncounted	train	24986	0.48
1789526482	3375	uncounted	train	24986	0.48
1789526483	3375	uncounted	train	24986	0.50
1789526484	3375	uncounted	train	24986	0.53
1789526484	3375	uncounted	train	24986	0.47
1789526485	3375	uncounted	train	24986	0.46
1789526486	3375	uncounted	train	24986	0.49
1789526489	3375	uncounted	train	75424	0.93
1789526490	3375	uncounted	train	75424	0.93
1789526492	3375	uncounted	train	75424	0.97
1789526493	3375	uncounted	train	75424	1.06
1789526494	3375	uncounted	train	75424	1.01
1789526495	3375	uncounted	train	75424	1.05
1789526496	3375	uncounted	train	75424	0.99
1789526497	3375	uncounted	train	75424	1.02
1789526502	3375	uncounted	train	100000	1.20
1789526504	3375	uncounted	train	100000	1.16
1789526505	3375	uncounted	train	100000	1.20
1789526507	3375	uncounted	train	100000	1.22
1789526508	3375	uncounted	train	100000	1.18
1789526510	3375	uncounted	train	100000	1.22
1789526511	3375	uncounted	train	100000	1.21
1789526513	3375	uncounted	train	100000	1.20
1789526516	3375	uncounted	train	49301	0.70
1789526517	3375	uncounted	train	49301	0.74
1789526518	3375	uncounted	train	49301	0.76
1789526519	3375	uncounted	train	49301	0.74
1789526519	3375	uncounted	train	49301	0.73
1789526520	3375	uncounted	train	49301	0.75
1789526521	3375	uncounted	train	49301	0.73
1789526522	3375	uncounted	train	49301	0.73
1789526524	3375	uncounted	train	24986	0.49
1789526525	3375	uncounted	train	24986	0.48
1789526526	3375	uncounted	train	24986	0.49
1789526526	3375	uncounted	train	24986	0.47
1789526527	3375	uncounted	train	24986	0.46
1789526528	3375	uncounted	train	24986	0.46
1789526528	3375	uncounted	train	24986	0.46
1789526529	3375	uncounted	train	24986	0.45
1789526533	3375	uncounted	train	75424	1.04
1789526534	3375	uncounted	train	75424	0.97
1789526535	3375	uncounted	train	75424	1.01
1789526536	3375	uncounted	train	75424	1.00
1789526537	3375	uncounted	train	75424	1.03
1789526538	3375	uncounted	train	75424	1.02
1789526539	3375	uncounted	train	75424	1.03
1789526541	3375	uncounted	train	75424	1.02
1789526546	3375	uncounted	train	100000	1.22
1789526548	3375	uncounted	train	100000	1.20
1789526549	3375	uncounted	train	100000	1.25
1789526551	3375	uncounted	train	100000	1.29
1789526553	3375	uncounted	train	100000	1.35
1789526554	3375	uncounted	train	100000	1.33
1789526556	3375	uncounted	train	100000	1.33
1789526557	3375	uncounted	train	100000	1.27
1789526560	3375	uncounted	train	49301	0.72
1789526561	3375	uncounted	train	49301	0.72
1789526562	3375	uncounted	train	49301	0.73
1789526563	3375	uncounted	train	49301	0.72
1789526564	3375	uncounted	train	49301	0.72
1789526565	3375	uncounted	train	49301	0.70
1789526565	3375	uncounted	train	49301	0.68
1789526566	3375	uncounted	train	49301	0.71
1789526568	3375	uncounted	train	24986	0.47
1789526569	3375	uncounted	train	24986	0.47
1789526569	3375	uncounted	train	24986	0.48
1789526570	3375	uncounted	train	24986	0.45
1789526571	3375	uncounted	train	24986	0.46
1789526571	3375	uncounted	train	24986	0.47
1789526572	3375	uncounted	train	24986	0.47
1789526573	3375	uncounted	train	24986	0.45
1789526576	3375	uncounted	train	75424	0.95
1789526577	3375	uncounted	train	75424	0.99
1789526578	3375	uncounted	train	75424	1.01
1789526579	3375	uncounted	train	75424	1.02
1789526580	3375	uncounted	train	75424	1.02
1789526581	3375	uncounted	train	75424	1.01
1789526583	3375	uncounted	train	75424	0.96
1789526584	3375	uncounted	train	75424	0.93
1789526588	3375	uncounted	train	100000	1.23
1789526590	3375	uncounted	train	100000	1.25
1789526591	3375	uncounted	train	100000	1.22
1789526593	3375	uncounted	train	100000	1.20
1789526594	3375	uncounted	train	100000	1.26
1789526596	3375	uncounted	train	100000	1.19
1789526597	3375	uncounted	train	100000	1.20
1789526599	3375	uncounted	train	100000	1.20
1789526611	3430	uncounted	train	0	0.03
1789526611	3430	uncounted	train	0	0.03
1789526611	3430	uncounted	train	0	0.03
1789526611	3430	uncounted	train	0	0.03
1789526611	3430	uncounted	train	0	0.03
1789526611	3430	uncounted	train	0	0.03
1789526612	3430	uncounted	train	0	0.03
1789526612	3430	uncounted	train	0	0.03
1789526614	3430	uncounted	train	40311	0.67
1789526615	3430	uncounted	train	40311	0.66
1789526616	3430	uncounted	train	40311	0.64
1789526617	3430	uncounted	train	40311	0.65
1789526617	3430	uncounted	train	40311	0.64
1789526618	3430	uncounted	train	40311	0.67
1789526619	3430	uncounted	train	40311	0.64
1789526620	3430	uncounted	train	40311	0.67
1789526623	3430	uncounted	train	59183	0.86
1789526624	3430	uncounted	train	59183	0.84
1789526625	3430	uncounted	train	59183	0.86
1789526626	3430	uncounted	train	59183	0.80
1789526627	3430	uncounted	train	59183	0.82
1789526628	3430	uncounted	train	59183	0.83
1789526629	3430	uncounted	train	59183	0.82
1789526630	3430	uncounted	train	59183	0.81
1789526633	3430	uncounted	train	83227	1.01
1789526634	3430	uncounted	train	83227	1.00
1789526635	3430	uncounted	train	83227	1.06
1789526637	3430	uncounted	train	83227	1.08
1789526638	3430	uncounted	train	83227	1.07
1789526639	3430	uncounted	train	83227	1.09
1789526640	3430	uncounted	train	83227	1.11
1789526641	3430	uncounted	train	83227	1.03
1789526646	3430	uncounted	train	100000	1.20
1789526648	3430	uncounted	train	100000	1.18
1789526649	3430	uncounted	train	100000	1.21
1789526651	3430	uncounted	train	100000	1.14
1789526652	3430	uncounted	train	100000	1.11
1789526654	3430	uncounted	train	100000	1.13
1789526655	3430	uncounted	train	100000	1.14
1789526656	3430	uncounted	train	100000	1.12
1789526658	3430	uncounted	train	0	0.03
1789526658	3430	uncounted	train	0	0.03
1789526658	3430	uncounted	train	0	0.03
1789526658	3430	uncounted	train	0	0.03
1789526658	3430	uncounted	train	0	0.03
1789526658	3430	uncounted	train	0	0.03
1789526658	3430	uncounted	train	0	0.03
1789526658	3430	uncounted	train	0	0.03
1789526661	3430	uncounted	train	40311	0.62
1789526661	3430	uncounted	train	40311	0.66
1789526662	3430	uncounted	train	40311	0.64
1789526663	3430	uncounted	train	40311	0.64
1789526664	3430	uncounted	train	40311	0.61
1789526665	3430	uncounted	train	40311	0.60
1789526665	3430	uncounted	train	40311	0.63
1789526666	3430	uncounted	train	40311	0.63
1789526669	3430	uncounted	train	59183	0.80
1789526670	3430	uncounted	train	59183	0.83
1789526671	3430	uncounted	train	59183	0.79
1789526672	3430	uncounted	train	59183	0.78
1789526673	3430	uncounted	train	59183	0.81
1789526674	3430	uncounted	train	59183	0.81
1789526675	3430	uncounted	train	59183	0.81
1789526676	3430	uncounted	train	59183	0.80
1789526680	3430	uncounted	train	83227	1.00
1789526681	3430	uncounted	train	83227	1.00
1789526682	3430	uncounted	train	83227	0.99
1789526683	3430	uncounted	train	83227	0.99
1789526684	3430	uncounted	train	83227	1.05
1789526685	3430	uncounted	train	83227	1.00
1789526686	3430	uncounted	train	83227	1.02
1789526687	3430	uncounted	train	83227	1.01
1789526692	3430	uncounted	train	100000	1.17
1789526694	3430	uncounted	train	100000	1.17
1789526695	3430	uncounted	train	100000	1.21
1789526697	3430	uncounted	train	100000	1.22
1789526698	3430	uncounted	train	100000	1.18
1789526700	3430	uncounted	train	100000	1.19
1789526701	3430	uncounted	train	100000	1.21
1789526703	3430	uncounted	train	100000	1.22
1789526718	3535	counted	train	100000	1.01
1789526719	3535	counted	train	100000	1.07
1789526720	3535	counted	train	100000	1.22
1789526722	3535	counted	train	100000	1.22
1789526723	3535	counted	train	100000	1.17
1789526724	3535	counted	train	100000	1.21
1789526726	3535	counted	train	100000	1.17
1789526727	3535	counted	train	100000	1.17
1789526741	3638	counted	train	100000	1.19
1789526742	3638	counted	train	100000	1.22
1789526744	3638	counted	train	100000	1.27
1789526745	3638	counted	train	100000	1.27
1789526746	3638	counted	train	100000	1.24
1789526748	3638	counted	train	100000	1.23
1789526749	3638	counted	train	100000	1.25
1789526750	3638	counted	train	100000	1.25
1789526771	3705	uncounted	train	49301	0.69
1789526772	3705	uncounted	train	49301	0.71
1789526773	3705	uncounted	train	49301	0.72
1789526774	3705	uncounted	train	49301	0.72
1789526775	3705	uncounted	train	49301	0.71
1789526775	3705	uncounted	train	49301	0.76
1789526776	3705	uncounted	train	49301	0.75
1789526777	3705	uncounted	train	49301	0.74
1789526779	3705	uncounted	train	24986	0.49
1789526780	3705	uncounted	train	24986	0.50
1789526781	3705	uncounted	train	24986	0.51
1789526781	3705	uncounted	train	24986	0.48
1789526782	3705	uncounted	train	24986	0.51
1789526783	3705	uncounted	train	24986	0.49
1789526783	3705	uncounted	train	24986	0.49
1789526784	3705	uncounted	train	24986	0.48
1789526788	3705	uncounted	train	75424	1.03
1789526789	3705	uncounted	train	75424	0.98
1789526790	3705	uncounted	train	75424	0.98
1789526791	3705	uncounted	train	75424	1.00
1789526792	3705	uncounted	train	75424	0.99
1789526793	3705	uncounted	train	75424	1.04
1789526794	3705	uncounted	train	75424	1.05
1789526795	3705	uncounted	train	75424	1.04
1789526801	3705	uncounted	train	100000	1.28
1789526802	3705	uncounted	train	100000	1.33
1789526804	3705	uncounted	train	100000	1.35
1789526806	3705	uncounted	train	100000	1.29
1789526807	3705	uncounted	train	100000	1.34
1789526809	3705	uncounted	train	100000	1.30
1789526811	3705	uncounted	train	100000	1.38
1789526812	3705	uncounted	train	100000	1.33
1789526818	3731	uncounted	train	49301	0.72
1789526819	3731	uncounted	train	49301	0.72
1789526820	3731	uncounted	train	49301	0.70
1789526821	3731	uncounted	train	49301	0.69
1789526822	3731	uncounted	train	49301	0.70
1789526823	3731	uncounted	train	49301	0.73
1789526824	3731	uncounted	train	49301	0.74
1789526824	3731	uncounted	train	49301	0.72
1789526827	3731	uncounted	train	24986	0.45
1789526827	3731	uncounted	train	24986	0.46
1789526828	3731	uncounted	train	24986	0.45
1789526828	3731	uncounted	train	24986	0.43
1789526829	3731	uncounted	train	24986	0.45
1789526830	3731	uncounted	train	24986	0.47
1789526830	3731	uncounted	train	24986	0.44
1789526831	3731	uncounted	train	24986	0.46
1789526835	3731	uncounted	train	75424	0.84
1789526835	3731	uncounted	train	75424	0.82
1789526837	3731	uncounted	train	75424	1.10
1789526838	3731	uncounted	train	75424	0.84
1789526839	3731	uncounted	train	75424	0.85
1789526840	3731	uncounted	train	75424	0.89
1789526841	3731	uncounted	train	75424	0.91
1789526842	3731	uncounted	train	75424	0.91
1789526847	3731	uncounted	train	100000	1.21
1789526848	3731	uncounted	train	100000	1.19
1789526850	3731	uncounted	train	100000	1.22
1789526851	3731	uncounted	train	100000	1.24
1789526853	3731	uncounted	train	100000	1.21
1789526854	3731	uncounted	train	100000	1.26
1789526856	3731	uncounted	train	100000	1.24
1789526857	3731	uncounted	train	100000	1.26
1789526861	3731	uncounted	train	49301	0.70
1789526862	3731	uncounted	train	49301	0.75
1789526863	3731	uncounted	train	49301	0.76
1789526864	3731	uncounted	train	49301	0.79
1789526865	3731	uncounted	train	49301	0.79
1789526866	3731	uncounted	train	49301	0.77
1789526867	3731	uncounted	train	49301	0.76
1789526868	3731	uncounted	train	49301	0.76
1789526870	3731	uncounted	train	24986	0.50
1789526871	3731	uncounted	train	24986	0.49
1789526872	3731	uncounted	train	24986	0.51
1789526873	3731	uncounted	train	24986	0.52
1789526873	3731	uncounted	train	24986	0.51
1789526874	3731	uncounted	train	24986	0.54
1789526875	3731	uncounted	train	24986	0.52
1789526875	3731	uncounted	train	24986	0.52
1789526880	3731	uncounted	train	75424	1.08
1789526881	3731	uncounted	train	75424	1.05
1789526882	3731	uncounted	train	75424	0.99
1789526884	3731	uncounted	train	75424	1.00
1789526885	3731	uncounted	train	75424	1.00
1789526886	3731	uncounted	train	75424	1.01
1789526887	3731	uncounted	train	75424	1.01
1789526888	3731	uncounted	train	75424	1.03
1789526895	3731	uncounted	train	100000	1.30
1789526896	3731	uncounted	train	100000	1.36
1789526898	3731	uncounted	train	100000	1.30
1789526900	3731	uncounted	train	100000	1.28
1789526901	3731	uncounted	train	100000	1.31
1789526903	3731	uncounted	train	100000	1.31
1789526904	3731	uncounted	train	100000	1.31
1789526906	3731	uncounted	train	100000	1.35
1789526909	3731	uncounted	train	49301	0.74
1789526910	3731	uncounted	train	49301	0.77
1789526911	3731	uncounted	train	49301	0.77
1789526912	3731	uncounted	train	49301	0.74
1789526913	3731	uncounted	train	49301	0.74
1789526914	3731	uncounted	train	49301	0.75
1789526915	3731	uncounted	train	49301	0.75
1789526916	3731	uncounted	train	49301	0.74
1789526918	3731	uncounted	train	24986	0.48
1789526919	3731	uncounted	train	24986	0.48
1789526919	3731	uncounted	train	24986	0.47
1789526920	3731	uncounted	train	24986	0.47
1789526921	3731	uncounted	train	24986	0.46
1789526921	3731	uncounted	train	24986	0.46
1789526922	3731	uncounted	train	24986	0.49
1789526923	3731	uncounted	train	24986	0.47
1789526927	3731	uncounted	train	75424	0.98
1789526928	3731	uncounted	train	75424	0.95
1789526929	3731	uncounted	train	75424	0.91
1789526930	3731	uncounted	train	75424	0.93
1789526931	3731	uncounted	train	75424	0.94
1789526932	3731	uncounted	train	75424	0.95
1789526933	3731	uncounted	train	75424	0.98
1789526934	3731	uncounted	train	75424	0.95
1789526940	3731	uncounted	train	100000	1.27
1789526942	3731	uncounted	train	100000	1.31
1789526944	3731	uncounted	train	100000	1.56
1789526945	3731	uncounted	train	100000	1.27
1789526947	3731	uncounted	train	100000	1.21
1789526948	3731	uncounted	train	100000	1.19
1789526950	3731	uncounted	train	100000	1.20
1789526951	3731	uncounted	train	100000	1.20
1789526955	3731	uncounted	train	49301	0.74
1789526956	3731	uncounted	train	49301	0.77
1789526957	3731	uncounted	train	49301	0.78
1789526957	3731	uncounted	train	49301	0.74
1789526958	3731	uncounted	train	49301	0.76
1789526959	3731	uncounted	train	49301	0.76
1789526960	3731	uncounted	train	49301	0.79
1789526961	3731	uncounted	train	49301	0.76
1789526964	3731	uncounted	train	24986	0.49
1789526965	3731	uncounted	train	24986	0.50
1789526965	3731	uncounted	train	24986	0.51
1789526966	3731	uncounted	train	24986	0.49
1789526967	3731	uncounted	train	24986	0.49
1789526967	3731	uncounted	train	24986	0.49
1789526968	3731	uncounted	train	24986	0.50
1789526969	3731	uncounted	train	24986	0.51
1789526973	3731	uncounted	train	75424	0.99
1789526974	3731	uncounted	train	75424	1.03
1789526975	3731	uncounted	train	75424	1.01
1789526977	3731	uncounted	train	75424	1.02
1789526978	3731	uncounted	train	75424	1.00
1789526979	3731	uncounted	train	75424	1.02
1789526980	3731	uncounted	train	75424	1.02
1789526981	3731	uncounted	train	75424	0.97
1789526988	3731	uncounted	train	100000	1.26
1789526989	3731	uncounted	train	100000	1.26
1789526991	3731	uncounted	train	100000	1.24
1789526992	3731	uncounted	train	100000	1.23
1789526994	3731	uncounted	train	100000	1.25
1789526995	3731	uncounted	train	100000	1.33
1789526997	3731	uncounted	train	100000	1.25
1789526998	3731	uncounted	train	100000	1.27
1789527002	3731	uncounted	train	49301	0.77
1789527003	3731	uncounted	train	49301	0.77
1789527004	3731	uncounted	train	49301	0.75
1789527005	3731	uncounted	train	49301	0.75
1789527006	3731	uncounted	train	49301	0.75
1789527007	3731	uncounted	train	49301	0.76
1789527008	3731	uncounted	train	49301	0.75
1789527009	3731	uncounted	train	49301	0.75
1789527011	3731	uncounted	train	24986	0.48
1789527012	3731	uncounted	train	24986	0.48
1789527012	3731	uncounted	train	24986	0.52
1789527013	3731	uncounted	train	24986	0.51
1789527014	3731	uncounted	train	24986	0.51
1789527015	3731	uncounted	train	24986	0.49
1789527015	3731	uncounted	train	24986	0.48
1789527016	3731	uncounted	train	24986	0.48
1789527020	3731	uncounted	train	75424	1.00
1789527021	3731	uncounted	train	75424	0.97
1789527023	3731	uncounted	train	75424	0.98
1789527024	3731	uncounted	train	75424	0.97
1789527025	3731	uncounted	train	75424	0.96
1789527026	3731	uncounted	train	75424	0.96
1789527027	3731	uncounted	train	75424	0.95
1789527028	3731	uncounted	train	75424	0.95
1789527034	3731	uncounted	train	100000	1.23
1789527036	3731	uncounted	train	100000	1.24
1789527037	3731	uncounted	train	100000	1.23
1789527039	3731	uncounted	train	100000	1.27
1789527040	3731	uncounted	train	100000	1.21
1789527042	3731	uncounted	train	100000	1.21
1789527043	3731	uncounted	train	100000	1.23
1789527045	3731	uncounted	train	100000	1.21
1789527048	3731	uncounted	train	49301	0.68
1789527049	3731	uncounted	train	49301	0.71
1789527050	3731	uncounted	train	49301	0.69
1789527050	3731	uncounted	train	49301	0.68
1789527051	3731	uncounted	train	49301	0.69
1789527052	3731	uncounted	train	49301	0.70
1789527053	3731	uncounted	train	49301	0.68
1789527054	3731	uncounted	train	49301	0.68
1789527054	3731	uncounted	train	49301	0.70
1789527055	3731	uncounted	train	49301	0.72
1789527056	3731	uncounted	train	49301	0.71
1789527057	3731	uncounted	train	49301	0.68
1789527059	3731	uncounted	train	24986	0.45
1789527060	3731	uncounted	train	24986	0.46
1789527060	3731	uncounted	train	24986	0.45
1789527061	3731	uncounted	train	24986	0.45
1789527062	3731	uncounted	train	24986	0.50
1789527062	3731	uncounted	train	24986	0.48
1789527063	3731	uncounted	train	24986	0.47
1789527063	3731	uncounted	train	24986	0.48
1789527064	3731	uncounted	train	24986	0.44
1789527065	3731	uncounted	train	24986	0.45
1789527065	3731	uncounted	train	24986	0.43
1789527066	3731	uncounted	train	24986	0.46
1789527070	3731	uncounted	train	75424	1.00
1789527071	3731	uncounted	train	75424	0.95
1789527072	3731	uncounted	train	75424	0.96
1789527073	3731	uncounted	train	75424	0.98
1789527074	3731	uncounted	train	75424	0.96
1789527075	3731	uncounted	train	75424	0.95
1789527076	3731	uncounted	train	75424	0.96
1789527077	3731	uncounted	train	75424	0.98
1789527078	3731	uncounted	train	75424	0.97
1789527079	3731	uncounted	train	75424	0.98
1789527080	3731	uncounted	train	75424	1.00
1789527082	3731	uncounted	train	75424	0.99
1789527087	3731	uncounted	train	100000	1.24
1789527088	3731	uncounted	train	100000	1.19
1789527090	3731	uncounted	train	100000	1.28
1789527091	3731	uncounted	train	100000	1.26
1789527093	3731	uncounted	train	100000	1.26
1789527094	3731	uncounted	train	100000	1.22
1789527096	3731	uncounted	train	100000	1.26
1789527097	3731	uncounted	train	100000	1.25
1789527099	3731	uncounted	train	100000	1.21
1789527100	3731	uncounted	train	100000	1.24
1789527102	3731	uncounted	train	100000	1.27
1789527103	3731	uncounted	train	100000	1.25
1789527120	3787	counted	train	100000	1.20
1789527121	3787	counted	train	100000	1.25
1789527122	3787	counted	train	100000	1.21
1789527124	3787	counted	train	100000	1.26
1789527125	3787	counted	train	100000	1.27
1789527126	3787	counted	train	100000	1.22
1789527128	3787	counted	train	100000	1.28
1789527129	3787	counted	train	100000	1.27
1789527147	3854	uncounted	train	49301	0.69
1789527148	3854	uncounted	train	49301	0.67
1789527149	3854	uncounted	train	49301	0.67
1789527150	3854	uncounted	train	49301	0.71
1789527150	3854	uncounted	train	49301	0.70
1789527151	3854	uncounted	train	49301	0.72
1789527152	3854	uncounted	train	49301	0.67
1789527153	3854	uncounted	train	49301	0.66
1789527155	3854	uncounted	train	24986	0.47
1789527156	3854	uncounted	train	24986	0.44
1789527156	3854	uncounted	train	24986	0.45
1789527157	3854	uncounted	train	24986	0.50
1789527158	3854	uncounted	train	24986	0.47
1789527158	3854	uncounted	train	24986	0.45
1789527159	3854	uncounted	train	24986	0.45
1789527159	3854	uncounted	train	24986	0.45
1789527163	3854	uncounted	train	75424	0.99
1789527164	3854	uncounted	train	75424	1.00
1789527165	3854	uncounted	train	75424	1.01
1789527166	3854	uncounted	train	75424	1.00
1789527167	3854	uncounted	train	75424	0.98
1789527168	3854	uncounted	train	75424	0.98
1789527170	3854	uncounted	train	75424	1.01
1789527171	3854	uncounted	train	75424	0.99
1789527176	3854	uncounted	train	100000	1.16
1789527177	3854	uncounted	train	100000	1.17
1789527178	3854	uncounted	train	100000	1.18
1789527180	3854	uncounted	train	100000	1.19
1789527181	3854	uncounted	train	100000	1.19
1789527183	3854	uncounted	train	100000	1.22
1789527185	3854	uncounted	train	100000	1.25
1789527186	3854	uncounted	train	100000	1.28
1789527190	3854	uncounted	train	49301	0.77
1789527190	3854	uncounted	train	49301	0.75
1789527191	3854	uncounted	train	49301	0.76
1789527192	3854	uncounted	train	49301	0.76
1789527193	3854	uncounted	train	49301	0.77
1789527194	3854	uncounted	train	49301	0.77
1789527195	3854	uncounted	train	49301	0.75
1789527196	3854	uncounted	train	49301	0.77
1789527199	3854	uncounted	train	24986	0.47
1789527199	3854	uncounted	train	24986	0.47
1789527200	3854	uncounted	train	24986	0.48
1789527201	3854	uncounted	train	24986	0.50
1789527201	3854	uncounted	train	24986	0.50
1789527202	3854	uncounted	train	24986	0.51
1789527203	3854	uncounted	train	24986	0.49
1789527203	3854	uncounted	train	24986	0.53
1789527208	3854	uncounted	train	75424	1.06
1789527209	3854	uncounted	train	75424	1.09
1789527210	3854	uncounted	train	75424	1.02
1789527211	3854	uncounted	train	75424	1.02
1789527212	3854	uncounted	train	75424	1.02
1789527213	3854	uncounted	train	75424	1.03
1789527215	3854	uncounted	train	75424	0.99
1789527216	3854	uncounted	train	75424	1.01
1789527222	3854	uncounted	train	100000	1.21
1789527224	3854	uncounted	train	100000	1.22
1789527225	3854	uncounted	train	100000	1.22
1789527227	3854	uncounted	train	100000	1.25
1789527228	3854	uncounted	train	100000	1.29
1789527230	3854	uncounted	train	100000	1.25
1789527231	3854	uncounted	train	100000	1.32
1789527233	3854	uncounted	train	100000	1.31
1789527236	3854	uncounted	train	49301	0.92
1789527237	3854	uncounted	train	49301	0.90
1789527238	3854	uncounted	train	49301	0.97
1789527240	3854	uncounted	train	49301	0.94
1789527241	3854	uncounted	train	49301	0.93
1789527242	3854	uncounted	train	49301	0.92
1789527243	3854	uncounted	train	49301	0.93
1789527244	3854	uncounted	train	49301	0.98
1789527247	3854	uncounted	train	24986	0.65
1789527247	3854	uncounted	train	24986	0.65
1789527248	3854	uncounted	train	24986	0.64
1789527249	3854	uncounted	train	24986	0.64
1789527250	3854	uncounted	train	24986	0.66
1789527251	3854	uncounted	train	24986	0.66
1789527252	3854	uncounted	train	24986	0.64
1789527253	3854	uncounted	train	24986	0.62
1789527257	3854	uncounted	train	75424	1.24
1789527258	3854	uncounted	train	75424	1.27
1789527260	3854	uncounted	train	75424	1.23
1789527261	3854	uncounted	train	75424	1.20
1789527263	3854	uncounted	train	75424	1.29
1789527264	3854	uncounted	train	75424	1.26
1789527265	3854	uncounted	train	75424	1.24
1789527267	3854	uncounted	train	75424	1.28
1789527272	3854	uncounted	train	100000	1.53
1789527274	3854	uncounted	train	100000	1.54
1789527276	3854	uncounted	train	100000	1.56
1789527278	3854	uncounted	train	100000	1.61
1789527280	3854	uncounted	train	100000	1.52
1789527282	3854	uncounted	train	100000	1.54
1789527284	3854	uncounted	train	100000	1.51
1789527286	3854	uncounted	train	100000	1.53
1789527288	3854	uncounted	train	49301	0.52
1789527289	3854	uncounted	train	49301	0.50
1789527290	3854	uncounted	train	49301	0.51
1789527290	3854	uncounted	train	49301	0.51
1789527291	3854	uncounted	train	49301	0.49
1789527291	3854	uncounted	train	49301	0.49
1789527292	3854	uncounted	train	49301	0.48
1789527293	3854	uncounted	train	49301	0.49
1789527294	3854	uncounted	train	24986	0.32
1789527295	3854	uncounted	train	24986	0.31
1789527295	3854	uncounted	train	24986	0.31
1789527296	3854	uncounted	train	24986	0.32
1789527296	3854	uncounted	train	24986	0.33
1789527297	3854	uncounted	train	24986	0.32
1789527297	3854	uncounted	train	24986	0.31
1789527298	3854	uncounted	train	24986	0.32
1789527301	3854	uncounted	train	75424	0.78
1789527302	3854	uncounted	train	75424	0.70
1789527303	3854	uncounted	train	75424	0.70
1789527303	3854	uncounted	train	75424	0.69
1789527304	3854	uncounted	train	75424	0.69
1789527305	3854	uncounted	train	75424	0.69
1789527306	3854	uncounted	train	75424	0.70
1789527307	3854	uncounted	train	75424	0.67
1789527311	3854	uncounted	train	100000	0.87
1789527313	3854	uncounted	train	100000	0.89
1789527314	3854	uncounted	train	100000	0.84
1789527315	3854	uncounted	train	100000	0.83
1789527316	3854	uncounted	train	100000	0.86
1789527317	3854	uncounted	train	100000	0.86
1789527318	3854	uncounted	train	100000	0.84
1789527319	3854	uncounted	train	100000	0.83
1789527322	3854	uncounted	train	49301	0.81
1789527323	3854	uncounted	train	49301	0.83
1789527324	3854	uncounted	train	49301	0.82
1789527325	3854	uncounted	train	49301	0.82
1789527326	3854	uncounted	train	49301	0.81
1789527327	3854	uncounted	train	49301	0.82
1789527328	3854	uncounted	train	49301	0.82
1789527329	3854	uncounted	train	49301	0.82
1789527331	3854	uncounted	train	24986	0.54
1789527332	3854	uncounted	train	24986	0.54
1789527332	3854	uncounted	train	24986	0.52
1789527333	3854	uncounted	train	24986	0.52
1789527334	3854	uncounted	train	24986	0.53
1789527335	3854	uncounted	train	24986	0.52
1789527335	3854	uncounted	train	24986	0.53
1789527336	3854	uncounted	train	24986	0.54
1789527340	3854	uncounted	train	75424	1.13
1789527341	3854	uncounted	train	75424	1.09
1789527342	3854	uncounted	train	75424	1.09
1789527343	3854	uncounted	train	75424	1.11
1789527344	3854	uncounted	train	75424	1.12
1789527346	3854	uncounted	train	75424	1.12
1789527347	3854	uncounted	train	75424	1.11
1789527348	3854	uncounted	train	75424	1.07
1789527353	3854	uncounted	train	100000	1.37
1789527355	3854	uncounted	train	100000	1.36
1789527357	3854	uncounted	train	100000	1.32
1789527358	3854	uncounted	train	100000	1.37
1789527360	3854	uncounted	train	100000	1.36
1789527362	3854	uncounted	train	100000	1.35
1789527363	3854	uncounted	train	100000	1.30
1789527365	3854	uncounted	train	100000	1.36
1789527372	3878	uncounted	train	49301	0.68
1789527372	3878	uncounted	train	49301	0.70
1789527373	3878	uncounted	train	49301	0.71
1789527374	3878	uncounted	train	49301	0.71
1789527375	3878	uncounted	train	49301	0.69
1789527376	3878	uncounted	train	49301	0.71
1789527377	3878	uncounted	train	49301	0.74
1789527378	3878	uncounted	train	49301	0.73
1789527380	3878	uncounted	train	24986	0.47
1789527380	3878	uncounted	train	24986	0.47
1789527381	3878	uncounted	train	24986	0.46
1789527381	3878	uncounted	train	24986	0.48
1789527382	3878	uncounted	train	24986	0.48
1789527383	3878	uncounted	train	24986	0.47
1789527383	3878	uncounted	train	24986	0.51
1789527384	3878	uncounted	train	24986	0.47
1789527388	3878	uncounted	train	75424	1.01
1789527389	3878	uncounted	train	75424	0.99
1789527390	3878	uncounted	train	75424	1.00
1789527391	3878	uncounted	train	75424	0.98
1789527392	3878	uncounted	train	75424	1.03
1789527393	3878	uncounted	train	75424	1.01
1789527394	3878	uncounted	train	75424	1.01
1789527395	3878	uncounted	train	75424	1.01
1789527400	3878	uncounted	train	100000	1.28
1789527402	3878	uncounted	train	100000	1.22
1789527403	3878	uncounted	train	100000	1.27
1789527405	3878	uncounted	train	100000	1.24
1789527406	3878	uncounted	train	100000	1.18
1789527408	3878	uncounted	train	100000	1.23
1789527409	3878	uncounted	train	100000	1.26
1789527411	3878	uncounted	train	100000	1.29
1789527414	3878	uncounted	train	49301	0.74
1789527415	3878	uncounted	train	49301	0.78
1789527416	3878	uncounted	train	49301	0.76
1789527417	3878	uncounted	train	49301	0.74
1789527418	3878	uncounted	train	49301	0.76
1789527419	3878	uncounted	train	49301	0.79
1789527420	3878	uncounted	train	49301	0.78
1789527421	3878	uncounted	train	49301	0.73
1789527423	3878	uncounted	train	24986	0.50
1789527424	3878	uncounted	train	24986	0.50
1789527425	3878	uncounted	train	24986	0.52
1789527425	3878	uncounted	train	24986	0.51
1789527426	3878	uncounted	train	24986	0.48
1789527427	3878	uncounted	train	24986	0.49
1789527427	3878	uncounted	train	24986	0.51
1789527428	3878	uncounted	train	24986	0.49
1789527432	3878	uncounted	train	75424	1.06
1789527433	3878	uncounted	train	75424	1.05
1789527435	3878	uncounted	train	75424	1.09
1789527436	3878	uncounted	train	75424	1.05
1789527437	3878	uncounted	train	75424	1.05
1789527438	3878	uncounted	train	75424	1.05
1789527439	3878	uncounted	train	75424	1.10
1789527440	3878	uncounted	train	75424	1.00
1789527447	3878	uncounted	train	100000	1.36
1789527448	3878	uncounted	train	100000	1.35
1789527450	3878	uncounted	train	100000	1.42
1789527452	3878	uncounted	train	100000	1.32
1789527453	3878	uncounted	train	100000	1.34
1789527455	3878	uncounted	train	100000	1.34
1789527456	3878	uncounted	train	100000	1.32
1789527458	3878	uncounted	train	100000	1.29
1789527461	3878	uncounted	train	49301	0.91
1789527462	3878	uncounted	train	49301	0.95
1789527463	3878	uncounted	train	49301	0.93
1789527465	3878	uncounted	train	49301	0.94
1789527466	3878	uncounted	train	49301	0.96
1789527467	3878	uncounted	train	49301	0.93
1789527468	3878	uncounted	train	49301	0.96
1789527469	3878	uncounted	train	49301	0.97
1789527471	3878	uncounted	train	24986	0.65
1789527472	3878	uncounted	train	24986	0.64
1789527473	3878	uncounted	train	24986	0.65
1789527474	3878	uncounted	train	24986	0.65
1789527475	3878	uncounted	train	24986	0.65
1789527476	3878	uncounted	train	24986	0.67
1789527477	3878	uncounted	train	24986	0.64
1789527478	3878	uncounted	train	24986	0.63
1789527482	3878	uncounted	train	75424	1.28
1789527483	3878	uncounted	train	75424	1.34
1789527485	3878	uncounted	train	75424	1.29
1789527486	3878	uncounted	train	75424	1.33
1789527487	3878	uncounted	train	75424	1.32
1789527489	3878	uncounted	train	75424	1.23
1789527490	3878	uncounted	train	75424	1.22
1789527492	3878	uncounted	train	75424	1.23
1789527497	3878	uncounted	train	100000	1.62
1789527499	3878	uncounted	train	100000	1.66
1789527501	3878	uncounted	train	100000	1.53
1789527503	3878	uncounted	train	100000	1.60
1789527505	3878	uncounted	train	100000	1.57
1789527507	3878	uncounted	train	100000	1.59
1789527509	3878	uncounted	train	100000	1.52
1789527511	3878	uncounted	train	100000	1.55
1789527514	3878	uncounted	train	49301	0.49
1789527514	3878	uncounted	train	49301	0.49
1789527515	3878	uncounted	train	49301	0.49
1789527515	3878	uncounted	train	49301	0.50
1789527516	3878	uncounted	train	49301	0.50
1789527517	3878	uncounted	train	49301	0.49
1789527517	3878	uncounted	train	49301	0.49
1789527518	3878	uncounted	train	49301	0.51
1789527520	3878	uncounted	train	24986	0.33
1789527520	3878	uncounted	train	24986	0.33
1789527521	3878	uncounted	train	24986	0.34
1789527521	3878	uncounted	train	24986	0.32
1789527522	3878	uncounted	train	24986	0.34
1789527522	3878	uncounted	train	24986	0.33
1789527523	3878	uncounted	train	24986	0.33
1789527523	3878	uncounted	train	24986	0.32
1789527526	3878	uncounted	train	75424	0.70
1789527527	3878	uncounted	train	75424	0.68
1789527528	3878	uncounted	train	75424	0.68
1789527529	3878	uncounted	train	75424	0.73
1789527529	3878	uncounted	train	75424	0.71
1789527530	3878	uncounted	train	75424	0.69
1789527531	3878	uncounted	train	75424	0.69
1789527532	3878	uncounted	train	75424	0.69
1789527537	3878	uncounted	train	100000	0.84
1789527538	3878	uncounted	train	100000	0.83
1789527539	3878	uncounted	train	100000	0.84
1789527540	3878	uncounted	train	100000	0.86
1789527541	3878	uncounted	train	100000	0.84
1789527542	3878	uncounted	train	100000	0.82
1789527543	3878	uncounted	train	100000	0.81
1789527544	3878	uncounted	train	100000	0.81
1789527547	3878	uncounted	train	49301	0.78
1789527548	3878	uncounted	train	49301	0.81
1789527549	3878	uncounted	train	49301	0.78
1789527550	3878	uncounted	train	49301	0.81
1789527551	3878	uncounted	train	49301	0.80
1789527553	3878	uncounted	train	49301	2.10
1789527554	3878	uncounted	train	49301	0.78
1789527555	3878	uncounted	train	49301	0.78
1789527557	3878	uncounted	train	24986	0.56
1789527558	3878	uncounted	train	24986	0.54
1789527559	3878	uncounted	train	24986	0.54
1789527559	3878	uncounted	train	24986	0.54
1789527560	3878	uncounted	train	24986	0.55
1789527561	3878	uncounted	train	24986	0.54
1789527562	3878	uncounted	train	24986	0.55
1789527562	3878	uncounted	train	24986	0.53
1789527566	3878	uncounted	train	75424	1.08
1789527567	3878	uncounted	train	75424	1.11
1789527569	3878	uncounted	train	75424	1.09
1789527570	3878	uncounted	train	75424	1.07
1789527571	3878	uncounted	train	75424	1.09
1789527572	3878	uncounted	train	75424	1.09
1789527573	3878	uncounted	train	75424	1.06
1789527575	3878	uncounted	train	75424	1.08
1789527580	3878	uncounted	train	100000	1.38
1789527582	3878	uncounted	train	100000	1.35
1789527583	3878	uncounted	train	100000	1.41
1789527585	3878	uncounted	train	100000	1.37
1789527587	3878	uncounted	train	100000	1.34
1789527588	3878	uncounted	train	100000	1.34
1789527590	3878	uncounted	train	100000	1.33
1789527591	3878	uncounted	train	100000	1.35
1789527594	3878	uncounted	train	49301	0.72
1789527597	3878	uncounted	train	49301	0.70
1789527600	3878	uncounted	train	49301	0.75
1789527603	3878	uncounted	train	49301	0.74
1789527606	3878	uncounted	train	49301	0.78
1789527609	3878	uncounted	train	49301	0.75
1789527611	3878	uncounted	train	24986	0.46
1789527613	3878	uncounted	train	24986	0.41
1789527615	3878	uncounted	train	24986	0.50
1789527617	3878	uncounted	train	24986	0.50
1789527619	3878	uncounted	train	24986	0.54
1789527622	3878	uncounted	train	24986	0.51
1789527626	3878	uncounted	train	75424	0.86
1789527629	3878	uncounted	train	75424	0.87
1789527632	3878	uncounted	train	75424	0.93
1789527636	3878	uncounted	train	75424	0.91
1789527639	3878	uncounted	train	75424	0.93
1789527643	3878	uncounted	train	75424	1.03
1789527648	3878	uncounted	train	100000	1.18
1789527653	3878	uncounted	train	100000	1.24
1789527659	3878	uncounted	train	100000	1.31
1789527664	3878	uncounted	train	100000	1.17
1789527670	3878	uncounted	train	100000	1.20
1789527675	3878	uncounted	train	100000	1.17
1789527716	3944	uncounted	train	49301	0.58
1789527717	3944	uncounted	train	49301	0.59
1789527718	3944	uncounted	train	49301	0.58
1789527719	3944	uncounted	train	49301	0.58
1789527721	3944	uncounted	train	49301	0.70
1789527722	3944	uncounted	train	49301	0.66
1789527723	3944	uncounted	train	49301	0.66
1789527724	3944	uncounted	train	49301	0.68
1789527726	3944	uncounted	train	24986	0.47
1789527726	3944	uncounted	train	24986	0.47
1789527727	3944	uncounted	train	24986	0.48
1789527728	3944	uncounted	train	24986	0.47
1789527730	3944	uncounted	train	24986	0.47
1789527730	3944	uncounted	train	24986	0.46
1789527731	3944	uncounted	train	24986	0.46
1789527731	3944	uncounted	train	24986	0.47
1789527735	3944	uncounted	train	75424	0.97
1789527736	3944	uncounted	train	75424	0.97
1789527737	3944	uncounted	train	75424	0.96
1789527738	3944	uncounted	train	75424	0.98
1789527742	3944	uncounted	train	75424	1.01
1789527743	3944	uncounted	train	75424	1.02
1789527744	3944	uncounted	train	75424	1.05
1789527745	3944	uncounted	train	75424	1.01
1789527750	3944	uncounted	train	100000	1.29
1789527752	3944	uncounted	train	100000	1.30
1789527753	3944	uncounted	train	100000	1.25
1789527755	3944	uncounted	train	100000	1.27
1789527760	3944	uncounted	train	100000	1.31
1789527762	3944	uncounted	train	100000	1.28
1789527763	3944	uncounted	train	100000	1.28
1789527765	3944	uncounted	train	100000	1.25
1789527768	3944	uncounted	train	49301	0.74
1789527769	3944	uncounted	train	49301	0.72
1789527769	3944	uncounted	train	49301	0.72
1789527770	3944	uncounted	train	49301	0.71
1789527773	3944	uncounted	train	49301	0.73
1789527774	3944	uncounted	train	49301	0.70
1789527775	3944	uncounted	train	49301	0.71
1789527776	3944	uncounted	train	49301	0.70
1789527778	3944	uncounted	train	24986	0.45
1789527778	3944	uncounted	train	24986	0.45
1789527779	3944	uncounted	train	24986	0.46
1789527780	3944	uncounted	train	24986	0.45
1789527782	3944	uncounted	train	24986	0.45
1789527782	3944	uncounted	train	24986	0.45
1789527783	3944	uncounted	train	24986	0.46
1789527784	3944	uncounted	train	24986	0.45
1789527787	3944	uncounted	train	75424	0.97
1789527789	3944	uncounted	train	75424	0.99
1789527790	3944	uncounted	train	75424	1.01
1789527791	3944	uncounted	train	75424	0.98
1789527794	3944	uncounted	train	75424	0.97
1789527795	3944	uncounted	train	75424	0.96
1789527796	3944	uncounted	train	75424	0.95
1789527798	3944	uncounted	train	75424	0.99
1789527803	3944	uncounted	train	100000	1.26
1789527804	3944	uncounted	train	100000	1.32
1789527806	3944	uncounted	train	100000	1.26
1789527808	3944	uncounted	train	100000	1.29
1789527813	3944	uncounted	train	100000	1.21
1789527814	3944	uncounted	train	100000	1.24
1789527816	3944	uncounted	train	100000	1.24
1789527818	3944	uncounted	train	100000	1.22
1789527821	3944	uncounted	train	49301	0.74
1789527821	3944	uncounted	train	49301	0.71
1789527822	3944	uncounted	train	49301	0.74
1789527823	3944	uncounted	train	49301	0.75
1789527826	3944	uncounted	train	49301	0.79
1789527827	3944	uncounted	train	49301	0.76
1789527828	3944	uncounted	train	49301	0.72
1789527829	3944	uncounted	train	49301	0.72
1789527832	3944	uncounted	train	49301	0.76
1789527833	3944	uncounted	train	49301	0.74
1789527834	3944	uncounted	train	49301	0.76
1789527835	3944	uncounted	train	49301	0.76
1789527837	3944	uncounted	train	24986	0.47
1789527837	3944	uncounted	train	24986	0.49
1789527838	3944	uncounted	train	24986	0.49
1789527839	3944	uncounted	train	24986	0.48
1789527841	3944	uncounted	train	24986	0.50
1789527842	3944	uncounted	train	24986	0.50
1789527842	3944	uncounted	train	24986	0.49
1789527843	3944	uncounted	train	24986	0.49
1789527845	3944	uncounted	train	24986	0.48
1789527846	3944	uncounted	train	24986	0.49
1789527846	3944	uncounted	train	24986	0.49
1789527847	3944	uncounted	train	24986	0.50
1789527850	3944	uncounted	train	75424	0.94
1789527851	3944	uncounted	train	75424	0.94
1789527853	3944	uncounted	train	75424	0.92
1789527854	3944	uncounted	train	75424	0.99
1789527857	3944	uncounted	train	75424	0.98
1789527858	3944	uncounted	train	75424	0.95
1789527859	3944	uncounted	train	75424	0.98
1789527860	3944	uncounted	train	75424	0.95
1789527864	3944	uncounted	train	75424	0.94
1789527865	3944	uncounted	train	75424	1.00
1789527866	3944	uncounted	train	75424	1.01
1789527867	3944	uncounted	train	75424	0.98
1789527872	3944	uncounted	train	100000	1.30
1789527874	3944	uncounted	train	100000	1.27
1789527875	3944	uncounted	train	100000	1.25
1789527877	3944	uncounted	train	100000	1.20
1789527882	3944	uncounted	train	100000	1.15
1789527883	3944	uncounted	train	100000	1.14
1789527885	3944	uncounted	train	100000	1.16
1789527886	3944	uncounted	train	100000	1.13
1789527892	3944	uncounted	train	100000	1.29
1789527893	3944	uncounted	train	100000	1.27
1789527895	3944	uncounted	train	100000	1.26
1789527896	3944	uncounted	train	100000	1.33
1789527899	3944	uncounted	train	49301	0.77
1789527900	3944	uncounted	train	49301	0.75
1789527901	3944	uncounted	train	49301	0.72
1789527902	3944	uncounted	train	49301	0.75
1789527905	3944	uncounted	train	49301	0.74
1789527906	3944	uncounted	train	49301	0.69
1789527907	3944	uncounted	train	49301	0.71
1789527907	3944	uncounted	train	49301	0.76
1789527911	3944	uncounted	train	49301	0.73
1789527912	3944	uncounted	train	49301	0.77
1789527913	3944	uncounted	train	49301	0.80
1789527913	3944	uncounted	train	49301	0.76
1789527916	3944	uncounted	train	49301	0.75
1789527917	3944	uncounted	train	49301	0.75
1789527918	3944	uncounted	train	49301	0.75
1789527919	3944	uncounted	train	49301	0.79
1789527921	3944	uncounted	train	24986	0.50
1789527922	3944	uncounted	train	24986	0.51
1789527922	3944	uncounted	train	24986	0.49
1789527923	3944	uncounted	train	24986	0.50
1789527925	3944	uncounted	train	24986	0.49
1789527926	3944	uncounted	train	24986	0.52
1789527927	3944	uncounted	train	24986	0.51
1789527927	3944	uncounted	train	24986	0.52
1789527930	3944	uncounted	train	24986	0.51
1789527931	3944	uncounted	train	24986	0.48
1789527931	3944	uncounted	train	24986	0.47
1789527932	3944	uncounted	train	24986	0.48
1789527934	3944	uncounted	train	24986	0.50
1789527935	3944	uncounted	train	24986	0.50
1789527936	3944	uncounted	train	24986	0.49
1789527936	3944	uncounted	train	24986	0.50
1789527940	3944	uncounted	train	75424	1.03
1789527941	3944	uncounted	train	75424	0.97
1789527943	3944	uncounted	train	75424	1.01
1789527944	3944	uncounted	train	75424	0.98
1789527948	3944	uncounted	train	75424	0.98
1789527949	3944	uncounted	train	75424	1.01
1789527950	3944	uncounted	train	75424	1.04
1789527951	3944	uncounted	train	75424	0.99
1789527956	3944	uncounted	train	75424	0.98
1789527957	3944	uncounted	train	75424	1.00
1789527958	3944	uncounted	train	75424	0.98
1789527959	3944	uncounted	train	75424	0.97
1789527963	3944	uncounted	train	75424	1.01
1789527964	3944	uncounted	train	75424	0.98
1789527965	3944	uncounted	train	75424	1.01
1789527966	3944	uncounted	train	75424	0.99
1789527972	3944	uncounted	train	100000	1.31
1789527973	3944	uncounted	train	100000	1.31
1789527975	3944	uncounted	train	100000	1.34
1789527977	3944	uncounted	train	100000	1.35
1789527983	3944	uncounted	train	100000	1.22
1789527984	3944	uncounted	train	100000	1.21
1789527986	3944	uncounted	train	100000	1.24
1789527987	3944	uncounted	train	100000	1.21
1789527993	3944	uncounted	train	100000	1.19
1789527995	3944	uncounted	train	100000	1.23
1789527996	3944	uncounted	train	100000	1.25
1789527998	3944	uncounted	train	100000	1.25
1789528004	3944	uncounted	train	100000	1.21
1789528005	3944	uncounted	train	100000	1.23
1789528007	3944	uncounted	train	100000	1.20
1789528008	3944	uncounted	train	100000	1.24
1789528022	4000	uncounted	train	49301	0.70
1789528023	4000	uncounted	train	49301	0.68
1789528023	4000	uncounted	train	49301	0.68
1789528024	4000	uncounted	train	49301	0.69
1789528025	4000	uncounted	train	49301	0.74
1789528026	4000	uncounted	train	49301	0.73
1789528027	4000	uncounted	train	49301	0.71
1789528028	4000	uncounted	train	49301	0.70
1789528030	4000	uncounted	train	24986	0.49
1789528030	4000	uncounted	train	24986	0.46
1789528031	4000	uncounted	train	24986	0.47
1789528032	4000	uncounted	train	24986	0.49
1789528032	4000	uncounted	train	24986	0.45
1789528033	4000	uncounted	train	24986	0.47
1789528034	4000	uncounted	train	24986	0.50
1789528034	4000	uncounted	train	24986	0.46
1789528038	4000	uncounted	train	75424	0.95
1789528039	4000	uncounted	train	75424	0.97
1789528040	4000	uncounted	train	75424	0.96
1789528041	4000	uncounted	train	75424	0.93
1789528042	4000	uncounted	train	75424	0.98
1789528043	4000	uncounted	train	75424	0.97
1789528044	4000	uncounted	train	75424	0.96
1789528045	4000	uncounted	train	75424	0.92
1789528050	4000	uncounted	train	100000	1.26
1789528052	4000	uncounted	train	100000	1.17
1789528053	4000	uncounted	train	100000	1.29
1789528055	4000	uncounted	train	100000	1.32
1789528057	4000	uncounted	train	100000	1.21
1789528058	4000	uncounted	train	100000	1.24
1789528060	4000	uncounted	train	100000	1.25
1789528061	4000	uncounted	train	100000	1.27
1789528064	4000	uncounted	train	49301	0.79
1789528065	4000	uncounted	train	49301	0.80
1789528066	4000	uncounted	train	49301	0.79
1789528067	4000	uncounted	train	49301	0.79
1789528068	4000	uncounted	train	49301	0.76
1789528069	4000	uncounted	train	49301	0.79
1789528070	4000	uncounted	train	49301	0.80
1789528071	4000	uncounted	train	49301	0.81
1789528073	4000	uncounted	train	24986	0.53
1789528074	4000	uncounted	train	24986	0.54
1789528074	4000	uncounted	train	24986	0.53
1789528075	4000	uncounted	train	24986	0.52
1789528076	4000	uncounted	train	24986	0.52
1789528076	4000	uncounted	train	24986	0.52
1789528077	4000	uncounted	train	24986	0.53
1789528078	4000	uncounted	train	24986	0.55
1789528082	4000	uncounted	train	75424	1.05
1789528083	4000	uncounted	train	75424	1.01
1789528084	4000	uncounted	train	75424	1.03
1789528085	4000	uncounted	train	75424	1.04
1789528086	4000	uncounted	train	75424	1.07
1789528087	4000	uncounted	train	75424	1.05
1789528089	4000	uncounted	train	75424	1.08
1789528090	4000	uncounted	train	75424	1.07
1789528095	4000	uncounted	train	100000	1.26
1789528096	4000	uncounted	train	100000	1.32
1789528098	4000	uncounted	train	100000	1.30
1789528100	4000	uncounted	train	100000	1.34
1789528101	4000	uncounted	train	100000	1.35
1789528103	4000	uncounted	train	100000	1.32
1789528104	4000	uncounted	train	100000	1.37
1789528106	4000	uncounted	train	100000	1.28
1789528109	4000	uncounted	train	49301	0.91
1789528110	4000	uncounted	train	49301	0.93
1789528111	4000	uncounted	train	49301	0.95
1789528112	4000	uncounted	train	49301	0.96
1789528114	4000	uncounted	train	49301	0.95
1789528115	4000	uncounted	train	49301	0.94
1789528116	4000	uncounted	train	49301	0.93
1789528117	4000	uncounted	train	49301	0.92
1789528119	4000	uncounted	train	24986	0.62
1789528120	4000	uncounted	train	24986	0.62
1789528121	4000	uncounted	train	24986	0.63
1789528122	4000	uncounted	train	24986	0.64
1789528123	4000	uncounted	train	24986	0.65
1789528124	4000	uncounted	train	24986	0.63
1789528124	4000	uncounted	train	24986	0.60
1789528125	4000	uncounted	train	24986	0.62
1789528129	4000	uncounted	train	75424	1.26
1789528131	4000	uncounted	train	75424	1.27
1789528132	4000	uncounted	train	75424	1.25
1789528133	4000	uncounted	train	75424	1.22
1789528135	4000	uncounted	train	75424	1.28
1789528136	4000	uncounted	train	75424	1.24
1789528137	4000	uncounted	train	75424	1.26
1789528139	4000	uncounted	train	75424	1.24
1789528144	4000	uncounted	train	100000	1.60
1789528146	4000	uncounted	train	100000	1.58
1789528148	4000	uncounted	train	100000	1.56
1789528150	4000	uncounted	train	100000	1.61
1789528152	4000	uncounted	train	100000	1.56
1789528154	4000	uncounted	train	100000	1.53
1789528156	4000	uncounted	train	100000	1.56
1789528158	4000	uncounted	train	100000	1.64
1789528161	4000	uncounted	train	49301	0.85
1789528162	4000	uncounted	train	49301	0.71
1789528163	4000	uncounted	train	49301	0.71
1789528164	4000	uncounted	train	49301	0.72
1789528164	4000	uncounted	train	49301	0.70
1789528165	4000	uncounted	train	49301	0.69
1789528166	4000	uncounted	train	49301	0.68
1789528167	4000	uncounted	train	49301	0.71
1789528169	4000	uncounted	train	24986	0.45
1789528170	4000	uncounted	train	24986	0.47
1789528171	4000	uncounted	train	24986	0.49
1789528171	4000	uncounted	train	24986	0.49
1789528172	4000	uncounted	train	24986	0.49
1789528173	4000	uncounted	train	24986	0.52
1789528173	4000	uncounted	train	24986	0.52
1789528174	4000	uncounted	train	24986	0.49
1789528177	4000	uncounted	train	75424	0.95
1789528179	4000	uncounted	train	75424	1.00
1789528180	4000	uncounted	train	75424	1.06
1789528181	4000	uncounted	train	75424	0.99
1789528182	4000	uncounted	train	75424	0.98
1789528183	4000	uncounted	train	75424	1.00
1789528184	4000	uncounted	train	75424	0.99
1789528185	4000	uncounted	train	75424	1.01
1789528191	4000	uncounted	train	100000	1.29
1789528192	4000	uncounted	train	100000	1.29
1789528194	4000	uncounted	train	100000	1.24
1789528195	4000	uncounted	train	100000	1.28
1789528197	4000	uncounted	train	100000	1.25
1789528198	4000	uncounted	train	100000	1.30
1789528200	4000	uncounted	train	100000	1.31
1789528202	4000	uncounted	train	100000	1.33
1789528209	4041	counted	train	100000	1.52
1789528211	4041	counted	train	100000	1.59
1789528212	4041	counted	train	100000	1.58
1789528214	4041	counted	train	100000	1.64
1789528216	4041	counted	train	100000	1.68
1789528218	4041	counted	train	100000	1.64
1789528219	4041	counted	train	100000	1.66
1789528221	4041	counted	train	100000	1.62
1789528257	4161	counted	train	100000	1.55
1789528259	4161	counted	train	100000	1.44
1789528260	4161	counted	train	100000	1.54
1789528262	4161	counted	train	100000	1.53
1789528264	4161	counted	train	100000	1.48
1789528265	4161	counted	train	100000	1.47
1789528267	4161	counted	train	100000	1.42
1789528268	4161	counted	train	100000	1.47
1789528289	4279	counted	train	100000	1.49
1789528291	4279	counted	train	100000	1.53
1789528293	4279	counted	train	100000	1.48
1789528294	4279	counted	train	100000	1.50
1789528296	4279	counted	train	100000	1.50
1789528297	4279	counted	train	100000	1.50
1789528299	4279	counted	train	100000	1.53
1789528300	4279	counted	train	100000	1.51
1789528303	4279	counted	train	100000	2.15
1789528305	4279	counted	train	100000	2.06
1789528322	4382	counted	train	100000	1.68
1789528324	4382	counted	train	100000	1.68
1789528326	4382	counted	train	100000	1.73
1789528327	4382	counted	train	100000	1.69
1789528329	4382	counted	train	100000	1.61
1789528331	4382	counted	train	100000	1.58
1789528332	4382	counted	train	100000	1.61
1789528334	4382	counted	train	100000	1.60
1789528336	4382	counted	train	100000	1.56
1789528338	4382	counted	train	100000	2.06
1789528341	4382	counted	train	100000	2.75
1789528345	4382	counted	train	100000	4.61
1789528359	4435	counted	train	100000	1.61
1789528361	4435	counted	train	100000	1.55
1789528362	4435	counted	train	100000	1.54
1789528364	4435	counted	train	100000	1.55
1789528366	4435	counted	train	100000	1.57
1789528367	4435	counted	train	100000	1.55
1789528369	4435	counted	train	100000	1.56
1789528370	4435	counted	train	100000	1.59
1789528372	4435	counted	train	100000	1.59
1789528374	4435	counted	train	100000	1.58
1789528376	4435	counted	train	100000	1.70
1789528377	4435	counted	train	100000	1.55
1789528379	4435	counted	train	100000	1.58
1789528381	4435	counted	train	100000	2.04
1789528384	4435	counted	train	100000	2.69
1789528388	4435	counted	train	100000	4.60
1789528412	4539	counted	train	100000	1.51
1789528413	4539	counted	train	100000	1.61
1789528415	4539	counted	train	100000	1.60
1789528417	4539	counted	train	100000	1.71
1789528419	4539	counted	train	100000	1.66
1789528420	4539	counted	train	100000	1.68
1789528422	4539	counted	train	100000	1.56
1789528424	4539	counted	train	100000	1.59
1789528425	4539	counted	train	100000	1.56
1789528427	4539	counted	train	100000	1.60
1789528429	4539	counted	train	100000	1.61
1789528430	4539	counted	train	100000	1.58
1789528432	4539	counted	train	100000	1.61
1789528434	4539	counted	train	100000	2.09
1789528437	4539	counted	train	100000	2.69
1789528442	4539	counted	train	100000	4.71
1789528463	4608	counted	train	100000	0.78
1789528464	4608	counted	train	100000	0.76
1789528465	4608	counted	train	100000	0.75
1789528466	4608	counted	train	100000	0.74
1789528466	4608	counted	train	100000	0.76
1789528467	4608	counted	train	100000	0.77
1789528468	4608	counted	train	100000	0.76
1789528469	4608	counted	train	100000	0.77
1789528470	4608	counted	train	100000	0.81
1789528471	4608	counted	train	100000	0.81
1789528472	4608	counted	train	100000	0.78
1789528472	4608	counted	train	100000	0.75
1789528473	4608	counted	train	100000	0.79
1789528474	4608	counted	train	100000	1.09
1789528476	4608	counted	train	100000	1.39
1789528478	4608	counted	train	100000	2.45
1789528501	4763	counted	train	100000	0.81
1789528502	4763	counted	train	100000	0.87
1789528503	4763	counted	train	100000	0.81
1789528504	4763	counted	train	100000	0.82
1789528505	4763	counted	train	100000	0.86
1789528506	4763	counted	train	100000	0.87
1789528507	4763	counted	train	100000	0.86
1789528508	4763	counted	train	100000	0.95
1789528509	4763	counted	train	100000	0.88
1789528510	4763	counted	train	100000	0.91
1789528511	4763	counted	train	100000	0.84
1789528512	4763	counted	train	100000	1.17
1789528513	4763	counted	train	100000	0.86
1789528514	4763	counted	train	100000	1.10
1789528516	4763	counted	train	100000	1.38
1789528518	4763	counted	train	100000	2.30
1789528542	4909	counted	train	100000	0.72
1789528543	4909	counted	train	100000	0.74
1789528544	4909	counted	train	100000	0.85
1789528544	4909	counted	train	100000	0.82
1789528545	4909	counted	train	100000	0.76
1789528546	4909	counted	train	100000	0.80
1789528547	4909	counted	train	100000	0.82
1789528548	4909	counted	train	100000	0.80
1789528549	4909	counted	train	100000	0.80
1789528550	4909	counted	train	100000	0.79
1789528551	4909	counted	train	100000	0.78
1789528551	4909	counted	train	100000	0.81
1789528552	4909	counted	train	100000	0.80
1789528553	4909	counted	train	100000	0.99
1789528555	4909	counted	train	100000	1.33
1789528557	4909	counted	train	100000	2.37
1789528584	5026	counted	train	49675	0.44
1789528584	5026	counted	train	49675	0.45
1789528585	5026	counted	train	49675	0.45
1789528585	5026	counted	train	49675	0.47
1789528586	5026	counted	train	49675	0.46
1789528587	5026	counted	train	49675	0.46
1789528587	5026	counted	train	49675	0.45
1789528588	5026	counted	train	49675	0.44
1789528588	5026	counted	train	49675	0.47
1789528589	5026	counted	train	49675	0.48
1789528589	5026	counted	train	49675	0.47
1789528590	5026	counted	train	49675	0.47
1789528591	5026	counted	train	49675	0.46
1789528591	5026	counted	train	49675	0.60
1789528592	5026	counted	train	49675	0.83
1789528594	5026	counted	train	49675	1.72
1789528595	5026	counted	train	50325	0.45
1789528596	5026	counted	train	50325	0.45
1789528596	5026	counted	train	50325	0.47
1789528597	5026	counted	train	50325	0.46
1789528597	5026	counted	train	50325	0.46
1789528598	5026	counted	train	50325	0.49
1789528599	5026	counted	train	50325	0.47
1789528599	5026	counted	train	50325	0.47
1789528600	5026	counted	train	50325	0.48
1789528600	5026	counted	train	50325	0.48
1789528601	5026	counted	train	50325	0.47
1789528602	5026	counted	train	50325	0.48
1789528602	5026	counted	train	50325	0.48
1789528603	5026	counted	train	50325	0.66
1789528604	5026	counted	train	50325	0.85
1789528606	5026	counted	train	50325	1.65
1789528607	5026	counted	train	100000	0.90
1789528608	5026	counted	train	100000	0.89
1789528609	5026	counted	train	100000	0.88
1789528610	5026	counted	train	100000	0.85
1789528611	5026	counted	train	100000	0.83
1789528612	5026	counted	train	100000	0.85
1789528613	5026	counted	train	100000	0.85
1789528613	5026	counted	train	100000	0.86
1789528614	5026	counted	train	100000	0.86
1789528615	5026	counted	train	100000	0.87
1789528616	5026	counted	train	100000	0.83
1789528617	5026	counted	train	100000	0.85
1789528618	5026	counted	train	100000	0.80
1789528619	5026	counted	train	100000	1.03
1789528621	5026	counted	train	100000	1.40
1789528623	5026	counted	train	100000	2.36
1789528623	5026	counted	train	100000	0.36
1789528641	5145	counted	train	100000	0.56
1789528642	5145	counted	train	100000	0.71
1789528643	5145	counted	train	100000	0.91
1789528644	5145	counted	train	100000	0.58
1789528645	5145	counted	train	100000	0.71
1789528646	5145	counted	train	100000	0.93
1789528646	5145	counted	train	100000	0.59
1789528647	5145	counted	train	100000	0.73
1789528648	5145	counted	train	100000	0.88
1789528649	5145	counted	train	100000	0.54
1789528649	5145	counted	train	100000	0.70
1789528650	5145	counted	train	100000	0.88
1789528651	5145	counted	train	100000	0.75
1789528652	5145	counted	train	100000	0.94
1789528654	5145	counted	train	100000	1.24
1789528656	5145	counted	train	100000	2.34
1789528683	5196	exempt	train	100000	0.74
1789528684	5196	exempt	train	100000	0.74
1789528685	5196	exempt	train	100000	0.73
1789528686	5196	exempt	train	100000	0.75
1789528686	5196	exempt	train	100000	0.75
1789528687	5196	exempt	train	100000	0.75
1789528688	5196	exempt	train	100000	0.77
1789528689	5196	exempt	train	100000	0.77
1789528690	5196	exempt	train	100000	0.75
1789528691	5196	exempt	train	100000	0.74
1789528691	5196	exempt	train	100000	0.74
1789528692	5196	exempt	train	100000	0.77
1789528693	5196	exempt	train	100000	0.80
1789528694	5196	exempt	train	100000	0.95
1789528695	5196	exempt	train	100000	1.26
1789528698	5196	exempt	train	100000	2.29
1789528723	5287	counted	train	87811	2.51
1789528726	5287	counted	train	87811	2.53
1789528728	5287	counted	train	87811	2.57
1789528731	5287	counted	train	87811	2.60
1789528734	5287	counted	train	87811	2.57
1789528736	5287	counted	train	87811	2.48
1789528739	5287	counted	train	87811	2.49
1789528742	5287	counted	train	87811	2.72
1789528744	5287	counted	train	87811	2.64
1789528747	5287	counted	train	87811	2.66
1789528750	5287	counted	train	87811	2.65
1789528752	5287	counted	train	87811	2.65
1789528753	5287	counted	train	100000	0.84
1789528754	5287	counted	train	100000	1.07
1789528756	5287	counted	train	100000	1.33
1789528758	5287	counted	train	100000	2.45
1789528772	5342	counted	train	100000	0.39
1789528773	5342	counted	train	100000	0.40
1789528773	5342	counted	train	100000	0.40
1789528774	5342	counted	train	100000	0.40
1789528774	5342	counted	train	100000	0.38
1789528775	5342	counted	train	100000	0.39
1789528775	5342	counted	train	100000	0.40
1789528776	5342	counted	train	100000	0.43
1789528776	5342	counted	train	100000	0.41
1789528777	5342	counted	train	100000	0.41
1789528777	5342	counted	train	100000	0.41
1789528778	5342	counted	train	100000	0.40
1789528778	5342	counted	train	100000	0.41
1789528779	5342	counted	train	100000	0.51
1789528780	5342	counted	train	100000	0.69
1789528781	5342	counted	train	100000	1.15
1789528793	5396	counted	train	100000	0.79
1789528793	5396	counted	train	100000	0.80
1789528794	5396	counted	train	100000	0.79
1789528795	5396	counted	train	100000	0.81
1789528796	5396	counted	train	100000	0.79
1789528797	5396	counted	train	100000	0.78
1789528798	5396	counted	train	100000	0.77
1789528799	5396	counted	train	100000	0.78
1789528800	5396	counted	train	100000	0.79
1789528800	5396	counted	train	100000	0.82
1789528801	5396	counted	train	100000	0.79
1789528802	5396	counted	train	100000	0.79
1789528803	5396	counted	train	100000	0.82
1789528804	5396	counted	train	100000	0.81
1789528805	5396	counted	train	100000	0.81
1789528806	5396	counted	train	100000	0.83
1789528807	5396	counted	train	100000	0.79
1789528808	5396	counted	train	100000	1.02
1789528809	5396	counted	train	100000	1.32
1789528811	5396	counted	train	100000	2.32
1789528823	5451	counted	train	100000	0.82
1789528824	5451	counted	train	100000	0.78
1789528825	5451	counted	train	100000	0.78
1789528826	5451	counted	train	100000	0.81
1789528827	5451	counted	train	100000	0.79
1789528828	5451	counted	train	100000	0.82
1789528829	5451	counted	train	100000	0.80
1789528829	5451	counted	train	100000	0.84
1789528830	5451	counted	train	100000	0.87
1789528831	5451	counted	train	100000	0.81
1789528832	5451	counted	train	100000	0.81
1789528833	5451	counted	train	100000	0.86
1789528834	5451	counted	train	100000	0.84
1789528835	5451	counted	train	100000	1.06
1789528837	5451	counted	train	100000	1.34
1789528839	5451	counted	train	100000	2.17
1789528877	5505	counted	train	100000	0.89
1789528878	5505	counted	train	100000	0.85
1789528879	5505	counted	train	100000	0.92
1789528880	5505	counted	train	100000	0.92
1789528881	5505	counted	train	100000	0.90
1789528882	5505	counted	train	100000	0.92
1789528883	5505	counted	train	100000	0.93
1789528884	5505	counted	train	100000	0.94
1789528885	5505	counted	train	100000	0.91
1789528886	5505	counted	train	100000	0.90
1789528887	5505	counted	train	100000	0.93
1789528888	5505	counted	train	100000	0.86
1789528889	5505	counted	train	100000	0.92
1789528890	5505	counted	train	100000	1.19
1789528892	5505	counted	train	100000	1.48
1789528895	5505	counted	train	100000	2.55
1789528921	5558	counted	train	100000	0.77
1789528921	5558	counted	train	100000	0.76
1789528922	5558	counted	train	100000	0.76
1789528923	5558	counted	train	100000	0.73
1789528924	5558	counted	train	100000	0.72
1789528925	5558	counted	train	100000	0.76
1789528926	5558	counted	train	100000	0.78
1789528926	5558	counted	train	100000	0.74
1789528927	5558	counted	train	100000	0.76
1789528928	5558	counted	train	100000	0.74
1789528929	5558	counted	train	100000	0.76
1789528930	5558	counted	train	100000	0.78
1789528931	5558	counted	train	100000	0.79
1789528932	5558	counted	train	100000	0.96
1789528933	5558	counted	train	100000	1.19
1789528935	5558	counted	train	100000	1.97
1789528945	5610	counted	train	100000	0.81
1789528946	5610	counted	train	100000	0.80
1789528946	5610	counted	train	100000	0.78
1789528947	5610	counted	train	100000	0.79
1789528948	5610	counted	train	100000	0.77
1789528949	5610	counted	train	100000	0.76
1789528950	5610	counted	train	100000	0.77
1789528951	5610	counted	train	100000	0.77
1789528952	5610	counted	train	100000	0.77
1789528952	5610	counted	train	100000	0.77
1789528953	5610	counted	train	100000	0.76
1789528954	5610	counted	train	100000	0.75
1789528955	5610	counted	train	100000	0.75
1789528956	5610	counted	train	100000	0.94
1789528957	5610	counted	train	100000	1.12
1789528959	5610	counted	train	100000	1.61
1789528972	5679	counted	train	100000	0.79
1789528973	5679	counted	train	100000	0.77
1789528974	5679	counted	train	100000	0.77
1789528975	5679	counted	train	100000	0.79
1789528976	5679	counted	train	100000	0.79
1789528977	5679	counted	train	100000	0.79
1789528977	5679	counted	train	100000	0.78
1789528978	5679	counted	train	100000	0.79
1789528979	5679	counted	train	100000	0.81
1789528980	5679	counted	train	100000	0.81
1789528981	5679	counted	train	100000	0.77
1789528982	5679	counted	train	100000	0.79
1789528983	5679	counted	train	100000	0.79
1789528984	5679	counted	train	100000	1.01
1789528985	5679	counted	train	100000	1.21
1789528987	5679	counted	train	100000	1.86
1789528998	5733	counted	train	100000	0.91
1789528999	5733	counted	train	100000	0.92
1789529000	5733	counted	train	100000	0.92
1789529001	5733	counted	train	100000	0.93
1789529002	5733	counted	train	100000	0.92
1789529003	5733	counted	train	100000	0.91
1789529004	5733	counted	train	100000	0.91
1789529005	5733	counted	train	100000	0.98
1789529006	5733	counted	train	100000	1.01
1789529008	5733	counted	train	100000	0.97
1789529009	5733	counted	train	100000	0.96
1789529010	5733	counted	train	100000	1.00
1789529011	5733	counted	train	100000	0.81
1789529012	5733	counted	train	100000	1.03
1789529013	5733	counted	train	100000	1.29
1789529015	5733	counted	train	100000	2.06
1789529026	5786	counted	train	100000	1.24
1789529027	5786	counted	train	100000	1.17
1789529028	5786	counted	train	100000	1.24
1789529030	5786	counted	train	100000	1.26
1789529031	5786	counted	train	100000	1.23
1789529032	5786	counted	train	100000	1.29
1789529034	5786	counted	train	100000	1.30
1789529035	5786	counted	train	100000	1.30
1789529037	5786	counted	train	100000	1.38
1789529038	5786	counted	train	100000	1.31
1789529039	5786	counted	train	100000	1.30
1789529041	5786	counted	train	100000	1.36
1789529042	5786	counted	train	100000	0.85
1789529043	5786	counted	train	100000	1.05
1789529044	5786	counted	train	100000	1.34
1789529046	5786	counted	train	100000	2.05
1789529061	5853	counted	train	100000	0.95
1789529062	5853	counted	train	100000	0.93
1789529063	5853	counted	train	100000	0.95
1789529064	5853	counted	train	100000	0.94
1789529065	5853	counted	train	100000	0.92
1789529066	5853	counted	train	100000	0.95
1789529067	5853	counted	train	100000	0.97
1789529068	5853	counted	train	100000	0.98
1789529069	5853	counted	train	100000	0.94
1789529070	5853	counted	train	100000	1.00
1789529071	5853	counted	train	100000	0.98
1789529072	5853	counted	train	100000	0.96
1789529073	5853	counted	train	100000	0.78
1789529074	5853	counted	train	100000	0.98
1789529076	5853	counted	train	100000	1.27
1789529078	5853	counted	train	100000	1.91
1789529095	5920	counted	train	100000	0.65
1789529096	5920	counted	train	100000	0.66
1789529096	5920	counted	train	100000	0.68
1789529097	5920	counted	train	100000	0.67
1789529098	5920	counted	train	100000	0.63
1789529099	5920	counted	train	100000	0.67
1789529099	5920	counted	train	100000	0.66
1789529100	5920	counted	train	100000	0.71
1789529101	5920	counted	train	100000	0.70
1789529102	5920	counted	train	100000	0.67
1789529103	5920	counted	train	100000	0.66
1789529103	5920	counted	train	100000	0.65
1789529104	5920	counted	train	100000	0.56
1789529105	5920	counted	train	100000	0.70
1789529106	5920	counted	train	100000	0.87
1789529107	5920	counted	train	100000	1.33
1789529117	5974	counted	train	100000	0.99
1789529118	5974	counted	train	100000	0.97
1789529119	5974	counted	train	100000	1.04
1789529120	5974	counted	train	100000	1.05
1789529121	5974	counted	train	100000	1.03
1789529122	5974	counted	train	100000	1.00
1789529123	5974	counted	train	100000	1.01
1789529124	5974	counted	train	100000	1.06
1789529125	5974	counted	train	100000	1.06
1789529127	5974	counted	train	100000	1.03
1789529128	5974	counted	train	100000	1.06
1789529129	5974	counted	train	100000	1.05
1789529130	5974	counted	train	100000	0.83
1789529131	5974	counted	train	100000	1.09
1789529132	5974	counted	train	100000	1.31
1789529134	5974	counted	train	100000	2.14
1789529151	6029	counted	train	100000	1.07
1789529152	6029	counted	train	100000	1.06
1789529153	6029	counted	train	100000	1.11
1789529154	6029	counted	train	100000	1.09
1789529156	6029	counted	train	100000	1.08
1789529157	6029	counted	train	100000	1.07
1789529158	6029	counted	train	100000	1.09
1789529159	6029	counted	train	100000	1.06
1789529160	6029	counted	train	100000	1.09
1789529161	6029	counted	train	100000	1.06
1789529163	6029	counted	train	100000	1.09
1789529164	6029	counted	train	100000	1.06
1789529165	6029	counted	train	100000	0.84
1789529166	6029	counted	train	100000	1.06
1789529167	6029	counted	train	100000	1.30
1789529169	6029	counted	train	100000	2.06
1789529192	6081	exempt	train	100000	0.88
1789529193	6081	exempt	train	100000	0.86
1789529194	6081	exempt	train	100000	0.91
1789529195	6081	exempt	train	100000	0.98
1789529196	6081	exempt	train	100000	0.98
1789529197	6081	exempt	train	100000	0.99
1789529198	6081	exempt	train	100000	0.93
1789529200	6081	exempt	train	100000	0.98
1789529201	6081	exempt	train	100000	0.98
1789529202	6081	exempt	train	100000	0.95
1789529203	6081	exempt	train	100000	0.95
1789529204	6081	exempt	train	100000	0.97
1789529205	6081	exempt	train	100000	0.82
1789529206	6081	exempt	train	100000	1.01
1789529207	6081	exempt	train	100000	1.22
1789529209	6081	exempt	train	100000	1.98
