ts	pid	kind	api	rows	seconds
1789583140	55	counted	train	100000	0.17
1789583274	139	counted	train	90000	22.83
1789583295	139	counted	train	100000	21.40
1789583388	165	uncounted	train	75424	16.08
1789583406	177	uncounted	train	100000	0.16
1789583413	189	uncounted	train	100000	0.17
1789583414	189	uncounted	train	100000	0.34
1789583414	189	uncounted	train	100000	0.16
1789583415	189	uncounted	train	100000	0.16
1789583415	189	uncounted	train	100000	0.32
1789583416	189	uncounted	train	100000	0.31
1789583417	189	uncounted	train	100000	0.44
1789583419	189	uncounted	train	100000	1.38
1789583437	201	uncounted	train	100000	0.15
1789583437	201	uncounted	train	100000	0.24
1789583438	201	uncounted	train	100000	0.35
1789583438	201	uncounted	train	100000	0.47
1789583439	201	uncounted	train	100000	0.67
1789583441	201	uncounted	train	100000	1.10
1789583441	201	uncounted	train	100000	0.15
1789583441	201	uncounted	train	100000	0.30
1789583442	201	uncounted	train	100000	0.48
1789583442	201	uncounted	train	100000	0.15
1789583443	201	uncounted	train	100000	0.28
1789583443	201	uncounted	train	100000	0.46
1789583444	201	uncounted	train	100000	0.29
1789583444	201	uncounted	train	100000	0.31
1789583445	201	uncounted	train	100000	0.49
1789583505	213	uncounted	train	100000	0.29
1789583505	213	uncounted	train	100000	0.48
1789583506	213	uncounted	train	100000	0.71
1789583507	213	uncounted	train	100000	0.89
1789583508	213	uncounted	train	100000	0.70
1789583509	213	uncounted	train	100000	0.93
1789583511	213	uncounted	train	100000	1.38
1789583512	213	uncounted	train	100000	0.30
1789583513	213	uncounted	train	100000	0.82
1789583514	213	uncounted	train	100000	1.52
1789583515	213	uncounted	train	100000	0.48
1789583516	213	uncounted	train	100000	0.50
1789583516	213	uncounted	train	100000	0.49
1789583517	213	uncounted	train	100000	0.46
1789583518	213	uncounted	train	100000	0.52
1789583519	213	uncounted	train	100000	0.49
1789583520	213	uncounted	train	100000	0.49
1789583521	213	uncounted	train	100000	0.51
1789583521	213	uncounted	train	100000	0.52
1789583522	213	uncounted	train	100000	0.50
1789583523	213	uncounted	train	100000	0.51
1789583523	213	uncounted	train	100000	0.51
1789583569	225	uncounted	train	100000	0.25
1789583570	225	uncounted	train	100000	0.38
1789583570	225	uncounted	train	100000	0.15
1789583571	225	uncounted	train	100000	0.44
1789583571	225	uncounted	train	100000	0.71
1789583572	225	uncounted	train	100000	0.32
1789583572	225	uncounted	train	100000	0.32
1789583573	225	uncounted	train	100000	0.32
1789583573	225	uncounted	train	100000	0.30
1789583574	225	uncounted	train	100000	0.16
1789583574	225	uncounted	train	100000	0.31
1789583574	225	uncounted	train	100000	0.31
1789583575	225	uncounted	train	100000	0.32
1789583575	225	uncounted	train	100000	0.33
1789583576	225	uncounted	train	100000	0.47
1789583577	225	uncounted	train	100000	0.62
1789583577	225	uncounted	train	100000	0.32
1789583578	225	uncounted	train	100000	0.31
1789583578	225	uncounted	train	100000	0.31
1789583579	225	uncounted	train	100000	0.31
1789583579	225	uncounted	train	100000	0.32
1789583580	225	uncounted	train	100000	0.31
1789583606	237	uncounted	train	100000	0.30
1789583615	249	uncounted	train	100000	0.28
1789583616	249	uncounted	train	100000	0.28
1789583616	249	uncounted	train	100000	0.25
1789583617	249	uncounted	train	100000	0.33
1789583617	249	uncounted	train	100000	0.33
1789583618	249	uncounted	train	100000	0.00
1789583654	261	uncounted	train	100000	0.30
1789583654	261	uncounted	train	100000	0.28
1789583654	261	uncounted	train	100000	0.29
1789583772	288	counted	train	100000	0.43
1789583903	313	uncounted	train	100000	0.42
1789583903	313	uncounted	train	100000	0.36
1789583904	313	uncounted	train	100000	0.65
1789583904	313	uncounted	train	100000	0.45
1789583905	313	uncounted	train	100000	0.43
1789583906	313	uncounted	train	100000	0.44
1789583906	313	uncounted	train	100000	0.45
1789583907	313	uncounted	train	100000	0.45
1789583907	313	uncounted	train	100000	0.46
1789583908	313	uncounted	train	100000	0.46
1789583909	313	uncounted	train	100000	0.44
1789583909	313	uncounted	train	100000	0.44
1789583910	313	uncounted	train	100000	0.44
1789583910	313	uncounted	train	100000	0.44
1789583911	313	uncounted	train	100000	0.46
1789583912	313	uncounted	train	100000	0.45
1789583912	313	uncounted	train	100000	0.47
1789583913	313	uncounted	train	100000	0.46
1789583913	313	uncounted	train	100000	0.45
1789583914	313	uncounted	train	100000	0.46
1789583915	313	uncounted	train	100000	0.44
1789583915	313	uncounted	train	100000	0.44
1789583916	313	uncounted	train	100000	0.46
1789583916	313	uncounted	train	100000	0.44
1789583917	313	uncounted	train	100000	0.45
1789583918	313	uncounted	train	100000	0.44
1789583918	313	uncounted	train	100000	0.43
1789583919	313	uncounted	train	100000	0.44
1789583919	313	uncounted	train	100000	0.45
1789583920	313	uncounted	train	100000	0.44
1789583921	313	uncounted	train	100000	0.48
1789583921	313	uncounted	train	100000	0.47
1789583922	313	uncounted	train	100000	0.48
1789583922	313	uncounted	train	100000	0.46
1789583923	313	uncounted	train	100000	0.48
1789583923	313	uncounted	train	100000	0.47
1789583924	313	uncounted	train	100000	0.47
1789583925	313	uncounted	train	100000	0.47
1789583925	313	uncounted	train	100000	0.48
1789583926	313	uncounted	train	100000	0.47
1789583964	325	uncounted	train	100000	0.44
1789583965	325	uncounted	train	100000	0.44
1789583965	325	uncounted	train	100000	0.46
1789583966	325	uncounted	train	100000	0.45
1789583966	325	uncounted	train	100000	0.44
1789583967	325	uncounted	train	100000	0.43
1789583967	325	uncounted	train	100000	0.43
1789583968	325	uncounted	train	100000	0.47
1789583969	325	uncounted	train	100000	0.47
1789583969	325	uncounted	train	100000	0.44
1789583970	325	uncounted	train	100000	0.43
1789583970	325	uncounted	train	100000	0.42
1789583971	325	uncounted	train	100000	0.45
1789583971	325	uncounted	train	100000	0.44
1789583972	325	uncounted	train	100000	0.43
1789583973	325	uncounted	train	100000	0.45
1789583973	325	uncounted	train	100000	0.43
1789583974	325	uncounted	train	100000	0.43
1789583974	325	uncounted	train	100000	0.44
1789583975	325	uncounted	train	100000	0.45
1789583975	325	uncounted	train	100000	0.43
1789583976	325	uncounted	train	100000	0.43
1789583976	325	uncounted	train	100000	0.42
1789583977	325	uncounted	train	100000	0.43
1789583978	325	uncounted	train	100000	0.45
1789583978	325	uncounted	train	100000	0.45
1789583979	325	uncounted	train	100000	0.44
1789583979	325	uncounted	train	100000	0.45
1789583980	325	uncounted	train	100000	0.42
1789583980	325	uncounted	train	100000	0.42
1789583981	325	uncounted	train	100000	0.43
1789583982	325	uncounted	train	100000	0.43
1789583982	325	uncounted	train	100000	0.43
1789583983	325	uncounted	train	100000	0.42
1789583983	325	uncounted	train	100000	0.42
1789583984	325	uncounted	train	100000	0.42
1789583984	325	uncounted	train	100000	0.43
1789583985	325	uncounted	train	100000	0.43
1789583985	325	uncounted	train	100000	0.42
1789583986	325	uncounted	train	100000	0.42
1789583986	325	uncounted	train	100000	0.44
1789583987	325	uncounted	train	100000	0.44
1789583988	325	uncounted	train	100000	0.44
1789583988	325	uncounted	train	100000	0.44
1789583989	325	uncounted	train	100000	0.42
1789583989	325	uncounted	train	100000	0.42
1789583990	325	uncounted	train	100000	0.42
1789583990	325	uncounted	train	100000	0.43
1789583991	325	uncounted	train	100000	0.41
1789583991	325	uncounted	train	100000	0.44
1789583992	325	uncounted	train	100000	0.44
1789583993	325	uncounted	train	100000	0.43
1789583993	325	uncounted	train	100000	0.44
1789583994	325	uncounted	train	100000	0.45
1789583994	325	uncounted	train	100000	0.43
1789583995	325	uncounted	train	100000	0.42
1789583995	325	uncounted	train	100000	0.43
1789583996	325	uncounted	train	100000	0.43
1789583996	325	uncounted	train	100000	0.43
1789583997	325	uncounted	train	100000	0.43
1789583998	325	uncounted	train	100000	0.42
1789583998	325	uncounted	train	100000	0.42
1789583999	325	uncounted	train	100000	0.47
1789583999	325	uncounted	train	100000	0.43
1789584000	325	uncounted	train	100000	0.43
1789584000	325	uncounted	train	100000	0.42
1789584001	325	uncounted	train	100000	0.44
1789584001	325	uncounted	train	100000	0.43
1789584002	325	uncounted	train	100000	0.43
1789584003	325	uncounted	train	100000	0.41
1789584003	325	uncounted	train	100000	0.41
1789584004	325	uncounted	train	100000	0.42
1789584004	325	uncounted	train	100000	0.42
1789584005	325	uncounted	train	100000	0.42
1789584005	325	uncounted	train	100000	0.41
1789584006	325	uncounted	train	100000	0.42
1789584006	325	uncounted	train	100000	0.40
1789584007	325	uncounted	train	100000	0.40
1789584007	325	uncounted	train	100000	0.40
1789584008	325	uncounted	train	100000	0.41
1789584008	325	uncounted	train	100000	0.41
1789584009	325	uncounted	train	100000	0.41
1789584009	325	uncounted	train	100000	0.42
1789584010	325	uncounted	train	100000	0.41
1789584011	325	uncounted	train	100000	0.43
1789584011	325	uncounted	train	100000	0.57
1789584012	325	uncounted	train	100000	0.44
1789584012	325	uncounted	train	100000	0.41
1789584013	325	uncounted	train	100000	0.42
1789584013	325	uncounted	train	100000	0.42
1789584014	325	uncounted	train	100000	0.41
1789584014	325	uncounted	train	100000	0.43
1789584015	325	uncounted	train	100000	0.43
1789584016	325	uncounted	train	100000	0.43
1789584016	325	uncounted	train	100000	0.44
1789584017	325	uncounted	train	100000	0.42
1789584017	325	uncounted	train	100000	0.42
1789584018	325	uncounted	train	100000	0.44
1789584018	325	uncounted	train	100000	0.43
1789584019	325	uncounted	train	100000	0.43
1789584019	325	uncounted	train	100000	0.41
1789584020	325	uncounted	train	100000	0.68
1789584021	325	uncounted	train	100000	0.67
1789584022	325	uncounted	train	100000	0.68
1789584023	325	uncounted	train	100000	0.70
1789584024	325	uncounted	train	100000	0.72
1789584025	325	uncounted	train	100000	0.72
1789584025	325	uncounted	train	100000	0.73
1789584026	325	uncounted	train	100000	0.70
1789584027	325	uncounted	train	100000	0.71
1789584028	325	uncounted	train	100000	0.71
1789584029	325	uncounted	train	100000	0.73
1789584030	325	uncounted	train	100000	0.74
1789584031	325	uncounted	train	100000	0.70
1789584032	325	uncounted	train	100000	0.70
1789584033	325	uncounted	train	100000	0.71
1789584033	325	uncounted	train	100000	0.74
1789584034	325	uncounted	train	100000	0.70
1789584035	325	uncounted	train	100000	0.69
1789584036	325	uncounted	train	100000	0.71
1789584037	325	uncounted	train	100000	0.71
1789584110	352	counted	train	100000	0.42
1789584110	352	counted	train	100000	0.45
1789584111	352	counted	train	100000	0.44
1789584111	352	counted	train	100000	0.45
1789584112	352	counted	train	100000	0.46
1789584112	352	counted	train	100000	0.45
1789584113	352	counted	train	100000	0.45
1789584113	352	counted	train	100000	0.45
1789584114	352	counted	train	100000	0.45
1789584114	352	counted	train	100000	0.42
1789584171	377	uncounted	train	100000	0.44
1789584171	377	uncounted	train	100000	0.41
1789584172	377	uncounted	train	100000	0.42
1789584173	377	uncounted	train	100000	0.42
1789584173	377	uncounted	train	100000	0.42
1789584174	377	uncounted	train	100000	0.43
1789584174	377	uncounted	train	100000	0.41
1789584175	377	uncounted	train	100000	0.40
1789584175	377	uncounted	train	100000	0.41
1789584176	377	uncounted	train	100000	0.42
1789584176	377	uncounted	train	100000	0.43
1789584177	377	uncounted	train	100000	0.42
1789584178	377	uncounted	train	100000	0.43
1789584179	377	uncounted	train	100000	0.42
1789584179	377	uncounted	train	100000	0.42
1789584180	377	uncounted	train	100000	0.43
1789584181	377	uncounted	train	100000	0.43
1789584182	377	uncounted	train	100000	0.42
1789584182	377	uncounted	train	100000	0.43
1789584183	377	uncounted	train	100000	0.42
1789584184	377	uncounted	train	100000	0.44
1789584185	377	uncounted	train	100000	0.42
1789584185	377	uncounted	train	100000	0.42
1789584186	377	uncounted	train	100000	0.42
1789584187	377	uncounted	train	100000	0.45
1789584187	377	uncounted	train	100000	0.43
1789584188	377	uncounted	train	100000	0.41
1789584188	377	uncounted	train	100000	0.42
1789584189	377	uncounted	train	100000	0.43
1789584190	377	uncounted	train	100000	0.42
1789584190	377	uncounted	train	100000	0.42
1789584191	377	uncounted	train	100000	0.42
1789584192	377	uncounted	train	100000	0.42
1789584192	377	uncounted	train	100000	0.43
1789584193	377	uncounted	train	100000	0.41
1789584193	377	uncounted	train	100000	0.42
1789584194	377	uncounted	train	100000	0.41
1789584194	377	uncounted	train	100000	0.42
1789584195	377	uncounted	train	100000	0.44
1789584195	377	uncounted	train	100000	0.40
1789584196	377	uncounted	train	100000	0.42
1789584210	389	uncounted	train	100000	0.49
1789584211	389	uncounted	train	100000	0.51
1789584212	389	uncounted	train	100000	0.49
1789584212	389	uncounted	train	100000	0.48
1789584213	389	uncounted	train	100000	0.48
1789584213	389	uncounted	train	100000	0.48
1789584214	389	uncounted	train	100000	0.50
1789584215	389	uncounted	train	100000	0.50
1789584215	389	uncounted	train	100000	0.50
1789584216	389	uncounted	train	100000	0.49
1789584217	389	uncounted	train	100000	0.44
1789584217	389	uncounted	train	100000	0.43
1789584218	389	uncounted	train	100000	0.44
1789584218	389	uncounted	train	100000	0.47
1789584219	389	uncounted	train	100000	0.44
1789584219	389	uncounted	train	100000	0.44
1789584220	389	uncounted	train	100000	0.45
1789584221	389	uncounted	train	100000	0.44
1789584221	389	uncounted	train	100000	0.43
1789584222	389	uncounted	train	100000	0.44
1789584231	401	uncounted	train	100000	0.79
1789584232	401	uncounted	train	100000	0.81
1789584233	401	uncounted	train	100000	0.81
1789584234	401	uncounted	train	100000	0.79
1789584235	401	uncounted	train	100000	0.76
1789584236	401	uncounted	train	100000	0.73
1789584237	401	uncounted	train	100000	0.74
1789584238	401	uncounted	train	100000	0.73
1789584239	401	uncounted	train	100000	0.73
1789584240	401	uncounted	train	100000	0.75
1789584241	401	uncounted	train	100000	1.12
1789584242	401	uncounted	train	100000	1.13
1789584244	401	uncounted	train	100000	1.13
1789584245	401	uncounted	train	100000	1.13
1789584247	401	uncounted	train	100000	1.16
1789584248	401	uncounted	train	100000	1.16
1789584249	401	uncounted	train	100000	1.23
1789584251	401	uncounted	train	100000	1.25
1789584252	401	uncounted	train	100000	1.16
1789584254	401	uncounted	train	100000	1.05
1789584254	401	uncounted	train	100000	0.33
1789584255	401	uncounted	train	100000	0.41
1789584255	401	uncounted	train	100000	0.56
1789584256	401	uncounted	train	100000	0.68
1789584257	401	uncounted	train	100000	0.35
1789584257	401	uncounted	train	100000	0.43
1789584258	401	uncounted	train	100000	0.52
1789584259	401	uncounted	train	100000	0.71
1789584259	401	uncounted	train	100000	0.36
1789584260	401	uncounted	train	100000	0.45
1789584260	401	uncounted	train	100000	0.44
1789584261	401	uncounted	train	100000	0.44
1789584262	401	uncounted	train	100000	0.47
1789584262	401	uncounted	train	100000	0.45
1789584263	401	uncounted	train	100000	0.44
1789584263	401	uncounted	train	100000	0.31
1789584264	401	uncounted	train	100000	0.31
1789584264	401	uncounted	train	100000	0.31
1789584264	401	uncounted	train	100000	0.31
1789584265	401	uncounted	train	100000	0.33
1789584265	401	uncounted	train	100000	0.44
1789584266	401	uncounted	train	100000	0.44
1789584267	401	uncounted	train	100000	0.46
1789584267	401	uncounted	train	100000	0.45
1789584268	401	uncounted	train	100000	0.45
1789584268	401	uncounted	train	100000	0.45
1789584269	401	uncounted	train	100000	0.46
1789584269	401	uncounted	train	100000	0.46
1789584270	401	uncounted	train	100000	0.46
1789584271	401	uncounted	train	100000	0.44
1789584280	413	uncounted	train	100000	0.34
1789584280	413	uncounted	train	100000	0.42
1789584281	413	uncounted	train	100000	0.53
1789584282	413	uncounted	train	100000	0.68
1789584282	413	uncounted	train	100000	0.34
1789584283	413	uncounted	train	100000	0.44
1789584283	413	uncounted	train	100000	0.55
1789584284	413	uncounted	train	100000	0.70
1789584285	413	uncounted	train	100000	0.33
1789584285	413	uncounted	train	100000	0.42
1789584286	413	uncounted	train	100000	0.51
1789584287	413	uncounted	train	100000	0.70
1789584287	413	uncounted	train	100000	0.28
1789584288	413	uncounted	train	100000	0.36
1789584288	413	uncounted	train	100000	0.44
1789584289	413	uncounted	train	100000	0.55
1789584290	413	uncounted	train	100000	0.68
1789584290	413	uncounted	train	100000	0.29
1789584290	413	uncounted	train	100000	0.35
1789584291	413	uncounted	train	100000	0.44
1789584292	413	uncounted	train	100000	0.55
1789584293	413	uncounted	train	100000	0.67
1789584293	413	uncounted	train	100000	0.44
1789584294	413	uncounted	train	100000	0.45
1789584294	413	uncounted	train	100000	0.44
1789584295	413	uncounted	train	100000	0.44
1789584295	413	uncounted	train	100000	0.42
1789584296	413	uncounted	train	100000	0.77
1789584297	413	uncounted	train	100000	0.77
1789584298	413	uncounted	train	100000	0.78
1789584299	413	uncounted	train	100000	0.83
1789584300	413	uncounted	train	100000	0.80
1789584301	413	uncounted	train	100000	0.44
1789584301	413	uncounted	train	100000	0.55
1789584302	413	uncounted	train	100000	0.44
1789584303	413	uncounted	train	100000	0.55
1789584303	413	uncounted	train	100000	0.43
1789584304	413	uncounted	train	100000	0.55
1789584305	413	uncounted	train	100000	0.42
1789584305	413	uncounted	train	100000	0.52
1789584306	413	uncounted	train	100000	0.77
1789584307	413	uncounted	train	100000	0.79
1789584308	413	uncounted	train	100000	0.78
1789584309	413	uncounted	train	100000	0.78
1789584310	413	uncounted	train	100000	0.35
1789584310	413	uncounted	train	100000	0.43
1789584311	413	uncounted	train	100000	0.55
1789584312	413	uncounted	train	100000	0.71
1789584312	413	uncounted	train	100000	0.36
1789584313	413	uncounted	train	100000	0.43
1789584313	413	uncounted	train	100000	0.52
1789584314	413	uncounted	train	100000	0.66
1789584315	413	uncounted	train	100000	0.33
1789584315	413	uncounted	train	100000	0.43
1789584316	413	uncounted	train	100000	0.53
1789584317	413	uncounted	train	100000	0.68
1789584317	413	uncounted	train	100000	0.36
1789584318	413	uncounted	train	100000	0.44
1789584318	413	uncounted	train	100000	0.55
1789584319	413	uncounted	train	100000	0.69
1789584320	413	uncounted	train	100000	0.34
1789584320	413	uncounted	train	100000	0.43
1789584321	413	uncounted	train	100000	0.53
1789584322	413	uncounted	train	100000	0.68
1789584322	413	uncounted	train	100000	0.37
1789584323	413	uncounted	train	100000	0.41
1789584324	413	uncounted	train	100000	0.55
1789584324	413	uncounted	train	100000	0.67
1789584325	413	uncounted	train	100000	0.34
1789584325	413	uncounted	train	100000	0.42
1789584326	413	uncounted	train	100000	0.54
1789584327	413	uncounted	train	100000	0.66
1789584327	413	uncounted	train	100000	0.34
1789584328	413	uncounted	train	100000	0.42
1789584329	413	uncounted	train	100000	0.55
1789584329	413	uncounted	train	100000	0.67
1789584330	413	uncounted	train	100000	0.34
1789584330	413	uncounted	train	100000	0.42
1789584331	413	uncounted	train	100000	0.53
1789584332	413	uncounted	train	100000	0.66
1789584332	413	uncounted	train	100000	0.33
1789584333	413	uncounted	train	100000	0.40
1789584333	413	uncounted	train	100000	0.52
1789584334	413	uncounted	train	100000	0.65
1789584342	440	counted	train	100000	0.28
1789584342	440	counted	train	100000	0.34
1789584343	440	counted	train	100000	0.45
1789584343	440	counted	train	100000	0.55
1789584344	440	counted	train	100000	0.69
1789584344	440	counted	train	100000	0.29
1789584345	440	counted	train	100000	0.35
1789584345	440	counted	train	100000	0.44
1789584346	440	counted	train	100000	0.55
1789584347	440	counted	train	100000	0.69
1789584409	465	uncounted	train	100000	0.18
1789584410	465	uncounted	train	100000	0.24
1789584410	465	uncounted	train	100000	0.31
1789584411	465	uncounted	train	100000	0.52
1789584411	465	uncounted	train	100000	0.68
1789584412	465	uncounted	train	100000	0.27
1789584412	465	uncounted	train	100000	0.35
1789584413	465	uncounted	train	100000	0.42
1789584414	465	uncounted	train	100000	0.55
1789584414	465	uncounted	train	100000	0.71
1789584415	465	uncounted	train	100000	0.30
1789584415	465	uncounted	train	100000	0.36
1789584416	465	uncounted	train	100000	0.48
1789584417	465	uncounted	train	100000	0.56
1789584418	465	uncounted	train	100000	0.72
1789584418	465	uncounted	train	100000	0.30
1789584419	465	uncounted	train	100000	0.37
1789584419	465	uncounted	train	100000	0.45
1789584420	465	uncounted	train	100000	0.56
1789584421	465	uncounted	train	100000	0.71
1789584421	465	uncounted	train	100000	0.30
1789584422	465	uncounted	train	100000	0.35
1789584422	465	uncounted	train	100000	0.43
1789584423	465	uncounted	train	100000	0.55
1789584424	465	uncounted	train	100000	0.69
1789584424	465	uncounted	train	100000	0.28
1789584425	465	uncounted	train	100000	0.35
1789584425	465	uncounted	train	100000	0.43
1789584426	465	uncounted	train	100000	0.54
1789584427	465	uncounted	train	100000	0.68
1789584427	465	uncounted	train	100000	0.27
1789584427	465	uncounted	train	100000	0.34
1789584428	465	uncounted	train	100000	0.42
1789584429	465	uncounted	train	100000	0.53
1789584429	465	uncounted	train	100000	0.68
1789584430	465	uncounted	train	100000	0.28
1789584430	465	uncounted	train	100000	0.34
1789584431	465	uncounted	train	100000	0.42
1789584432	465	uncounted	train	100000	0.53
1789584432	465	uncounted	train	100000	0.66
1789584433	465	uncounted	train	100000	0.26
1789584433	465	uncounted	train	100000	0.35
1789584434	465	uncounted	train	100000	0.41
1789584434	465	uncounted	train	100000	0.54
1789584435	465	uncounted	train	100000	0.66
1789584436	465	uncounted	train	100000	0.29
1789584436	465	uncounted	train	100000	0.34
1789584437	465	uncounted	train	100000	0.42
1789584437	465	uncounted	train	100000	0.53
1789584438	465	uncounted	train	100000	0.67
1789584439	465	uncounted	train	100000	0.47
1789584439	465	uncounted	train	100000	0.46
1789584440	465	uncounted	train	100000	0.43
1789584440	465	uncounted	train	100000	0.43
1789584441	465	uncounted	train	100000	0.46
1789584442	465	uncounted	train	100000	0.48
1789584442	465	uncounted	train	100000	0.48
1789584443	465	uncounted	train	100000	0.43
1789584443	465	uncounted	train	100000	0.45
1789584444	465	uncounted	train	100000	0.48
1789584489	483	uncounted	train	100000	0.26
1789584490	483	uncounted	train	100000	0.33
1789584490	483	uncounted	train	100000	0.42
1789584491	483	uncounted	train	100000	0.54
1789584492	483	uncounted	train	100000	0.67
1789584492	483	uncounted	train	100000	0.28
1789584493	483	uncounted	train	100000	0.36
1789584493	483	uncounted	train	100000	0.43
1789584494	483	uncounted	train	100000	0.56
1789584495	483	uncounted	train	100000	0.71
1789584496	483	uncounted	train	100000	0.28
1789584496	483	uncounted	train	100000	0.35
1789584497	483	uncounted	train	100000	0.42
1789584497	483	uncounted	train	100000	0.55
1789584498	483	uncounted	train	100000	0.68
1789584499	483	uncounted	train	100000	0.28
1789584499	483	uncounted	train	100000	0.37
1789584500	483	uncounted	train	100000	0.43
1789584500	483	uncounted	train	100000	0.55
1789584501	483	uncounted	train	100000	0.66
1789584502	483	uncounted	train	100000	0.36
1789584502	483	uncounted	train	100000	0.45
1789584503	483	uncounted	train	100000	0.59
1789584504	483	uncounted	train	100000	0.72
1789584505	483	uncounted	train	100000	0.90
1789584506	483	uncounted	train	100000	0.37
1789584506	483	uncounted	train	100000	0.45
1789584507	483	uncounted	train	100000	0.57
1789584508	483	uncounted	train	100000	0.72
1789584509	483	uncounted	train	100000	0.92
1789584510	483	uncounted	train	100000	0.38
1789584510	483	uncounted	train	100000	0.48
1789584511	483	uncounted	train	100000	0.60
1789584512	483	uncounted	train	100000	0.77
1789584513	483	uncounted	train	100000	0.98
1789584514	483	uncounted	train	100000	0.37
1789584514	483	uncounted	train	100000	0.49
1789584515	483	uncounted	train	100000	0.58
1789584516	483	uncounted	train	100000	0.73
1789584517	483	uncounted	train	100000	0.92
1789584524	495	uncounted	train	100000	0.28
1789584525	495	uncounted	train	100000	0.34
1789584525	495	uncounted	train	100000	0.44
1789584526	495	uncounted	train	100000	0.54
1789584527	495	uncounted	train	100000	0.70
1789584527	495	uncounted	train	100000	0.30
1789584528	495	uncounted	train	100000	0.36
1789584528	495	uncounted	train	100000	0.44
1789584529	495	uncounted	train	100000	0.57
1789584530	495	uncounted	train	100000	0.71
1789584530	495	uncounted	train	100000	0.28
1789584531	495	uncounted	train	100000	0.35
1789584531	495	uncounted	train	100000	0.43
1789584532	495	uncounted	train	100000	0.54
1789584533	495	uncounted	train	100000	0.66
1789584533	495	uncounted	train	100000	0.27
1789584534	495	uncounted	train	100000	0.36
1789584534	495	uncounted	train	100000	0.44
1789584535	495	uncounted	train	100000	0.55
1789584536	495	uncounted	train	100000	0.68
1789584551	507	uncounted	train	100000	0.31
1789584551	507	uncounted	train	100000	0.34
1789584552	507	uncounted	train	100000	0.43
1789584553	507	uncounted	train	100000	0.56
1789584553	507	uncounted	train	100000	0.70
1789584554	507	uncounted	train	100000	0.28
1789584554	507	uncounted	train	100000	0.35
1789584555	507	uncounted	train	100000	0.43
1789584556	507	uncounted	train	100000	0.55
1789584556	507	uncounted	train	100000	0.66
1789584557	507	uncounted	train	100000	0.28
1789584558	507	uncounted	train	100000	0.35
1789584558	507	uncounted	train	100000	0.44
1789584559	507	uncounted	train	100000	0.56
1789584560	507	uncounted	train	100000	0.69
1789584560	507	uncounted	train	100000	0.28
1789584561	507	uncounted	train	100000	0.34
1789584561	507	uncounted	train	100000	0.43
1789584562	507	uncounted	train	100000	0.53
1789584563	507	uncounted	train	100000	0.70
1789584563	507	uncounted	train	100000	0.28
1789584564	507	uncounted	train	100000	0.35
1789584564	507	uncounted	train	100000	0.42
1789584565	507	uncounted	train	100000	0.54
1789584566	507	uncounted	train	100000	0.67
1789584566	507	uncounted	train	100000	0.28
1789584567	507	uncounted	train	100000	0.34
1789584567	507	uncounted	train	100000	0.43
1789584568	507	uncounted	train	100000	0.53
1789584569	507	uncounted	train	100000	0.67
1789584569	507	uncounted	train	100000	0.26
1789584570	507	uncounted	train	100000	0.31
1789584570	507	uncounted	train	100000	0.40
1789584571	507	uncounted	train	100000	0.49
1789584572	507	uncounted	train	100000	0.62
1789584572	507	uncounted	train	100000	0.25
1789584573	507	uncounted	train	100000	0.32
1789584573	507	uncounted	train	100000	0.40
1789584574	507	uncounted	train	100000	0.50
1789584574	507	uncounted	train	100000	0.64
1789584575	507	uncounted	train	100000	0.26
1789584576	507	uncounted	train	100000	0.32
1789584576	507	uncounted	train	100000	0.40
1789584577	507	uncounted	train	100000	0.55
1789584578	507	uncounted	train	100000	0.67
1789584578	507	uncounted	train	100000	0.27
1789584578	507	uncounted	train	100000	0.35
1789584579	507	uncounted	train	100000	0.45
1789584580	507	uncounted	train	100000	0.53
1789584580	507	uncounted	train	100000	0.68
1789584581	507	uncounted	train	100000	0.29
1789584582	507	uncounted	train	100000	0.38
1789584582	507	uncounted	train	100000	0.44
1789584583	507	uncounted	train	100000	0.58
1789584584	507	uncounted	train	100000	0.71
1789584584	507	uncounted	train	100000	0.28
1789584585	507	uncounted	train	100000	0.35
1789584585	507	uncounted	train	100000	0.43
1789584586	507	uncounted	train	100000	0.56
1789584587	507	uncounted	train	100000	0.68
1789584592	534	counted	train	100000	0.19
1789584592	534	counted	train	100000	0.27
1789584593	534	counted	train	100000	0.40
1789584593	534	counted	train	100000	0.54
1789584594	534	counted	train	100000	0.66
1789584594	534	counted	train	100000	0.27
1789584595	534	counted	train	100000	0.33
1789584595	534	counted	train	100000	0.41
1789584596	534	counted	train	100000	0.52
1789584596	534	counted	train	100000	0.65
1789584616	559	uncounted	train	100000	0.30
1789584617	559	uncounted	train	100000	0.37
1789584617	559	uncounted	train	100000	0.47
1789584618	559	uncounted	train	100000	0.58
1789584619	559	uncounted	train	100000	0.75
1789584620	559	uncounted	train	100000	0.29
1789584620	559	uncounted	train	100000	0.37
1789584621	559	uncounted	train	100000	0.45
1789584621	559	uncounted	train	100000	0.57
1789584622	559	uncounted	train	100000	0.72
1789584623	559	uncounted	train	100000	0.37
1789584623	559	uncounted	train	100000	0.46
1789584624	559	uncounted	train	100000	0.61
1789584625	559	uncounted	train	100000	0.72
1789584626	559	uncounted	train	100000	0.92
1789584627	559	uncounted	train	100000	0.38
1789584627	559	uncounted	train	100000	0.48
1789584628	559	uncounted	train	100000	0.58
1789584629	559	uncounted	train	100000	0.77
1789584630	559	uncounted	train	100000	0.95
1789584630	559	uncounted	train	100000	0.24
1789584631	559	uncounted	train	100000	0.29
1789584631	559	uncounted	train	100000	0.35
1789584632	559	uncounted	train	100000	0.44
1789584632	559	uncounted	train	100000	0.55
1789584633	559	uncounted	train	100000	0.22
1789584633	559	uncounted	train	100000	0.29
1789584634	559	uncounted	train	100000	0.34
1789584634	559	uncounted	train	100000	0.43
1789584635	559	uncounted	train	100000	0.56
1789584635	559	uncounted	train	100000	0.37
1789584636	559	uncounted	train	100000	0.47
1789584637	559	uncounted	train	100000	0.56
1789584637	559	uncounted	train	100000	0.66
1789584638	559	uncounted	train	100000	0.87
1789584639	559	uncounted	train	100000	0.36
1789584640	559	uncounted	train	100000	0.48
1789584640	559	uncounted	train	100000	0.56
1789584641	559	uncounted	train	100000	0.71
1789584642	559	uncounted	train	100000	0.91
1789584643	559	uncounted	train	100000	0.47
1789584644	559	uncounted	train	100000	0.57
1789584644	559	uncounted	train	100000	0.72
1789584645	559	uncounted	train	100000	0.87
1789584647	559	uncounted	train	100000	1.13
1789584648	559	uncounted	train	100000	0.48
1789584648	559	uncounted	train	100000	0.59
1789584649	559	uncounted	train	100000	0.75
1789584650	559	uncounted	train	100000	0.92
1789584652	559	uncounted	train	100000	1.16
1789584652	559	uncounted	train	100000	0.27
1789584653	559	uncounted	train	100000	0.36
1789584653	559	uncounted	train	100000	0.46
1789584654	559	uncounted	train	100000	0.59
1789584655	559	uncounted	train	100000	0.70
1789584655	559	uncounted	train	100000	0.28
1789584656	559	uncounted	train	100000	0.36
1789584656	559	uncounted	train	100000	0.45
1789584657	559	uncounted	train	100000	0.57
1789584658	559	uncounted	train	100000	0.69
1789584658	559	uncounted	train	100000	0.29
1789584659	559	uncounted	train	100000	0.36
1789584659	559	uncounted	train	100000	0.47
1789584660	559	uncounted	train	100000	0.58
1789584661	559	uncounted	train	100000	0.71
1789584661	559	uncounted	train	100000	0.22
1789584662	559	uncounted	train	100000	0.31
1789584662	559	uncounted	train	100000	0.39
1789584663	559	uncounted	train	100000	0.51
1789584664	559	uncounted	train	100000	0.66
1789584664	559	uncounted	train	100000	0.28
1789584664	559	uncounted	train	100000	0.35
1789584665	559	uncounted	train	100000	0.45
1789584666	559	uncounted	train	100000	0.57
1789584667	559	uncounted	train	100000	0.71
1789584667	559	uncounted	train	100000	0.29
1789584668	559	uncounted	train	100000	0.36
1789584668	559	uncounted	train	100000	0.46
1789584669	559	uncounted	train	100000	0.57
1789584670	559	uncounted	train	100000	0.72
1789584670	559	uncounted	train	100000	0.29
1789584671	559	uncounted	train	100000	0.37
1789584671	559	uncounted	train	100000	0.46
1789584672	559	uncounted	train	100000	0.58
1789584673	559	uncounted	train	100000	0.72
1789584693	571	uncounted	train	100000	0.17
1789584693	571	uncounted	train	100000	0.22
1789584693	571	uncounted	train	100000	0.42
1789584694	571	uncounted	train	100000	0.53
1789584695	571	uncounted	train	100000	0.68
1789584695	571	uncounted	train	100000	0.26
1789584696	571	uncounted	train	100000	0.35
1789584696	571	uncounted	train	100000	0.42
1789584697	571	uncounted	train	100000	0.53
1789584698	571	uncounted	train	100000	0.73
1789584698	571	uncounted	train	100000	0.38
1789584699	571	uncounted	train	100000	0.47
1789584700	571	uncounted	train	100000	0.57
1789584700	571	uncounted	train	100000	0.74
1789584702	571	uncounted	train	100000	0.93
1789584702	571	uncounted	train	100000	0.37
1789584703	571	uncounted	train	100000	0.46
1789584703	571	uncounted	train	100000	0.59
1789584704	571	uncounted	train	100000	0.74
1789584705	571	uncounted	train	100000	0.94
1789584706	571	uncounted	train	100000	0.46
1789584707	571	uncounted	train	100000	0.58
1789584708	571	uncounted	train	100000	0.75
1789584709	571	uncounted	train	100000	0.92
1789584710	571	uncounted	train	100000	1.16
1789584711	571	uncounted	train	100000	0.48
1789584712	571	uncounted	train	100000	0.59
1789584713	571	uncounted	train	100000	0.74
1789584714	571	uncounted	train	100000	0.92
1789584715	571	uncounted	train	100000	1.17
1789584716	571	uncounted	train	100000	0.56
1789584717	571	uncounted	train	100000	0.71
1789584718	571	uncounted	train	100000	0.86
1789584719	571	uncounted	train	100000	1.08
1789584721	571	uncounted	train	100000	1.35
1789584721	571	uncounted	train	100000	0.55
1789584722	571	uncounted	train	100000	0.71
1789584723	571	uncounted	train	100000	0.85
1789584724	571	uncounted	train	100000	1.08
1789584726	571	uncounted	train	100000	1.35
1789584727	571	uncounted	train	100000	0.29
1789584727	571	uncounted	train	100000	0.37
1789584728	571	uncounted	train	100000	0.44
1789584728	571	uncounted	train	100000	0.57
1789584729	571	uncounted	train	100000	0.73
1789584730	571	uncounted	train	100000	0.30
1789584730	571	uncounted	train	100000	0.38
1789584731	571	uncounted	train	100000	0.48
1789584731	571	uncounted	train	100000	0.57
1789584732	571	uncounted	train	100000	0.70
1789584733	571	uncounted	train	100000	0.38
1789584734	571	uncounted	train	100000	0.49
1789584734	571	uncounted	train	100000	0.58
1789584735	571	uncounted	train	100000	0.72
1789584736	571	uncounted	train	100000	0.91
1789584737	571	uncounted	train	100000	0.38
1789584737	571	uncounted	train	100000	0.48
1789584738	571	uncounted	train	100000	0.58
1789584739	571	uncounted	train	100000	0.72
1789584740	571	uncounted	train	100000	0.92
1789584741	571	uncounted	train	100000	0.46
1789584741	571	uncounted	train	100000	0.59
1789584742	571	uncounted	train	100000	0.70
1789584743	571	uncounted	train	100000	0.88
1789584745	571	uncounted	train	100000	1.12
1789584745	571	uncounted	train	100000	0.48
1789584746	571	uncounted	train	100000	0.58
1789584747	571	uncounted	train	100000	0.71
1789584748	571	uncounted	train	100000	0.90
1789584749	571	uncounted	train	100000	1.14
1789584750	571	uncounted	train	100000	0.55
1789584751	571	uncounted	train	100000	0.69
1789584752	571	uncounted	train	100000	0.87
1789584753	571	uncounted	train	100000	1.11
1789584755	571	uncounted	train	100000	1.33
1789584756	571	uncounted	train	100000	0.55
1789584757	571	uncounted	train	100000	0.70
1789584758	571	uncounted	train	100000	0.85
1789584759	571	uncounted	train	100000	1.03
1789584761	571	uncounted	train	100000	1.38
1789584761	571	uncounted	train	100000	0.38
1789584762	571	uncounted	train	100000	0.48
1789584763	571	uncounted	train	100000	0.61
1789584763	571	uncounted	train	100000	0.74
1789584765	571	uncounted	train	100000	0.94
1789584765	571	uncounted	train	100000	0.37
1789584766	571	uncounted	train	100000	0.47
1789584766	571	uncounted	train	100000	0.57
1789584767	571	uncounted	train	100000	0.74
1789584768	571	uncounted	train	100000	0.94
1789584769	571	uncounted	train	100000	0.58
1789584770	571	uncounted	train	100000	0.72
1789584771	571	uncounted	train	100000	0.88
1789584772	571	uncounted	train	100000	1.07
1789584774	571	uncounted	train	100000	1.42
1789584775	571	uncounted	train	100000	0.59
1789584776	571	uncounted	train	100000	0.69
1789584777	571	uncounted	train	100000	0.87
1789584778	571	uncounted	train	100000	1.10
1789584780	571	uncounted	train	100000	1.33
1789584789	583	uncounted	train	100000	0.45
1789584790	583	uncounted	train	100000	0.59
1789584791	583	uncounted	train	100000	0.71
1789584792	583	uncounted	train	100000	0.93
1789584793	583	uncounted	train	100000	1.16
1789584794	583	uncounted	train	100000	0.48
1789584795	583	uncounted	train	100000	0.59
1789584796	583	uncounted	train	100000	0.73
1789584797	583	uncounted	train	100000	0.89
1789584798	583	uncounted	train	100000	1.16
1789584799	583	uncounted	train	100000	0.74
1789584800	583	uncounted	train	100000	0.93
1789584801	583	uncounted	train	100000	1.16
1789584803	583	uncounted	train	100000	1.43
1789584805	583	uncounted	train	100000	1.79
1789584806	583	uncounted	train	100000	0.77
1789584807	583	uncounted	train	100000	0.92
1789584809	583	uncounted	train	100000	1.15
1789584810	583	uncounted	train	100000	1.45
1789584813	583	uncounted	train	100000	1.81
1789584814	583	uncounted	train	100000	0.70
1789584815	583	uncounted	train	100000	0.80
1789584816	583	uncounted	train	100000	0.83
1789584817	583	uncounted	train	100000	0.86
1789584818	583	uncounted	train	100000	0.89
1789584819	583	uncounted	train	100000	0.74
1789584820	583	uncounted	train	100000	0.78
1789584821	583	uncounted	train	100000	0.85
1789584822	583	uncounted	train	100000	0.86
1789584823	583	uncounted	train	100000	0.90
1789584824	583	uncounted	train	100000	0.70
1789584825	583	uncounted	train	100000	0.78
1789584826	583	uncounted	train	100000	0.84
1789584827	583	uncounted	train	100000	0.85
1789584828	583	uncounted	train	100000	0.90
1789584829	583	uncounted	train	100000	0.76
1789584830	583	uncounted	train	100000	0.80
1789584831	583	uncounted	train	100000	0.82
1789584832	583	uncounted	train	100000	0.90
1789584833	583	uncounted	train	100000	0.88
1789584834	583	uncounted	train	100000	0.46
1789584834	583	uncounted	train	100000	0.57
1789584835	583	uncounted	train	100000	0.72
1789584836	583	uncounted	train	100000	0.88
1789584838	583	uncounted	train	100000	1.17
1789584838	583	uncounted	train	100000	0.47
1789584839	583	uncounted	train	100000	0.59
1789584840	583	uncounted	train	100000	0.73
1789584841	583	uncounted	train	100000	0.91
1789584842	583	uncounted	train	100000	1.13
1789584848	610	counted	train	100000	0.42
1789584848	610	counted	train	100000	0.55
1789584849	610	counted	train	100000	0.65
1789584850	610	counted	train	100000	0.84
1789584851	610	counted	train	100000	1.11
1789584851	610	counted	train	100000	0.45
1789584852	610	counted	train	100000	0.58
1789584853	610	counted	train	100000	0.71
1789584854	610	counted	train	100000	0.87
1789584855	610	counted	train	100000	1.15
1789584869	635	uncounted	train	100000	0.46
1789584870	635	uncounted	train	100000	0.58
1789584870	635	uncounted	train	100000	0.71
1789584871	635	uncounted	train	100000	0.92
1789584873	635	uncounted	train	100000	1.15
1789584874	635	uncounted	train	100000	0.46
1789584874	635	uncounted	train	100000	0.58
1789584875	635	uncounted	train	100000	0.69
1789584876	635	uncounted	train	100000	0.85
1789584877	635	uncounted	train	100000	1.11
1789584878	635	uncounted	train	100000	0.46
1789584879	635	uncounted	train	100000	0.57
1789584880	635	uncounted	train	100000	0.68
1789584881	635	uncounted	train	100000	0.85
1789584882	635	uncounted	train	100000	1.10
1789584883	635	uncounted	train	100000	0.43
1789584883	635	uncounted	train	100000	0.55
1789584884	635	uncounted	train	100000	0.68
1789584885	635	uncounted	train	100000	0.86
1789584886	635	uncounted	train	100000	1.07
1789584887	635	uncounted	train	100000	0.46
1789584888	635	uncounted	train	100000	0.61
1789584889	635	uncounted	train	100000	0.72
1789584890	635	uncounted	train	100000	0.92
1789584891	635	uncounted	train	100000	1.14
1789584892	635	uncounted	train	100000	0.53
1789584893	635	uncounted	train	100000	0.56
1789584894	635	uncounted	train	100000	0.70
1789584895	635	uncounted	train	100000	0.89
1789584896	635	uncounted	train	100000	1.18
1789584897	635	uncounted	train	100000	0.48
1789584897	635	uncounted	train	100000	0.62
1789584898	635	uncounted	train	100000	0.77
1789584900	635	uncounted	train	100000	0.96
1789584901	635	uncounted	train	100000	1.26
1789584902	635	uncounted	train	100000	0.49
1789584903	635	uncounted	train	100000	0.61
1789584903	635	uncounted	train	100000	0.75
1789584905	635	uncounted	train	100000	0.95
1789584906	635	uncounted	train	100000	1.21
1789584909	635	uncounted	train	100000	3.12
1789584914	635	uncounted	train	100000	4.52
1789584920	635	uncounted	train	100000	6.12
1789584928	635	uncounted	train	100000	7.71
1789584938	635	uncounted	train	100000	10.13
1789584939	635	uncounted	train	100000	0.46
1789584940	635	uncounted	train	100000	0.56
1789584940	635	uncounted	train	100000	0.70
1789584942	635	uncounted	train	100000	0.88
1789584943	635	uncounted	train	100000	1.12
1789584944	635	uncounted	train	100000	0.46
1789584944	635	uncounted	train	100000	0.61
1789584945	635	uncounted	train	100000	0.72
1789584946	635	uncounted	train	100000	0.89
1789584948	635	uncounted	train	100000	1.17
1789584948	635	uncounted	train	100000	0.47
1789584949	635	uncounted	train	100000	0.60
1789584950	635	uncounted	train	100000	0.75
1789584951	635	uncounted	train	100000	0.95
1789584952	635	uncounted	train	100000	1.15
1789584953	635	uncounted	train	100000	0.48
1789584954	635	uncounted	train	100000	0.59
1789584955	635	uncounted	train	100000	0.74
1789584956	635	uncounted	train	100000	0.92
1789584957	635	uncounted	train	100000	1.20
1789584977	647	uncounted	train	100000	0.27
1789584978	647	uncounted	train	100000	0.39
1789584979	647	uncounted	train	100000	0.50
1789584979	647	uncounted	train	100000	0.67
1789584981	647	uncounted	train	100000	0.90
1789584981	647	uncounted	train	100000	0.28
1789584982	647	uncounted	train	100000	0.37
1789584982	647	uncounted	train	100000	0.50
1789584983	647	uncounted	train	100000	0.66
1789584984	647	uncounted	train	100000	0.89
1789584985	647	uncounted	train	100000	0.29
1789584985	647	uncounted	train	100000	0.39
1789584986	647	uncounted	train	100000	0.49
1789584987	647	uncounted	train	100000	0.84
1789584988	647	uncounted	train	100000	1.06
1789584989	647	uncounted	train	100000	0.45
1789584989	647	uncounted	train	100000	0.61
1789584990	647	uncounted	train	100000	0.67
1789584991	647	uncounted	train	100000	0.87
1789584993	647	uncounted	train	100000	1.13
1789584993	647	uncounted	train	100000	0.47
1789584994	647	uncounted	train	100000	0.60
1789584995	647	uncounted	train	100000	0.72
1789584996	647	uncounted	train	100000	0.87
1789584997	647	uncounted	train	100000	1.14
1789584998	647	uncounted	train	100000	0.46
1789584999	647	uncounted	train	100000	0.57
1789585000	647	uncounted	train	100000	0.71
1789585001	647	uncounted	train	100000	0.88
1789585002	647	uncounted	train	100000	1.12
1789585003	647	uncounted	train	100000	0.47
1789585003	647	uncounted	train	100000	0.61
1789585004	647	uncounted	train	100000	0.75
1789585005	647	uncounted	train	100000	0.92
1789585007	647	uncounted	train	100000	1.19
1789585008	647	uncounted	train	100000	0.50
1789585008	647	uncounted	train	100000	0.63
1789585009	647	uncounted	train	100000	0.75
1789585010	647	uncounted	train	100000	0.94
1789585012	647	uncounted	train	100000	1.15
1789585012	647	uncounted	train	100000	0.47
1789585013	647	uncounted	train	100000	0.58
1789585014	647	uncounted	train	100000	0.71
1789585015	647	uncounted	train	100000	0.89
1789585016	647	uncounted	train	100000	1.17
1789585017	647	uncounted	train	100000	0.48
1789585018	647	uncounted	train	100000	0.62
1789585019	647	uncounted	train	100000	0.72
1789585020	647	uncounted	train	100000	0.93
1789585021	647	uncounted	train	100000	1.17
1789585022	647	uncounted	train	100000	0.50
1789585023	647	uncounted	train	100000	0.60
1789585024	647	uncounted	train	100000	0.76
1789585025	647	uncounted	train	100000	0.91
1789585026	647	uncounted	train	100000	1.19
1789585027	647	uncounted	train	100000	0.48
1789585028	647	uncounted	train	100000	0.58
1789585028	647	uncounted	train	100000	0.72
1789585030	647	uncounted	train	100000	0.96
1789585031	647	uncounted	train	100000	1.21
1789585032	647	uncounted	train	100000	0.47
1789585033	647	uncounted	train	100000	0.59
1789585033	647	uncounted	train	100000	0.75
1789585034	647	uncounted	train	100000	0.92
1789585036	647	uncounted	train	100000	1.17
1789585037	647	uncounted	train	100000	0.51
1789585037	647	uncounted	train	100000	0.63
1789585038	647	uncounted	train	100000	0.76
1789585039	647	uncounted	train	100000	0.95
1789585041	647	uncounted	train	100000	1.21
1789585042	647	uncounted	train	100000	0.43
1789585042	647	uncounted	train	100000	0.56
1789585043	647	uncounted	train	100000	0.63
1789585044	647	uncounted	train	100000	0.78
1789585045	647	uncounted	train	100000	0.92
1789585046	647	uncounted	train	100000	0.41
1789585046	647	uncounted	train	100000	0.53
1789585047	647	uncounted	train	100000	0.63
1789585048	647	uncounted	train	100000	0.78
1789585049	647	uncounted	train	100000	0.95
1789585083	659	uncounted	train	100000	0.49
1789585083	659	uncounted	train	100000	0.61
1789585084	659	uncounted	train	100000	0.75
1789585085	659	uncounted	train	100000	0.92
1789585087	659	uncounted	train	100000	1.16
1789585087	659	uncounted	train	100000	0.48
1789585088	659	uncounted	train	100000	0.59
1789585089	659	uncounted	train	100000	0.72
1789585090	659	uncounted	train	100000	0.96
1789585092	659	uncounted	train	100000	1.17
1789585093	659	uncounted	train	100000	0.58
1789585094	659	uncounted	train	100000	0.76
1789585095	659	uncounted	train	100000	0.95
1789585096	659	uncounted	train	100000	1.22
1789585098	659	uncounted	train	100000	1.49
1789585099	659	uncounted	train	100000	0.58
1789585100	659	uncounted	train	100000	0.75
1789585101	659	uncounted	train	100000	0.99
1789585102	659	uncounted	train	100000	1.19
1789585104	659	uncounted	train	100000	1.54
1789585105	659	uncounted	train	100000	0.57
1789585106	659	uncounted	train	100000	0.75
1789585107	659	uncounted	train	100000	0.96
1789585108	659	uncounted	train	100000	1.19
1789585110	659	uncounted	train	100000	1.59
1789585111	659	uncounted	train	100000	0.57
1789585112	659	uncounted	train	100000	0.78
1789585113	659	uncounted	train	100000	0.95
1789585115	659	uncounted	train	100000	1.19
1789585116	659	uncounted	train	100000	1.51
1789585118	659	uncounted	train	100000	0.57
1789585118	659	uncounted	train	100000	0.74
1789585119	659	uncounted	train	100000	0.95
1789585121	659	uncounted	train	100000	1.19
1789585123	659	uncounted	train	100000	1.51
1789585123	659	uncounted	train	100000	0.58
1789585124	659	uncounted	train	100000	0.79
1789585125	659	uncounted	train	100000	0.95
1789585127	659	uncounted	train	100000	1.19
1789585129	659	uncounted	train	100000	1.47
1789585129	659	uncounted	train	100000	0.48
1789585130	659	uncounted	train	100000	0.57
1789585131	659	uncounted	train	100000	0.70
1789585132	659	uncounted	train	100000	0.87
1789585133	659	uncounted	train	100000	1.12
1789585134	659	uncounted	train	100000	0.47
1789585135	659	uncounted	train	100000	0.59
1789585135	659	uncounted	train	100000	0.70
1789585137	659	uncounted	train	100000	0.88
1789585138	659	uncounted	train	100000	1.09
1789585139	659	uncounted	train	100000	0.48
1789585139	659	uncounted	train	100000	0.58
1789585140	659	uncounted	train	100000	0.71
1789585141	659	uncounted	train	100000	0.89
1789585143	659	uncounted	train	100000	1.18
1789585143	659	uncounted	train	100000	0.47
1789585144	659	uncounted	train	100000	0.59
1789585145	659	uncounted	train	100000	0.71
1789585146	659	uncounted	train	100000	0.92
1789585147	659	uncounted	train	100000	1.14
1789585152	659	uncounted	train	100000	3.98
1789585152	659	uncounted	train	100000	0.46
1789585153	659	uncounted	train	100000	0.58
1789585154	659	uncounted	train	100000	0.70
1789585155	659	uncounted	train	100000	0.86
1789585156	659	uncounted	train	100000	1.18
1789585157	659	uncounted	train	100000	0.48
1789585158	659	uncounted	train	100000	0.59
1789585159	659	uncounted	train	100000	0.73
1789585160	659	uncounted	train	100000	0.90
1789585161	659	uncounted	train	100000	1.15
1789585198	680	uncounted	train	100000	0.49
1789585199	680	uncounted	train	100000	0.68
1789585200	680	uncounted	train	100000	0.87
1789585201	680	uncounted	train	100000	1.11
1789585203	680	uncounted	train	100000	1.39
1789585204	680	uncounted	train	100000	0.51
1789585205	680	uncounted	train	100000	0.67
1789585206	680	uncounted	train	100000	0.82
1789585207	680	uncounted	train	100000	1.09
1789585208	680	uncounted	train	100000	1.39
1789585210	680	uncounted	train	100000	0.51
1789585210	680	uncounted	train	100000	0.65
1789585211	680	uncounted	train	100000	0.87
1789585213	680	uncounted	train	100000	1.11
1789585214	680	uncounted	train	100000	1.32
1789585215	680	uncounted	train	100000	0.49
1789585216	680	uncounted	train	100000	0.66
1789585217	680	uncounted	train	100000	0.86
1789585218	680	uncounted	train	100000	1.11
1789585220	680	uncounted	train	100000	1.35
1789585221	680	uncounted	train	100000	0.51
1789585222	680	uncounted	train	100000	0.65
1789585223	680	uncounted	train	100000	0.85
1789585224	680	uncounted	train	100000	1.05
1789585225	680	uncounted	train	100000	1.37
1789585226	680	uncounted	train	100000	0.51
1789585227	680	uncounted	train	100000	0.66
1789585228	680	uncounted	train	100000	0.83
1789585229	680	uncounted	train	100000	1.06
1789585231	680	uncounted	train	100000	1.31
1789585232	680	uncounted	train	100000	0.52
1789585233	680	uncounted	train	100000	0.67
1789585234	680	uncounted	train	100000	0.86
1789585235	680	uncounted	train	100000	1.13
1789585237	680	uncounted	train	100000	1.42
1789585238	680	uncounted	train	100000	0.55
1789585238	680	uncounted	train	100000	0.72
1789585239	680	uncounted	train	100000	0.90
1789585241	680	uncounted	train	100000	1.12
1789585242	680	uncounted	train	100000	1.36
1789585243	680	uncounted	train	100000	0.54
1789585244	680	uncounted	train	100000	0.70
1789585245	680	uncounted	train	100000	0.88
1789585247	680	uncounted	train	100000	1.11
1789585248	680	uncounted	train	100000	1.35
1789585249	680	uncounted	train	100000	0.52
1789585250	680	uncounted	train	100000	0.72
1789585251	680	uncounted	train	100000	0.86
1789585252	680	uncounted	train	100000	1.08
1789585254	680	uncounted	train	100000	1.34
1789585255	680	uncounted	train	100000	0.58
1789585256	680	uncounted	train	100000	0.68
1789585257	680	uncounted	train	100000	0.90
1789585258	680	uncounted	train	100000	1.20
1789585260	680	uncounted	train	100000	1.45
1789585261	680	uncounted	train	100000	0.58
1789585262	680	uncounted	train	100000	0.76
1789585263	680	uncounted	train	100000	0.96
1789585264	680	uncounted	train	100000	1.24
1789585266	680	uncounted	train	100000	1.56
1789585267	680	uncounted	train	100000	0.59
1789585268	680	uncounted	train	100000	0.78
1789585269	680	uncounted	train	100000	0.95
1789585271	680	uncounted	train	100000	1.13
1789585272	680	uncounted	train	100000	1.47
1789585273	680	uncounted	train	100000	0.59
1789585274	680	uncounted	train	100000	0.77
1789585275	680	uncounted	train	100000	0.96
1789585277	680	uncounted	train	100000	1.21
1789585278	680	uncounted	train	100000	1.49
1789585280	680	uncounted	train	100000	0.56
1789585280	680	uncounted	train	100000	0.73
1789585282	680	uncounted	train	100000	0.96
1789585283	680	uncounted	train	100000	1.18
1789585285	680	uncounted	train	100000	1.42
1789585285	680	uncounted	train	100000	0.59
1789585286	680	uncounted	train	100000	0.74
1789585287	680	uncounted	train	100000	0.90
1789585289	680	uncounted	train	100000	1.16
1789585290	680	uncounted	train	100000	1.37
1789585292	680	uncounted	train	100000	0.56
1789585292	680	uncounted	train	100000	0.77
1789585294	680	uncounted	train	100000	0.94
1789585295	680	uncounted	train	100000	1.16
1789585297	680	uncounted	train	100000	1.43
1789585297	680	uncounted	train	100000	0.51
1789585298	680	uncounted	train	100000	0.67
1789585299	680	uncounted	train	100000	0.81
1789585300	680	uncounted	train	100000	1.01
1789585302	680	uncounted	train	100000	1.28
1789585303	680	uncounted	train	100000	0.58
1789585304	680	uncounted	train	100000	0.76
1789585305	680	uncounted	train	100000	0.93
1789585307	680	uncounted	train	100000	1.15
1789585308	680	uncounted	train	100000	1.35
1789585309	680	uncounted	train	100000	0.58
1789585310	680	uncounted	train	100000	0.76
1789585311	680	uncounted	train	100000	0.89
1789585312	680	uncounted	train	100000	1.11
1789585314	680	uncounted	train	100000	1.38
1789585315	680	uncounted	train	100000	0.52
1789585316	680	uncounted	train	100000	0.65
1789585317	680	uncounted	train	100000	0.81
1789585318	680	uncounted	train	100000	1.03
1789585320	680	uncounted	train	100000	1.30
1789585320	680	uncounted	train	100000	0.51
1789585321	680	uncounted	train	100000	0.66
1789585322	680	uncounted	train	100000	0.82
1789585323	680	uncounted	train	100000	1.05
1789585325	680	uncounted	train	100000	1.28
1789585326	680	uncounted	train	100000	0.51
1789585327	680	uncounted	train	100000	0.65
1789585328	680	uncounted	train	100000	0.91
1789585329	680	uncounted	train	100000	1.15
1789585331	680	uncounted	train	100000	1.41
1789585332	680	uncounted	train	100000	0.54
1789585333	680	uncounted	train	100000	0.74
1789585334	680	uncounted	train	100000	0.86
1789585335	680	uncounted	train	100000	1.10
1789585336	680	uncounted	train	100000	1.34
1789585338	680	uncounted	train	100000	0.54
1789585338	680	uncounted	train	100000	0.71
1789585340	680	uncounted	train	100000	0.92
1789585341	680	uncounted	train	100000	1.14
1789585343	680	uncounted	train	100000	1.44
1789585343	680	uncounted	train	100000	0.56
1789585344	680	uncounted	train	100000	0.69
1789585345	680	uncounted	train	100000	0.86
1789585347	680	uncounted	train	100000	1.08
1789585348	680	uncounted	train	100000	1.38
1789585349	680	uncounted	train	100000	0.58
1789585350	680	uncounted	train	100000	0.73
1789585351	680	uncounted	train	100000	0.91
1789585353	680	uncounted	train	100000	1.12
1789585354	680	uncounted	train	100000	1.36
1789585355	680	uncounted	train	100000	0.53
1789585356	680	uncounted	train	100000	0.70
1789585357	680	uncounted	train	100000	0.86
1789585358	680	uncounted	train	100000	1.09
1789585360	680	uncounted	train	100000	1.33
1789585386	707	counted	train	100000	0.55
1789585386	707	counted	train	100000	0.71
1789585387	707	counted	train	100000	0.91
1789585388	707	counted	train	100000	1.12
1789585390	707	counted	train	100000	1.38
1789585390	707	counted	train	100000	0.54
1789585391	707	counted	train	100000	0.71
1789585392	707	counted	train	100000	0.89
1789585393	707	counted	train	100000	1.10
1789585395	707	counted	train	100000	1.41
1789585449	732	uncounted	train	100000	0.53
1789585450	732	uncounted	train	100000	0.75
1789585451	732	uncounted	train	100000	0.88
1789585452	732	uncounted	train	100000	1.09
1789585454	732	uncounted	train	100000	1.53
1789585455	732	uncounted	train	100000	0.59
1789585456	732	uncounted	train	100000	0.76
1789585457	732	uncounted	train	100000	0.96
1789585458	732	uncounted	train	100000	1.18
1789585460	732	uncounted	train	100000	1.49
1789585461	732	uncounted	train	100000	0.81
1789585463	732	uncounted	train	100000	1.07
1789585464	732	uncounted	train	100000	1.35
1789585466	732	uncounted	train	100000	1.62
1789585468	732	uncounted	train	100000	2.01
1789585470	732	uncounted	train	100000	0.78
1789585471	732	uncounted	train	100000	1.06
1789585472	732	uncounted	train	100000	1.34
1789585474	732	uncounted	train	100000	1.65
1789585476	732	uncounted	train	100000	1.93
1789585478	732	uncounted	train	100000	1.18
1789585480	732	uncounted	train	100000	1.43
1789585482	732	uncounted	train	100000	1.82
1789585485	732	uncounted	train	100000	2.35
1789585488	732	uncounted	train	100000	3.03
1789585490	732	uncounted	train	100000	1.12
1789585492	732	uncounted	train	100000	1.44
1789585493	732	uncounted	train	100000	1.72
1789585496	732	uncounted	train	100000	2.15
1789585499	732	uncounted	train	100000	2.66
1789585500	732	uncounted	train	100000	0.59
1789585501	732	uncounted	train	100000	0.78
1789585503	732	uncounted	train	100000	1.03
1789585504	732	uncounted	train	100000	1.24
1789585506	732	uncounted	train	100000	1.50
1789585508	732	uncounted	train	100000	1.85
1789585511	732	uncounted	train	100000	2.38
1789585512	732	uncounted	train	100000	0.74
1789585513	732	uncounted	train	100000	0.57
1789585513	732	uncounted	train	100000	0.77
1789585514	732	uncounted	train	100000	0.57
1789585515	732	uncounted	train	100000	0.74
1789585516	732	uncounted	train	100000	0.95
1789585518	732	uncounted	train	100000	1.15
1789585519	732	uncounted	train	100000	1.43
1789585520	732	uncounted	train	100000	0.57
1789585521	732	uncounted	train	100000	0.78
1789585522	732	uncounted	train	100000	1.01
1789585524	732	uncounted	train	100000	1.14
1789585525	732	uncounted	train	100000	1.37
1789585527	732	uncounted	train	100000	0.56
1789585527	732	uncounted	train	100000	0.73
1789585528	732	uncounted	train	100000	0.91
1789585530	732	uncounted	train	100000	1.15
1789585531	732	uncounted	train	100000	1.44
1789585532	732	uncounted	train	100000	0.55
1789585533	732	uncounted	train	100000	0.80
1789585534	732	uncounted	train	100000	0.91
1789585536	732	uncounted	train	100000	1.13
1789585537	732	uncounted	train	100000	1.38
1789585538	732	uncounted	train	100000	0.56
1789585539	732	uncounted	train	100000	0.72
1789585540	732	uncounted	train	100000	0.89
1789585542	732	uncounted	train	100000	1.10
1789585543	732	uncounted	train	100000	1.55
1789585544	732	uncounted	train	100000	0.56
1789585545	732	uncounted	train	100000	0.78
1789585546	732	uncounted	train	100000	0.97
1789585548	732	uncounted	train	100000	1.13
1789585549	732	uncounted	train	100000	1.54
1789585551	732	uncounted	train	100000	0.59
1789585551	732	uncounted	train	100000	0.83
1789585553	732	uncounted	train	100000	1.03
1789585554	732	uncounted	train	100000	1.26
1789585556	732	uncounted	train	100000	1.49
1789585557	732	uncounted	train	100000	0.57
1789585558	732	uncounted	train	100000	0.76
1789585559	732	uncounted	train	100000	0.95
1789585560	732	uncounted	train	100000	1.11
1789585562	732	uncounted	train	100000	1.45
1789585563	732	uncounted	train	100000	0.55
1789585564	732	uncounted	train	100000	0.66
1789585565	732	uncounted	train	100000	0.92
1789585566	732	uncounted	train	100000	1.13
1789585568	732	uncounted	train	100000	1.37
1789585569	732	uncounted	train	100000	0.56
1789585569	732	uncounted	train	100000	0.78
1789585571	732	uncounted	train	100000	0.94
1789585572	732	uncounted	train	100000	1.17
1789585574	732	uncounted	train	100000	1.43
1789585575	732	uncounted	train	100000	0.58
1789585576	732	uncounted	train	100000	0.81
1789585577	732	uncounted	train	100000	1.04
1789585578	732	uncounted	train	100000	1.23
1789585580	732	uncounted	train	100000	1.49
1789585581	732	uncounted	train	100000	0.61
1789585582	732	uncounted	train	100000	0.87
1789585583	732	uncounted	train	100000	1.06
1789585585	732	uncounted	train	100000	1.36
1789585587	732	uncounted	train	100000	1.66
1789585588	732	uncounted	train	100000	0.63
1789585589	732	uncounted	train	100000	0.83
1789585590	732	uncounted	train	100000	1.02
1789585592	732	uncounted	train	100000	1.27
1789585593	732	uncounted	train	100000	1.54
1789585594	732	uncounted	train	100000	0.58
1789585595	732	uncounted	train	100000	0.82
1789585596	732	uncounted	train	100000	0.96
1789585598	732	uncounted	train	100000	1.22
1789585600	732	uncounted	train	100000	1.46
1789585613	744	uncounted	train	100000	0.57
1789585614	744	uncounted	train	100000	0.73
1789585615	744	uncounted	train	100000	0.94
1789585616	744	uncounted	train	100000	1.14
1789585618	744	uncounted	train	100000	1.49
1789585620	744	uncounted	train	100000	1.84
1789585623	744	uncounted	train	100000	2.89
1789585625	744	uncounted	train	100000	0.64
1789585626	744	uncounted	train	100000	0.92
1789585627	744	uncounted	train	100000	1.01
1789585628	744	uncounted	train	100000	1.19
1789585630	744	uncounted	train	100000	1.55
1789585631	744	uncounted	train	100000	0.59
1789585632	744	uncounted	train	100000	0.80
1789585633	744	uncounted	train	100000	0.95
1789585634	744	uncounted	train	100000	1.20
1789585636	744	uncounted	train	100000	1.49
1789585638	744	uncounted	train	100000	1.83
1789585641	744	uncounted	train	100000	2.46
1789585642	744	uncounted	train	100000	0.58
1789585643	744	uncounted	train	100000	0.80
1789585644	744	uncounted	train	100000	1.01
1789585646	744	uncounted	train	100000	1.27
1789585648	744	uncounted	train	100000	1.53
1789585649	744	uncounted	train	100000	0.83
1789585650	744	uncounted	train	100000	1.09
1789585652	744	uncounted	train	100000	1.38
1789585654	744	uncounted	train	100000	1.75
1789585656	744	uncounted	train	100000	2.03
1789585659	744	uncounted	train	100000	2.49
1789585662	744	uncounted	train	100000	3.26
1789585664	744	uncounted	train	100000	0.75
1789585665	744	uncounted	train	100000	0.98
1789585666	744	uncounted	train	100000	1.21
1789585668	744	uncounted	train	100000	1.60
1789585671	744	uncounted	train	100000	2.22
1789585672	744	uncounted	train	100000	0.78
1789585673	744	uncounted	train	100000	1.02
1789585675	744	uncounted	train	100000	1.30
1789585676	744	uncounted	train	100000	1.60
1789585679	744	uncounted	train	100000	2.00
1789585682	744	uncounted	train	100000	2.56
1789585685	744	uncounted	train	100000	3.03
1789585686	744	uncounted	train	100000	0.76
1789585688	744	uncounted	train	100000	0.99
1789585689	744	uncounted	train	100000	1.20
1789585691	744	uncounted	train	100000	1.47
1789585693	744	uncounted	train	100000	1.90
1789585694	744	uncounted	train	100000	0.88
1789585695	744	uncounted	train	100000	1.07
1789585697	744	uncounted	train	100000	1.33
1789585699	744	uncounted	train	100000	1.67
1789585701	744	uncounted	train	100000	2.09
1789585703	744	uncounted	train	100000	0.87
1789585704	744	uncounted	train	100000	1.08
1789585706	744	uncounted	train	100000	1.33
1789585708	744	uncounted	train	100000	1.70
1789585710	744	uncounted	train	100000	2.12
1789585711	744	uncounted	train	100000	0.91
1789585713	744	uncounted	train	100000	1.11
1789585714	744	uncounted	train	100000	0.86
1789585715	744	uncounted	train	100000	1.11
1789585717	744	uncounted	train	100000	1.33
1789585719	744	uncounted	train	100000	1.74
1789585721	744	uncounted	train	100000	2.20
1789585723	744	uncounted	train	100000	0.91
1789585724	744	uncounted	train	100000	1.16
1789585725	744	uncounted	train	100000	1.28
1789585727	744	uncounted	train	100000	1.61
1789585730	744	uncounted	train	100000	1.99
1789585731	744	uncounted	train	100000	0.81
1789585732	744	uncounted	train	100000	1.10
1789585734	744	uncounted	train	100000	1.26
1789585736	744	uncounted	train	100000	1.57
1789585738	744	uncounted	train	100000	1.94
1789585741	744	uncounted	train	100000	2.49
1789585745	744	uncounted	train	100000	3.79
1789585747	744	uncounted	train	100000	1.24
1789585749	744	uncounted	train	100000	1.57
1789585751	744	uncounted	train	100000	1.89
1789585754	744	uncounted	train	100000	2.46
1789585757	744	uncounted	train	100000	3.02
1789585759	744	uncounted	train	100000	1.21
1789585761	744	uncounted	train	100000	1.56
1789585762	744	uncounted	train	100000	1.24
1789585764	744	uncounted	train	100000	1.52
1789585766	744	uncounted	train	100000	1.98
1789585769	744	uncounted	train	100000	2.42
1789585773	744	uncounted	train	100000	3.04
1789585775	744	uncounted	train	100000	1.32
1789585776	744	uncounted	train	100000	1.65
1789585779	744	uncounted	train	100000	1.93
1789585782	744	uncounted	train	100000	2.48
1789585785	744	uncounted	train	100000	3.08
1789585787	744	uncounted	train	100000	1.29
1789585789	744	uncounted	train	100000	1.63
1789585790	744	uncounted	train	100000	1.05
1789585792	744	uncounted	train	100000	1.58
1789585795	744	uncounted	train	100000	2.46
1789585796	744	uncounted	train	100000	1.04
1789585798	744	uncounted	train	100000	1.59
1789585801	744	uncounted	train	100000	2.50
1789585802	744	uncounted	train	100000	1.03
1789585804	744	uncounted	train	100000	1.62
1789585807	744	uncounted	train	100000	2.55
1789585809	744	uncounted	train	100000	1.07
1789585810	744	uncounted	train	100000	1.60
1789585813	744	uncounted	train	100000	2.45
1789585815	744	uncounted	train	100000	1.01
1789585817	744	uncounted	train	100000	1.62
1789585819	744	uncounted	train	100000	2.43
1789585821	744	uncounted	train	100000	1.01
1789585823	744	uncounted	train	100000	1.58
1789585825	744	uncounted	train	100000	2.51
1789585827	744	uncounted	train	100000	1.03
1789585829	744	uncounted	train	100000	1.56
1789585831	744	uncounted	train	100000	2.35
1789585833	744	uncounted	train	100000	1.01
1789585835	744	uncounted	train	100000	1.55
1789585837	744	uncounted	train	100000	2.43
1789585839	744	uncounted	train	100000	1.23
1789585841	744	uncounted	train	100000	1.93
1789585845	744	uncounted	train	100000	2.94
1789585847	744	uncounted	train	100000	1.19
1789585849	744	uncounted	train	100000	1.94
1789585852	744	uncounted	train	100000	3.37
1789585855	744	uncounted	train	100000	1.35
1789585857	744	uncounted	train	100000	1.98
1789585860	744	uncounted	train	100000	3.25
1789585862	744	uncounted	train	100000	1.30
1789585865	744	uncounted	train	100000	2.01
1789585868	744	uncounted	train	100000	3.07
1789585870	744	uncounted	train	100000	1.41
1789585873	744	uncounted	train	100000	2.21
1789585876	744	uncounted	train	100000	3.38
1789585878	744	uncounted	train	100000	1.42
1789585881	744	uncounted	train	100000	2.11
1789585884	744	uncounted	train	100000	3.22
1789585886	744	uncounted	train	100000	1.32
1789585889	744	uncounted	train	100000	2.02
1789585892	744	uncounted	train	100000	3.18
1789585894	744	uncounted	train	100000	1.25
1789585896	744	uncounted	train	100000	1.97
1789585900	744	uncounted	train	100000	3.05
1789585901	744	uncounted	train	100000	0.58
1789585902	744	uncounted	train	100000	0.73
1789585903	744	uncounted	train	100000	0.92
1789585904	744	uncounted	train	100000	1.15
1789585906	744	uncounted	train	100000	1.45
1789585908	744	uncounted	train	100000	1.84
1789585911	744	uncounted	train	100000	2.33
1789585912	744	uncounted	train	100000	0.57
1789585912	744	uncounted	train	100000	0.73
1789585913	744	uncounted	train	100000	0.94
1789585915	744	uncounted	train	100000	1.20
1789585917	744	uncounted	train	100000	1.47
1789585917	744	uncounted	train	100000	0.56
1789585918	744	uncounted	train	100000	0.73
1789585919	744	uncounted	train	100000	1.00
1789585921	744	uncounted	train	100000	1.26
1789585923	744	uncounted	train	100000	1.46
1789585925	744	uncounted	train	100000	1.97
1789585928	744	uncounted	train	100000	2.46
1789585929	744	uncounted	train	100000	0.56
1789585930	744	uncounted	train	100000	0.76
1789585931	744	uncounted	train	100000	0.93
1789585932	744	uncounted	train	100000	1.15
1789585934	744	uncounted	train	100000	1.46
1789585935	744	uncounted	train	100000	1.38
1789585937	744	uncounted	train	100000	1.62
1789585940	744	uncounted	train	100000	2.02
1789585942	744	uncounted	train	100000	2.44
1789585946	744	uncounted	train	100000	3.19
1789585948	744	uncounted	train	100000	1.29
1789585950	744	uncounted	train	100000	1.63
1789585952	744	uncounted	train	100000	1.96
1789585955	744	uncounted	train	100000	2.35
1789585958	744	uncounted	train	100000	3.05
1789585960	744	uncounted	train	100000	1.29
1789585962	744	uncounted	train	100000	1.58
1789585964	744	uncounted	train	100000	1.27
1789585965	744	uncounted	train	100000	1.56
1789585968	744	uncounted	train	100000	2.01
1789585971	744	uncounted	train	100000	2.48
1789585974	744	uncounted	train	100000	3.15
1789585976	744	uncounted	train	100000	1.35
1789585978	744	uncounted	train	100000	1.61
1789585980	744	uncounted	train	100000	2.01
1789585983	744	uncounted	train	100000	2.55
1789585987	744	uncounted	train	100000	3.15
1789585989	744	uncounted	train	100000	1.32
1789585991	744	uncounted	train	100000	1.68
1789586005	756	uncounted	train	100000	0.89
1789586006	756	uncounted	train	100000	1.39
1789586009	756	uncounted	train	100000	2.34
1789586010	756	uncounted	train	100000	0.99
1789586012	756	uncounted	train	100000	1.52
1789586015	756	uncounted	train	100000	2.33
1789586016	756	uncounted	train	100000	0.98
1789586018	756	uncounted	train	100000	1.51
1789586020	756	uncounted	train	100000	2.31
1789586022	756	uncounted	train	100000	0.92
1789586023	756	uncounted	train	100000	1.48
1789586026	756	uncounted	train	100000	2.28
1789586027	756	uncounted	train	100000	0.92
1789586029	756	uncounted	train	100000	1.42
1789586032	756	uncounted	train	100000	2.22
1789586033	756	uncounted	train	100000	0.93
1789586035	756	uncounted	train	100000	1.39
1789586037	756	uncounted	train	100000	2.22
1789586038	756	uncounted	train	100000	0.85
1789586040	756	uncounted	train	100000	1.34
1789586042	756	uncounted	train	100000	2.18
1789586044	756	uncounted	train	100000	0.84
1789586045	756	uncounted	train	100000	1.35
1789586048	756	uncounted	train	100000	2.12
1789586049	756	uncounted	train	100000	1.22
1789586051	756	uncounted	train	100000	1.91
1789586055	756	uncounted	train	100000	2.93
1789586056	756	uncounted	train	100000	1.22
1789586059	756	uncounted	train	100000	1.90
1789586062	756	uncounted	train	100000	3.17
1789586064	756	uncounted	train	100000	1.26
1789586066	756	uncounted	train	100000	1.95
1789586070	756	uncounted	train	100000	3.13
1789586072	756	uncounted	train	100000	1.27
1789586074	756	uncounted	train	100000	1.99
1789586077	756	uncounted	train	100000	3.09
1789586079	756	uncounted	train	100000	1.29
1789586081	756	uncounted	train	100000	1.96
1789586085	756	uncounted	train	100000	3.13
1789586087	756	uncounted	train	100000	1.27
1789586089	756	uncounted	train	100000	1.99
1789586092	756	uncounted	train	100000	3.11
1789586094	756	uncounted	train	100000	1.24
1789586096	756	uncounted	train	100000	1.93
1789586100	756	uncounted	train	100000	3.02
1789586102	756	uncounted	train	100000	1.29
1789586104	756	uncounted	train	100000	1.93
1789586107	756	uncounted	train	100000	3.05
1789586110	756	uncounted	train	100000	1.80
1789586113	756	uncounted	train	100000	2.76
1789586118	756	uncounted	train	100000	4.38
1789586120	756	uncounted	train	100000	1.80
1789586124	756	uncounted	train	100000	2.74
1789586128	756	uncounted	train	100000	4.40
1789586131	756	uncounted	train	100000	1.88
1789586134	756	uncounted	train	100000	2.77
1789586139	756	uncounted	train	100000	4.34
1789586142	756	uncounted	train	100000	1.80
1789586145	756	uncounted	train	100000	2.88
1789586150	756	uncounted	train	100000	4.32
1789586152	756	uncounted	train	100000	1.81
1789586156	756	uncounted	train	100000	2.81
1789586161	756	uncounted	train	100000	4.38
1789586163	756	uncounted	train	100000	1.90
1789586166	756	uncounted	train	100000	2.81
1789586171	756	uncounted	train	100000	4.12
1789586174	756	uncounted	train	100000	1.79
1789586177	756	uncounted	train	100000	2.74
1789586182	756	uncounted	train	100000	4.32
1789586184	756	uncounted	train	100000	1.79
1789586187	756	uncounted	train	100000	2.81
1789586192	756	uncounted	train	100000	4.37
1789586195	756	uncounted	train	100000	1.62
1789586198	756	uncounted	train	100000	2.53
1789586202	756	uncounted	train	100000	3.90
1789586204	756	uncounted	train	100000	1.65
1789586207	756	uncounted	train	100000	2.41
1789586212	756	uncounted	train	100000	4.08
1789586214	756	uncounted	train	100000	1.53
1789586217	756	uncounted	train	100000	2.39
1789586221	756	uncounted	train	100000	3.83
1789586223	756	uncounted	train	100000	1.51
1789586226	756	uncounted	train	100000	2.34
1789586230	756	uncounted	train	100000	3.82
1789586233	756	uncounted	train	100000	1.69
1789586235	756	uncounted	train	100000	2.41
1789586240	756	uncounted	train	100000	3.96
1789586242	756	uncounted	train	100000	1.62
1789586245	756	uncounted	train	100000	2.39
1789586249	756	uncounted	train	100000	3.90
1789586252	756	uncounted	train	100000	1.57
1789586254	756	uncounted	train	100000	2.42
1789586259	756	uncounted	train	100000	4.07
1789586261	756	uncounted	train	100000	1.56
1789586264	756	uncounted	train	100000	2.46
1789586269	756	uncounted	train	100000	4.10
1789586271	756	uncounted	train	100000	1.36
1789586273	756	uncounted	train	100000	2.03
1789586277	756	uncounted	train	100000	3.24
1789586283	756	uncounted	train	100000	5.31
1789586286	756	uncounted	train	100000	1.37
1789586288	756	uncounted	train	100000	2.04
1789586292	756	uncounted	train	100000	3.18
1789586298	756	uncounted	train	100000	5.42
1789586300	756	uncounted	train	100000	1.33
1789586302	756	uncounted	train	100000	2.00
1789586306	756	uncounted	train	100000	3.13
1789586312	756	uncounted	train	100000	5.41
1789586315	756	uncounted	train	100000	1.23
1789586317	756	uncounted	train	100000	1.91
1789586320	756	uncounted	train	100000	3.15
1789586326	756	uncounted	train	100000	5.09
1789586328	756	uncounted	train	100000	1.27
1789586331	756	uncounted	train	100000	1.95
1789586334	756	uncounted	train	100000	2.98
1789586340	756	uncounted	train	100000	5.04
1789586343	756	uncounted	train	100000	1.38
1789586346	756	uncounted	train	100000	2.03
1789586349	756	uncounted	train	100000	3.03
1789586355	756	uncounted	train	100000	5.24
1789586358	756	uncounted	train	100000	2.00
1789586362	756	uncounted	train	100000	3.08
1789586364	756	uncounted	train	100000	2.09
1789586368	756	uncounted	train	100000	3.04
1789586370	756	uncounted	train	100000	1.99
1789586374	756	uncounted	train	100000	3.17
1789586376	756	uncounted	train	100000	2.01
1789586380	756	uncounted	train	100000	3.08
1789586382	756	uncounted	train	100000	2.01
1789586386	756	uncounted	train	100000	3.14
1789586389	756	uncounted	train	100000	2.04
1789586392	756	uncounted	train	100000	3.23
1789586395	756	uncounted	train	100000	1.99
1789586398	756	uncounted	train	100000	3.17
1789586401	756	uncounted	train	100000	2.14
1789586405	756	uncounted	train	100000	3.07
1789586407	756	uncounted	train	100000	1.90
1789586411	756	uncounted	train	100000	3.03
1789586413	756	uncounted	train	100000	1.90
1789586416	756	uncounted	train	100000	2.90
1789586419	756	uncounted	train	100000	1.89
1789586422	756	uncounted	train	100000	2.85
1789586425	756	uncounted	train	100000	1.91
1789586428	756	uncounted	train	100000	2.98
1789586430	756	uncounted	train	100000	1.28
1789586432	756	uncounted	train	100000	1.92
1789586435	756	uncounted	train	100000	2.94
1789586437	756	uncounted	train	100000	1.28
1789586439	756	uncounted	train	100000	1.91
1789586443	756	uncounted	train	100000	2.98
1789586445	756	uncounted	train	100000	1.28
1789586447	756	uncounted	train	100000	1.95
1789586450	756	uncounted	train	100000	2.94
1789586452	756	uncounted	train	100000	1.29
1789586454	756	uncounted	train	100000	1.94
1789586458	756	uncounted	train	100000	2.99
1789586460	756	uncounted	train	100000	1.30
1789586462	756	uncounted	train	100000	1.91
1789586465	756	uncounted	train	100000	2.84
1789586467	756	uncounted	train	100000	1.24
1789586469	756	uncounted	train	100000	1.82
1789586472	756	uncounted	train	100000	2.86
1789586474	756	uncounted	train	100000	1.22
1789586476	756	uncounted	train	100000	1.77
1789586479	756	uncounted	train	100000	2.82
1789586481	756	uncounted	train	100000	1.23
1789586483	756	uncounted	train	100000	1.83
1789586486	756	uncounted	train	100000	2.90
1789586489	756	uncounted	train	100000	1.98
1789586492	756	uncounted	train	100000	2.97
1789586498	756	uncounted	train	100000	4.77
1789586501	756	uncounted	train	100000	1.90
1789586504	756	uncounted	train	100000	2.95
1789586510	756	uncounted	train	100000	4.76
1789586513	756	uncounted	train	100000	1.80
1789586516	756	uncounted	train	100000	2.92
1789586521	756	uncounted	train	100000	4.86
1789586525	756	uncounted	train	100000	2.05
1789586528	756	uncounted	train	100000	3.16
1789586534	756	uncounted	train	100000	4.91
1789586537	756	uncounted	train	100000	1.99
1789586540	756	uncounted	train	100000	3.09
1789586546	756	uncounted	train	100000	5.16
1789586549	756	uncounted	train	100000	1.88
1789586553	756	uncounted	train	100000	2.95
1789586558	756	uncounted	train	100000	4.86
1789586561	756	uncounted	train	100000	1.89
1789586564	756	uncounted	train	100000	2.91
1789586570	756	uncounted	train	100000	4.94
1789586573	756	uncounted	train	100000	1.94
1789586576	756	uncounted	train	100000	3.11
1789586582	756	uncounted	train	100000	5.09
1789586599	768	uncounted	train	100000	0.89
1789586601	768	uncounted	train	100000	1.39
1789586603	768	uncounted	train	100000	2.18
1789586607	768	uncounted	train	100000	3.58
1789586609	768	uncounted	train	100000	0.87
1789586610	768	uncounted	train	100000	1.38
1789586613	768	uncounted	train	100000	2.16
1789586617	768	uncounted	train	100000	3.66
1789586619	768	uncounted	train	100000	0.90
1789586620	768	uncounted	train	100000	1.34
1789586623	768	uncounted	train	100000	2.13
1789586627	768	uncounted	train	100000	3.72
1789586628	768	uncounted	train	100000	0.91
1789586630	768	uncounted	train	100000	1.41
1789586633	768	uncounted	train	100000	2.28
1789586637	768	uncounted	train	100000	3.70
1789586638	768	uncounted	train	100000	0.97
1789586640	768	uncounted	train	100000	1.47
1789586643	768	uncounted	train	100000	2.21
1789586647	768	uncounted	train	100000	3.65
1789586648	768	uncounted	train	100000	0.90
1789586650	768	uncounted	train	100000	1.43
1789586653	768	uncounted	train	100000	2.29
1789586657	768	uncounted	train	100000	4.11
1789586659	768	uncounted	train	100000	1.09
1789586661	768	uncounted	train	100000	1.69
1789586664	768	uncounted	train	100000	2.64
1789586669	768	uncounted	train	100000	4.25
1789586671	768	uncounted	train	100000	1.08
1789586673	768	uncounted	train	100000	1.67
1789586676	768	uncounted	train	100000	2.63
1789586680	768	uncounted	train	100000	4.28
1789586682	768	uncounted	train	100000	1.10
1789586684	768	uncounted	train	100000	1.72
1789586687	768	uncounted	train	100000	2.70
1789586692	768	uncounted	train	100000	4.49
1789586695	768	uncounted	train	100000	1.15
1789586697	768	uncounted	train	100000	1.80
1789586700	768	uncounted	train	100000	2.60
1789586705	768	uncounted	train	100000	4.54
1789586707	768	uncounted	train	100000	1.19
1789586709	768	uncounted	train	100000	1.82
1789586712	768	uncounted	train	100000	2.68
1789586717	768	uncounted	train	100000	4.47
1789586720	768	uncounted	train	100000	1.15
1789586721	768	uncounted	train	100000	1.65
1789586724	768	uncounted	train	100000	2.52
1789586729	768	uncounted	train	100000	4.32
1789586731	768	uncounted	train	100000	1.27
1789586734	768	uncounted	train	100000	2.03
1789586737	768	uncounted	train	100000	3.12
1789586742	768	uncounted	train	100000	4.67
1789586745	768	uncounted	train	100000	1.19
1789586747	768	uncounted	train	100000	1.89
1789586750	768	uncounted	train	100000	2.95
1789586755	768	uncounted	train	100000	4.56
1789586758	768	uncounted	train	100000	1.25
1789586760	768	uncounted	train	100000	1.92
1789586763	768	uncounted	train	100000	2.94
1789586768	768	uncounted	train	100000	4.74
1789586771	768	uncounted	train	100000	1.32
1789586773	768	uncounted	train	100000	2.01
1789586777	768	uncounted	train	100000	3.13
1789586782	768	uncounted	train	100000	4.55
1789586784	768	uncounted	train	100000	1.25
1789586787	768	uncounted	train	100000	1.80
1789586790	768	uncounted	train	100000	2.80
1789586795	768	uncounted	train	100000	4.57
1789586797	768	uncounted	train	100000	1.44
1789586800	768	uncounted	train	100000	1.98
1789586803	768	uncounted	train	100000	3.13
1789586808	768	uncounted	train	100000	4.69
1789586812	768	uncounted	train	100000	1.99
1789586815	768	uncounted	train	100000	3.21
1789586821	768	uncounted	train	100000	5.08
1789586831	768	uncounted	train	100000	8.86
1789586837	768	uncounted	train	100000	2.05
1789586840	768	uncounted	train	100000	3.40
1789586846	768	uncounted	train	100000	5.48
1789586858	768	uncounted	train	100000	9.03
1789586863	768	uncounted	train	100000	1.96
1789586867	768	uncounted	train	100000	3.05
1789586872	768	uncounted	train	100000	5.08
1789586882	768	uncounted	train	100000	8.72
1789586888	768	uncounted	train	100000	2.13
1789586892	768	uncounted	train	100000	3.05
1789586897	768	uncounted	train	100000	4.66
1789586906	768	uncounted	train	100000	8.33
1789586912	768	uncounted	train	100000	2.00
1789586915	768	uncounted	train	100000	3.11
1789586921	768	uncounted	train	100000	5.08
1789586931	768	uncounted	train	100000	8.62
1789586936	768	uncounted	train	100000	2.00
1789586939	768	uncounted	train	100000	2.99
1789586946	768	uncounted	train	100000	5.63
1789586956	768	uncounted	train	100000	9.16
1789586963	768	uncounted	train	100000	3.16
1789586969	768	uncounted	train	100000	5.06
1789586978	768	uncounted	train	100000	8.31
1789586986	768	uncounted	train	100000	3.14
1789586991	768	uncounted	train	100000	5.32
1789587002	768	uncounted	train	100000	8.51
1789587008	768	uncounted	train	100000	3.12
1789587014	768	uncounted	train	100000	4.80
1789587023	768	uncounted	train	100000	8.25
1789587030	768	uncounted	train	100000	3.19
1789587036	768	uncounted	train	100000	5.00
1789587047	768	uncounted	train	100000	8.80
1789587053	768	uncounted	train	100000	3.24
1789587059	768	uncounted	train	100000	5.00
1789587069	768	uncounted	train	100000	8.47
1789587076	768	uncounted	train	100000	3.18
1789587082	768	uncounted	train	100000	5.22
1789587093	768	uncounted	train	100000	8.93
1789587100	768	uncounted	train	100000	3.21
1789587105	768	uncounted	train	100000	5.04
1789587116	768	uncounted	train	100000	8.95
1789587123	768	uncounted	train	100000	3.19
1789587128	768	uncounted	train	100000	5.23
1789587138	768	uncounted	train	100000	7.81
1789587142	768	uncounted	train	100000	1.23
1789587145	768	uncounted	train	100000	1.99
1789587148	768	uncounted	train	100000	3.15
1789587154	768	uncounted	train	100000	5.27
1789587157	768	uncounted	train	100000	1.30
1789587159	768	uncounted	train	100000	2.01
1789587163	768	uncounted	train	100000	3.28
1789587169	768	uncounted	train	100000	5.59
1789587171	768	uncounted	train	100000	1.37
1789587174	768	uncounted	train	100000	1.97
1789587177	768	uncounted	train	100000	3.26
1789587183	768	uncounted	train	100000	5.50
1789587186	768	uncounted	train	100000	1.35
1789587189	768	uncounted	train	100000	2.09
1789587192	768	uncounted	train	100000	3.16
1789587198	768	uncounted	train	100000	5.41
1789587201	768	uncounted	train	100000	1.34
1789587203	768	uncounted	train	100000	2.02
1789587207	768	uncounted	train	100000	3.22
1789587213	768	uncounted	train	100000	5.62
1789587216	768	uncounted	train	100000	1.20
1789587218	768	uncounted	train	100000	1.91
1789587222	768	uncounted	train	100000	3.06
1789587228	768	uncounted	train	100000	5.33
1789587230	768	uncounted	train	100000	1.31
1789587232	768	uncounted	train	100000	2.04
1789587236	768	uncounted	train	100000	3.17
1789587242	768	uncounted	train	100000	5.09
1789587252	768	uncounted	train	100000	8.95
1789587257	768	uncounted	train	100000	1.34
1789587259	768	uncounted	train	100000	2.05
1789587263	768	uncounted	train	100000	3.10
1789587268	768	uncounted	train	100000	5.14
1789587279	768	uncounted	train	100000	8.69
1789587283	768	uncounted	train	100000	1.42
1789587286	768	uncounted	train	100000	2.15
1789587288	768	uncounted	train	100000	1.36
1789587290	768	uncounted	train	100000	1.93
1789587293	768	uncounted	train	100000	2.76
1789587298	768	uncounted	train	100000	4.71
1789587307	768	uncounted	train	100000	7.75
1789587311	768	uncounted	train	100000	1.31
1789587313	768	uncounted	train	100000	2.00
1789587317	768	uncounted	train	100000	3.03
1789587322	768	uncounted	train	100000	4.97
1789587332	768	uncounted	train	100000	8.23
1789587336	768	uncounted	train	100000	1.21
1789587338	768	uncounted	train	100000	1.93
1789587355	780	uncounted	train	100000	1.37
1789587358	780	uncounted	train	100000	2.13
1789587361	780	uncounted	train	100000	3.35
1789587368	780	uncounted	train	100000	5.53
1789587378	780	uncounted	train	100000	8.87
1789587383	780	uncounted	train	100000	0.89
1789587385	780	uncounted	train	100000	1.35
1789587387	780	uncounted	train	100000	2.19
1789587391	780	uncounted	train	100000	3.65
1789587398	780	uncounted	train	100000	6.38
1789587401	780	uncounted	train	100000	0.91
1789587403	780	uncounted	train	100000	1.38
1789587405	780	uncounted	train	100000	2.23
1789587409	780	uncounted	train	100000	3.51
1789587416	780	uncounted	train	100000	6.01
1789587419	780	uncounted	train	100000	0.71
1789587420	780	uncounted	train	100000	1.09
1789587422	780	uncounted	train	100000	1.69
1789587425	780	uncounted	train	100000	2.89
1789587431	780	uncounted	train	100000	5.27
1789587433	780	uncounted	train	100000	0.71
1789587434	780	uncounted	train	100000	1.12
1789587436	780	uncounted	train	100000	1.79
1789587440	780	uncounted	train	100000	3.01
1789587445	780	uncounted	train	100000	5.10
1789587448	780	uncounted	train	100000	1.29
1789587450	780	uncounted	train	100000	1.98
1789587454	780	uncounted	train	100000	3.11
1789587459	780	uncounted	train	100000	5.03
1789587469	780	uncounted	train	100000	8.51
1789587474	780	uncounted	train	100000	1.31
1789587476	780	uncounted	train	100000	1.99
1789587480	780	uncounted	train	100000	3.17
1789587486	780	uncounted	train	100000	5.30
1789587496	780	uncounted	train	100000	8.38
1789587500	780	uncounted	train	100000	0.97
1789587502	780	uncounted	train	100000	1.49
1789587505	780	uncounted	train	100000	2.43
1789587509	780	uncounted	train	100000	3.77
1789587516	780	uncounted	train	100000	5.93
1789587518	780	uncounted	train	100000	0.91
1789587520	780	uncounted	train	100000	1.41
1789587522	780	uncounted	train	100000	2.11
1789587526	780	uncounted	train	100000	3.59
1789587533	780	uncounted	train	100000	6.00
1789587537	780	uncounted	train	100000	1.93
1789587540	780	uncounted	train	100000	3.05
1789587546	780	uncounted	train	100000	5.11
1789587556	780	uncounted	train	100000	8.53
1789587561	780	uncounted	train	100000	1.92
1789587564	780	uncounted	train	100000	3.09
1789587570	780	uncounted	train	100000	5.04
1789587580	780	uncounted	train	100000	8.97
1789587599	792	uncounted	train	100000	0.41
1789587600	792	uncounted	train	100000	0.67
1789587601	792	uncounted	train	100000	1.28
1789587604	792	uncounted	train	100000	2.36
1789587608	792	uncounted	train	100000	4.09
1789587610	792	uncounted	train	100000	0.57
1789587611	792	uncounted	train	100000	0.91
1789587613	792	uncounted	train	100000	1.39
1789587615	792	uncounted	train	100000	2.38
1789587620	792	uncounted	train	100000	4.22
1789587622	792	uncounted	train	100000	0.58
1789587623	792	uncounted	train	100000	0.90
1789587624	792	uncounted	train	100000	1.45
1789587627	792	uncounted	train	100000	2.38
1789587632	792	uncounted	train	100000	4.43
1789587634	792	uncounted	train	100000	0.59
1789587635	792	uncounted	train	100000	0.93
1789587636	792	uncounted	train	100000	1.40
1789587639	792	uncounted	train	100000	2.49
1789587644	792	uncounted	train	100000	4.09
1789587645	792	uncounted	train	100000	0.77
1789587647	792	uncounted	train	100000	1.16
1789587649	792	uncounted	train	100000	1.75
1789587652	792	uncounted	train	100000	3.05
1789587658	792	uncounted	train	100000	5.38
1789587661	792	uncounted	train	100000	0.81
1789587662	792	uncounted	train	100000	1.21
1789587664	792	uncounted	train	100000	1.94
1789587668	792	uncounted	train	100000	3.20
1789587674	792	uncounted	train	100000	5.45
1789587676	792	uncounted	train	100000	0.80
1789587678	792	uncounted	train	100000	1.19
1789587680	792	uncounted	train	100000	1.85
1789587683	792	uncounted	train	100000	3.13
1789587689	792	uncounted	train	100000	5.33
1789587691	792	uncounted	train	100000	0.79
1789587693	792	uncounted	train	100000	1.20
1789587695	792	uncounted	train	100000	1.89
1789587698	792	uncounted	train	100000	3.19
1789587704	792	uncounted	train	100000	5.13
1789587707	792	uncounted	train	100000	0.92
1789587708	792	uncounted	train	100000	1.40
1789587711	792	uncounted	train	100000	2.19
1789587715	792	uncounted	train	100000	3.61
1789587722	792	uncounted	train	100000	6.53
1789587726	792	uncounted	train	100000	0.97
1789587727	792	uncounted	train	100000	1.57
1789587730	792	uncounted	train	100000	2.28
1789587734	792	uncounted	train	100000	3.68
1789587741	792	uncounted	train	100000	6.30
1789587744	792	uncounted	train	100000	0.90
1789587746	792	uncounted	train	100000	1.39
1789587748	792	uncounted	train	100000	2.09
1789587752	792	uncounted	train	100000	3.47
1789587759	792	uncounted	train	100000	5.98
1789587761	792	uncounted	train	100000	0.89
1789587763	792	uncounted	train	100000	1.37
1789587765	792	uncounted	train	100000	2.20
1789587770	792	uncounted	train	100000	3.91
1789587777	792	uncounted	train	100000	6.22
1789587779	792	uncounted	train	100000	0.72
1789587781	792	uncounted	train	100000	1.16
1789587783	792	uncounted	train	100000	1.85
1789587786	792	uncounted	train	100000	2.98
1789587792	792	uncounted	train	100000	5.33
1789587802	792	uncounted	train	100000	8.49
1789587806	792	uncounted	train	100000	0.74
1789587807	792	uncounted	train	100000	1.19
1789587809	792	uncounted	train	100000	1.82
1789587812	792	uncounted	train	100000	3.06
1789587818	792	uncounted	train	100000	5.36
1789587829	792	uncounted	train	100000	8.95
1789587833	792	uncounted	train	100000	0.72
1789587834	792	uncounted	train	100000	1.14
1789587836	792	uncounted	train	100000	1.78
1789587839	792	uncounted	train	100000	2.98
1789587845	792	uncounted	train	100000	5.34
1789587855	792	uncounted	train	100000	8.64
1789587858	792	uncounted	train	100000	0.69
1789587859	792	uncounted	train	100000	1.08
1789587861	792	uncounted	train	100000	1.79
1789587865	792	uncounted	train	100000	2.84
1789587870	792	uncounted	train	100000	5.03
1789587879	792	uncounted	train	100000	8.18
1789587882	792	uncounted	train	100000	0.44
1789587884	792	uncounted	train	100000	1.15
1789587886	792	uncounted	train	100000	1.75
1789587889	792	uncounted	train	100000	2.87
1789587895	792	uncounted	train	100000	5.13
1789587896	792	uncounted	train	100000	0.42
1789587897	792	uncounted	train	100000	1.08
1789587899	792	uncounted	train	100000	1.80
1789587902	792	uncounted	train	100000	2.91
1789587908	792	uncounted	train	100000	5.03
1789587910	792	uncounted	train	100000	0.42
1789587911	792	uncounted	train	100000	1.06
1789587913	792	uncounted	train	100000	1.82
1789587916	792	uncounted	train	100000	2.88
1789587922	792	uncounted	train	100000	5.13
1789587923	792	uncounted	train	100000	0.44
1789587925	792	uncounted	train	100000	1.10
1789587926	792	uncounted	train	100000	1.72
1789587930	792	uncounted	train	100000	2.96
1789587935	792	uncounted	train	100000	4.95
1789587937	792	uncounted	train	100000	0.73
1789587939	792	uncounted	train	100000	1.08
1789587941	792	uncounted	train	100000	1.76
1789587944	792	uncounted	train	100000	2.90
1789587945	792	uncounted	train	100000	0.75
1789587947	792	uncounted	train	100000	1.14
1789587949	792	uncounted	train	100000	1.82
1789587952	792	uncounted	train	100000	2.96
1789587953	792	uncounted	train	100000	0.75
1789587955	792	uncounted	train	100000	1.16
1789587957	792	uncounted	train	100000	1.77
1789587960	792	uncounted	train	100000	2.84
1789587961	792	uncounted	train	100000	0.72
1789587963	792	uncounted	train	100000	1.15
1789587965	792	uncounted	train	100000	1.77
1789587968	792	uncounted	train	100000	3.03
1789588019	804	uncounted	train	100000	0.73
1789588020	804	uncounted	train	100000	1.14
1789588022	804	uncounted	train	100000	1.80
1789588026	804	uncounted	train	100000	3.10
1789588032	804	uncounted	train	100000	5.66
1789588042	804	uncounted	train	100000	8.59
1789588046	804	uncounted	train	100000	0.76
1789588047	804	uncounted	train	100000	1.21
1789588049	804	uncounted	train	100000	1.80
1789588053	804	uncounted	train	100000	2.94
1789588059	804	uncounted	train	100000	5.54
1789588069	804	uncounted	train	100000	9.06
1789588073	804	uncounted	train	100000	0.77
1789588074	804	uncounted	train	100000	1.18
1789588077	804	uncounted	train	100000	1.89
1789588080	804	uncounted	train	100000	3.17
1789588086	804	uncounted	train	100000	5.30
1789588096	804	uncounted	train	100000	9.02
1789588100	804	uncounted	train	100000	0.77
1789588101	804	uncounted	train	100000	1.16
1789588104	804	uncounted	train	100000	1.87
1789588107	804	uncounted	train	100000	2.95
1789588113	804	uncounted	train	100000	5.38
1789588123	804	uncounted	train	100000	8.48
1789588126	804	uncounted	train	100000	1.10
1789588128	804	uncounted	train	100000	1.70
1789588132	804	uncounted	train	100000	2.93
1789588138	804	uncounted	train	100000	5.39
1789588147	804	uncounted	train	100000	8.35
1789588162	804	uncounted	train	100000	11.97
1789588168	804	uncounted	train	100000	1.21
1789588170	804	uncounted	train	100000	1.84
1789588173	804	uncounted	train	100000	3.07
1789588180	804	uncounted	train	100000	5.47
1789588190	804	uncounted	train	100000	8.61
1789588204	804	uncounted	train	100000	12.52
1789588210	804	uncounted	train	100000	1.21
1789588212	804	uncounted	train	100000	1.87
1789588216	804	uncounted	train	100000	3.17
1789588222	804	uncounted	train	100000	5.22
1789588232	804	uncounted	train	100000	8.71
1789588247	804	uncounted	train	100000	12.37
1789588253	804	uncounted	train	100000	1.21
1789588255	804	uncounted	train	100000	1.79
1789588259	804	uncounted	train	100000	2.97
1789588265	804	uncounted	train	100000	5.22
1789588275	804	uncounted	train	100000	8.91
1789588290	804	uncounted	train	100000	11.74
1789588296	804	uncounted	train	100000	2.00
1789588300	804	uncounted	train	100000	3.07
1789588306	804	uncounted	train	100000	5.35
1789588316	804	uncounted	train	100000	8.66
1789588331	804	uncounted	train	100000	12.50
1789588337	804	uncounted	train	100000	1.77
1789588340	804	uncounted	train	100000	2.96
1789588346	804	uncounted	train	100000	5.23
1789588357	804	uncounted	train	100000	8.68
1789588372	804	uncounted	train	100000	12.16
1789588377	804	uncounted	train	100000	1.70
1789588381	804	uncounted	train	100000	2.85
1789588386	804	uncounted	train	100000	5.00
1789588395	804	uncounted	train	100000	8.24
1789588409	804	uncounted	train	100000	11.70
1789588415	804	uncounted	train	100000	1.81
1789588418	804	uncounted	train	100000	2.99
1789588424	804	uncounted	train	100000	5.09
1789588433	804	uncounted	train	100000	8.20
1789588447	804	uncounted	train	100000	11.81
1789588452	804	uncounted	train	100000	0.74
1789588454	804	uncounted	train	100000	1.78
1789588459	804	uncounted	train	100000	5.11
1789588473	804	uncounted	train	100000	12.41
1789588494	804	uncounted	train	100000	16.36
1789588500	804	uncounted	train	100000	0.73
1789588502	804	uncounted	train	100000	1.78
1789588508	804	uncounted	train	100000	5.23
1789588521	804	uncounted	train	100000	11.68
1789588541	804	uncounted	train	100000	16.59
1789588547	804	uncounted	train	100000	0.78
1789588549	804	uncounted	train	100000	1.81
1789588555	804	uncounted	train	100000	5.38
1789588568	804	uncounted	train	100000	11.98
1789588588	804	uncounted	train	100000	16.19
1789588594	804	uncounted	train	100000	0.75
1789588596	804	uncounted	train	100000	1.81
1789588602	804	uncounted	train	100000	5.32
1789588615	804	uncounted	train	100000	12.13
1789588635	804	uncounted	train	100000	15.37
1789588641	804	uncounted	train	100000	0.57
1789588642	804	uncounted	train	100000	0.85
1789588643	804	uncounted	train	100000	1.35
1789588646	804	uncounted	train	100000	2.32
1789588650	804	uncounted	train	100000	4.18
1789588658	804	uncounted	train	100000	6.57
1789588660	804	uncounted	train	100000	0.54
1789588661	804	uncounted	train	100000	0.87
1789588663	804	uncounted	train	100000	1.34
1789588665	804	uncounted	train	100000	2.24
1789588670	804	uncounted	train	100000	4.17
1789588679	804	uncounted	train	100000	7.34
1789588681	804	uncounted	train	100000	0.60
1789588683	804	uncounted	train	100000	0.91
1789588684	804	uncounted	train	100000	1.46
1789588687	804	uncounted	train	100000	2.32
1789588692	804	uncounted	train	100000	4.24
1789588700	804	uncounted	train	100000	7.47
1789588702	804	uncounted	train	100000	0.56
1789588703	804	uncounted	train	100000	0.86
1789588705	804	uncounted	train	100000	1.44
1789588708	804	uncounted	train	100000	2.29
1789588712	804	uncounted	train	100000	4.31
1789588720	804	uncounted	train	100000	6.62
1789588722	804	uncounted	train	100000	0.74
1789588724	804	uncounted	train	100000	1.12
1789588726	804	uncounted	train	100000	1.78
1789588729	804	uncounted	train	100000	2.98
1789588735	804	uncounted	train	100000	4.96
1789588744	804	uncounted	train	100000	7.54
1789588747	804	uncounted	train	100000	0.76
1789588748	804	uncounted	train	100000	1.17
1789588750	804	uncounted	train	100000	1.78
1789588753	804	uncounted	train	100000	2.99
1789588759	804	uncounted	train	100000	5.12
1789588768	804	uncounted	train	100000	7.75
1789588772	804	uncounted	train	100000	0.75
1789588773	804	uncounted	train	100000	1.17
1789588775	804	uncounted	train	100000	1.87
1789588778	804	uncounted	train	100000	2.89
1789588784	804	uncounted	train	100000	4.91
1789588793	804	uncounted	train	100000	7.93
1789588797	804	uncounted	train	100000	0.80
1789588798	804	uncounted	train	100000	1.21
1789588800	804	uncounted	train	100000	1.88
1789588804	804	uncounted	train	100000	3.00
1789588809	804	uncounted	train	100000	5.08
1789588819	804	uncounted	train	100000	7.83
1789588839	816	uncounted	train	100000	0.77
1789588841	816	uncounted	train	100000	1.87
1789588847	816	uncounted	train	100000	5.20
1789588860	816	uncounted	train	100000	12.08
1789588881	816	uncounted	train	100000	16.58
1789588888	816	uncounted	train	100000	0.79
1789588890	816	uncounted	train	100000	1.88
1789588896	816	uncounted	train	100000	5.43
1789588910	816	uncounted	train	100000	12.30
1789588931	816	uncounted	train	100000	16.46
1789588948	828	uncounted	train	100000	0.73
1789588950	828	uncounted	train	100000	1.83
1789588955	828	uncounted	train	100000	4.97
1789588969	828	uncounted	train	100000	12.13
1789588989	828	uncounted	train	100000	16.42
1789588996	828	uncounted	train	100000	0.76
1789588998	828	uncounted	train	100000	1.84
1789589004	828	uncounted	train	100000	5.39
1789589017	828	uncounted	train	100000	11.99
1789589038	828	uncounted	train	100000	16.75
1789589071	840	uncounted	train	100000	0.76
1789589073	840	uncounted	train	100000	1.85
1789589079	840	uncounted	train	100000	5.32
1789589093	840	uncounted	train	100000	12.22
1789589115	840	uncounted	train	100000	16.93
1789589122	840	uncounted	train	100000	0.80
1789589124	840	uncounted	train	100000	1.98
1789589130	840	uncounted	train	100000	5.57
1789589144	840	uncounted	train	100000	12.01
1789589219	852	exempt	train	100000	0.77
1789589221	852	exempt	train	100000	1.86
1789589226	852	exempt	train	100000	4.97
1789589238	852	exempt	train	100000	12.14
1789589254	852	exempt	train	100000	16.02
1789589255	852	exempt	train	100000	0.76
1789589257	852	exempt	train	100000	1.98
1789589262	852	exempt	train	100000	5.45
1789589275	852	exempt	train	100000	12.11
1789589292	852	exempt	train	100000	16.87
1789589369	866	exempt	train	100000	0.53
1789589371	866	exempt	train	100000	1.31
1789589375	866	exempt	train	100000	3.97
1789589385	866	exempt	train	100000	9.99
1789589398	866	exempt	train	100000	13.72
1789589399	866	exempt	train	100000	0.57
1789589401	866	exempt	train	100000	1.42
1789589405	866	exempt	train	100000	4.30
1789589415	866	exempt	train	100000	10.20
1789589429	866	exempt	train	100000	13.63
1789589475	879	exempt	train	100000	0.36
1789589476	879	exempt	train	100000	0.91
1789589479	879	exempt	train	100000	2.81
1789589486	879	exempt	train	100000	7.36
1789589497	879	exempt	train	100000	10.79
1789589497	879	exempt	train	100000	0.38
1789589498	879	exempt	train	100000	0.94
1789589501	879	exempt	train	100000	2.96
1789589509	879	exempt	train	100000	7.54
1789589520	879	exempt	train	100000	10.61
1789589551	892	exempt	train	100000	0.35
1789589552	892	exempt	train	100000	0.81
1789589554	892	exempt	train	100000	2.54
1789589561	892	exempt	train	100000	6.20
1789589569	892	exempt	train	100000	8.59
1789589570	892	exempt	train	100000	0.25
1789589570	892	exempt	train	100000	0.68
1789589572	892	exempt	train	100000	2.03
1789589578	892	exempt	train	100000	5.46
1789589586	892	exempt	train	100000	8.08
1789589605	905	exempt	train	100000	0.20
1789589606	905	exempt	train	100000	0.48
1789589607	905	exempt	train	100000	1.50
1789589611	905	exempt	train	100000	3.98
1789589617	905	exempt	train	100000	6.00
1789589618	905	exempt	train	100000	0.20
1789589618	905	exempt	train	100000	0.49
1789589620	905	exempt	train	100000	1.73
1789589624	905	exempt	train	100000	3.95
1789589630	905	exempt	train	100000	5.85
1789589643	918	exempt	train	100000	0.25
1789589644	918	exempt	train	100000	0.60
1789589646	918	exempt	train	100000	1.81
1789589651	918	exempt	train	100000	4.72
1789589658	918	exempt	train	100000	7.18
1789589658	918	exempt	train	100000	0.24
1789589659	918	exempt	train	100000	0.59
1789589661	918	exempt	train	100000	1.80
1789589665	918	exempt	train	100000	4.66
1789589672	918	exempt	train	100000	6.91
1789589729	934	exempt	train	100000	0.28
1789589729	934	exempt	train	100000	0.68
1789589732	934	exempt	train	100000	2.21
1789589737	934	exempt	train	100000	5.57
1789589746	934	exempt	train	100000	8.31
1789589755	934	exempt	train	100000	9.27
1789589755	934	exempt	train	100000	0.28
1789589756	934	exempt	train	100000	0.72
1789589758	934	exempt	train	100000	2.24
1789589764	934	exempt	train	100000	5.88
1789589773	934	exempt	train	100000	8.85
1789589783	934	exempt	train	100000	9.38
1789589814	947	exempt	train	100000	0.30
1789589815	947	exempt	train	100000	0.72
1789589817	947	exempt	train	100000	2.30
1789589823	947	exempt	train	100000	5.58
1789589831	947	exempt	train	100000	8.32
1789589841	947	exempt	train	100000	9.23
1789589850	947	exempt	train	100000	9.62
1789589851	947	exempt	train	100000	0.30
1789589851	947	exempt	train	100000	0.72
1789589854	947	exempt	train	100000	2.24
1789589859	947	exempt	train	100000	5.58
1789589868	947	exempt	train	100000	8.44
1789589877	947	exempt	train	100000	9.49
1789589887	947	exempt	train	100000	9.73
1789589930	961	exempt	train	100000	0.28
1789589931	961	exempt	train	100000	0.64
1789589933	961	exempt	train	100000	2.08
1789589939	961	exempt	train	100000	5.22
1789589947	961	exempt	train	100000	8.18
1789589956	961	exempt	train	100000	9.14
1789589956	961	exempt	train	100000	0.30
1789589957	961	exempt	train	100000	0.72
1789589959	961	exempt	train	100000	2.15
1789589965	961	exempt	train	100000	5.39
1789589973	961	exempt	train	100000	8.05
1789589982	961	exempt	train	100000	9.16
1789590013	975	exempt	train	100000	0.33
1789590013	975	exempt	train	100000	0.77
1789590016	975	exempt	train	100000	2.50
1789590022	975	exempt	train	100000	6.20
1789590031	975	exempt	train	100000	8.94
1789590041	975	exempt	train	100000	9.75
1789590041	975	exempt	train	100000	0.31
1789590042	975	exempt	train	100000	0.74
1789590045	975	exempt	train	100000	2.35
1789590051	975	exempt	train	100000	5.89
1789590059	975	exempt	train	100000	8.68
1789590069	975	exempt	train	100000	9.79
1789590103	989	exempt	train	100000	0.30
1789590104	989	exempt	train	100000	0.73
1789590106	989	exempt	train	100000	2.41
1789590112	989	exempt	train	100000	5.84
1789590121	989	exempt	train	100000	8.73
1789590130	989	exempt	train	100000	9.38
1789590131	989	exempt	train	100000	0.28
1789590131	989	exempt	train	100000	0.72
1789590134	989	exempt	train	100000	2.43
1789590140	989	exempt	train	100000	6.21
1789590149	989	exempt	train	100000	9.11
1789590159	989	exempt	train	100000	10.08
1789590189	1003	exempt	train	100000	0.34
1789590190	1003	exempt	train	100000	0.85
1789590193	1003	exempt	train	100000	2.66
1789590200	1003	exempt	train	100000	6.93
1789590210	1003	exempt	train	100000	9.84
1789590221	1003	exempt	train	100000	10.73
1789590221	1003	exempt	train	100000	0.36
1789590222	1003	exempt	train	100000	0.91
1789590225	1003	exempt	train	100000	2.77
1789590232	1003	exempt	train	100000	6.82
1789590242	1003	exempt	train	100000	9.67
1789590252	1003	exempt	train	100000	10.46
1789590340	1027	exempt	train	100000	0.21
1789590341	1027	exempt	train	100000	0.58
1789590343	1027	exempt	train	100000	2.17
1789590349	1027	exempt	train	100000	5.85
1789590358	1027	exempt	train	100000	9.11
1789590368	1027	exempt	train	100000	9.86
1789590368	1027	exempt	train	100000	0.28
1789590369	1027	exempt	train	100000	0.71
1789590372	1027	exempt	train	100000	2.39
1789590378	1027	exempt	train	100000	5.86
1789590386	1027	exempt	train	100000	8.71
1789590397	1027	exempt	train	100000	10.11
1789590432	1041	exempt	train	100000	0.33
1789590433	1041	exempt	train	100000	0.88
1789590436	1041	exempt	train	100000	2.77
1789590442	1041	exempt	train	100000	6.29
1789590452	1041	exempt	train	100000	9.74
1789590462	1041	exempt	train	100000	10.50
1789590463	1041	exempt	train	100000	0.34
1789590464	1041	exempt	train	100000	0.83
1789590466	1041	exempt	train	100000	2.46
1789590473	1041	exempt	train	100000	6.67
1789590483	1041	exempt	train	100000	9.56
1789590493	1041	exempt	train	100000	10.54
1789590522	1057	exempt	train	100000	0.23
1789590523	1057	exempt	train	100000	0.69
1789590526	1057	exempt	train	100000	2.76
1789590533	1057	exempt	train	100000	6.71
1789590543	1057	exempt	train	100000	10.13
1789590554	1057	exempt	train	100000	11.03
1789590555	1057	exempt	train	100000	0.32
1789590555	1057	exempt	train	100000	0.82
1789590558	1057	exempt	train	100000	2.66
1789590565	1057	exempt	train	100000	6.64
1789590575	1057	exempt	train	100000	9.62
1789590586	1057	exempt	train	100000	11.18
1789590618	1070	exempt	train	100000	0.29
1789590619	1070	exempt	train	100000	0.74
1789590622	1070	exempt	train	100000	2.74
1789590628	1070	exempt	train	100000	6.52
1789590638	1070	exempt	train	100000	9.82
1789590649	1070	exempt	train	100000	10.66
1789590649	1070	exempt	train	100000	0.32
1789590650	1070	exempt	train	100000	0.84
1789590653	1070	exempt	train	100000	2.51
1789590659	1070	exempt	train	100000	6.59
1789590669	1070	exempt	train	100000	9.73
1789590681	1070	exempt	train	100000	11.24
1789590715	1084	exempt	train	100000	0.34
1789590716	1084	exempt	train	100000	0.95
1789590719	1084	exempt	train	100000	3.04
1789590727	1084	exempt	train	100000	7.40
1789590738	1084	exempt	train	100000	10.57
1789590750	1084	exempt	train	100000	12.40
1789590751	1084	exempt	train	100000	0.40
1789590752	1084	exempt	train	100000	0.92
1789590755	1084	exempt	train	100000	2.83
1789590762	1084	exempt	train	100000	7.10
1789590772	1084	exempt	train	100000	10.29
1789590784	1084	exempt	train	100000	12.29
1789590844	1097	exempt	train	100000	0.49
1789590846	1097	exempt	train	100000	1.35
1789590850	1097	exempt	train	100000	3.72
1789590858	1097	exempt	train	100000	8.34
1789590871	1097	exempt	train	100000	12.83
1789590885	1097	exempt	train	100000	14.23
1789590886	1097	exempt	train	100000	0.44
1789590887	1097	exempt	train	100000	1.11
1789590890	1097	exempt	train	100000	3.29
1789590899	1097	exempt	train	100000	8.63
1789590911	1097	exempt	train	100000	12.17
1789590925	1097	exempt	train	100000	13.89
1789590968	1114	exempt	train	100000	0.24
1789590969	1114	exempt	train	100000	0.74
1789590972	1114	exempt	train	100000	2.70
1789590979	1114	exempt	train	100000	7.25
1789590990	1114	exempt	train	100000	11.08
1789591003	1114	exempt	train	100000	12.97
1789591004	1114	exempt	train	100000	0.34
1789591005	1114	exempt	train	100000	0.87
1789591008	1114	exempt	train	100000	2.88
1789591015	1114	exempt	train	100000	7.06
1789591025	1114	exempt	train	100000	10.57
1789591038	1114	exempt	train	100000	12.73
1789591073	1131	exempt	train	100000	0.26
1789591074	1131	exempt	train	100000	0.86
1789591077	1131	exempt	train	100000	2.99
1789591085	1131	exempt	train	100000	7.65
1789591096	1131	exempt	train	100000	11.41
1789591109	1131	exempt	train	100000	12.79
1789591110	1131	exempt	train	100000	0.33
1789591111	1131	exempt	train	100000	0.90
1789591114	1131	exempt	train	100000	2.87
1789591121	1131	exempt	train	100000	7.63
1789591133	1131	exempt	train	100000	11.73
1789591147	1131	exempt	train	100000	13.44
1789591182	1147	exempt	train	100000	0.37
1789591183	1147	exempt	train	100000	1.10
1789591186	1147	exempt	train	100000	3.50
1789591195	1147	exempt	train	100000	7.98
1789591207	1147	exempt	train	100000	12.70
1789591221	1147	exempt	train	100000	13.94
1789591222	1147	exempt	train	100000	0.38
1789591223	1147	exempt	train	100000	0.98
1789591226	1147	exempt	train	100000	3.18
1789591235	1147	exempt	train	100000	8.13
1789591247	1147	exempt	train	100000	12.16
1789591261	1147	exempt	train	100000	13.90
1789591297	1164	exempt	train	100000	2.72
1789591298	1164	exempt	train	100000	1.06
1789591302	1164	exempt	train	100000	3.51
1789591310	1164	exempt	train	100000	8.65
1789591323	1164	exempt	train	100000	13.05
1789591338	1164	exempt	train	100000	14.82
1789591339	1164	exempt	train	100000	0.36
1789591340	1164	exempt	train	100000	1.02
1789591344	1164	exempt	train	100000	3.31
1789591352	1164	exempt	train	100000	8.65
1789591365	1164	exempt	train	100000	13.06
1789591380	1164	exempt	train	100000	14.68
1789591459	1177	exempt	train	100000	0.30
1789591460	1177	exempt	train	100000	0.86
1789591464	1177	exempt	train	100000	3.01
1789591471	1177	exempt	train	100000	7.57
1789591483	1177	exempt	train	100000	11.62
1789591496	1177	exempt	train	100000	13.09
1789591497	1177	exempt	train	100000	0.33
1789591498	1177	exempt	train	100000	0.87
1789591501	1177	exempt	train	100000	2.90
1789591508	1177	exempt	train	100000	7.40
1789591520	1177	exempt	train	100000	11.22
1789591534	1177	exempt	train	100000	14.03
1789591568	1190	exempt	train	100000	0.28
1789591569	1190	exempt	train	100000	0.74
1789591572	1190	exempt	train	100000	2.58
1789591578	1190	exempt	train	100000	6.56
1789591589	1190	exempt	train	100000	10.17
1789591600	1190	exempt	train	100000	11.52
1789591601	1190	exempt	train	100000	0.26
1789591602	1190	exempt	train	100000	0.72
1789591604	1190	exempt	train	100000	2.42
1789591611	1190	exempt	train	100000	6.64
1789591621	1190	exempt	train	100000	10.05
1789591633	1190	exempt	train	100000	11.80
1789591733	1203	exempt	train	100000	0.22
1789591734	1203	exempt	train	100000	0.68
1789591736	1203	exempt	train	100000	2.06
1789591742	1203	exempt	train	100000	5.47
1789591751	1203	exempt	train	100000	8.41
1789591760	1203	exempt	train	100000	9.47
1789591760	1203	exempt	train	100000	0.23
1789591761	1203	exempt	train	100000	0.59
1789591763	1203	exempt	train	100000	2.01
1789591769	1203	exempt	train	100000	5.47
1789591777	1203	exempt	train	100000	8.46
1789591787	1203	exempt	train	100000	9.82
1789591834	1217	exempt	train	100000	0.25
1789591834	1217	exempt	train	100000	0.66
1789591837	1217	exempt	train	100000	2.12
1789591842	1217	exempt	train	100000	5.28
1789591850	1217	exempt	train	100000	8.36
1789591860	1217	exempt	train	100000	9.20
1789591860	1217	exempt	train	100000	0.25
1789591861	1217	exempt	train	100000	0.64
1789591863	1217	exempt	train	100000	2.06
1789591868	1217	exempt	train	100000	5.15
1789591877	1217	exempt	train	100000	8.09
1789591886	1217	exempt	train	100000	9.25
1789591906	1230	exempt	train	100000	0.26
1789591907	1230	exempt	train	100000	0.66
1789591909	1230	exempt	train	100000	2.08
1789591914	1230	exempt	train	100000	5.20
1789591922	1230	exempt	train	100000	7.96
1789591932	1230	exempt	train	100000	9.07
1789591941	1230	exempt	train	100000	9.31
1789591941	1230	exempt	train	100000	0.24
1789591942	1230	exempt	train	100000	0.64
1789591944	1230	exempt	train	100000	2.06
1789591950	1230	exempt	train	100000	5.35
1789591958	1230	exempt	train	100000	8.21
1789591968	1230	exempt	train	100000	9.21
1789591977	1230	exempt	train	100000	9.31
1789592010	1243	exempt	train	100000	0.26
1789592010	1243	exempt	train	100000	0.63
1789592013	1243	exempt	train	100000	2.18
1789592018	1243	exempt	train	100000	5.30
1789592026	1243	exempt	train	100000	8.20
1789592036	1243	exempt	train	100000	9.24
1789592045	1243	exempt	train	100000	8.90
1789592054	1243	exempt	train	100000	9.36
1789592055	1243	exempt	train	100000	0.26
1789592055	1243	exempt	train	100000	0.66
1789592058	1243	exempt	train	100000	2.03
1789592063	1243	exempt	train	100000	5.32
1789592071	1243	exempt	train	100000	8.18
1789592080	1243	exempt	train	100000	9.07
1789592090	1243	exempt	train	100000	9.45
1789592100	1243	exempt	train	100000	9.35
1789592154	1256	exempt	train	100000	0.22
1789592154	1256	exempt	train	100000	0.56
1789592156	1256	exempt	train	100000	1.71
1789592161	1256	exempt	train	100000	4.31
1789592168	1256	exempt	train	100000	6.88
1789592176	1256	exempt	train	100000	7.76
1789592183	1256	exempt	train	100000	7.78
1789592192	1256	exempt	train	100000	7.98
1789592192	1256	exempt	train	100000	0.25
1789592193	1256	exempt	train	100000	0.64
1789592195	1256	exempt	train	100000	1.91
1789592199	1256	exempt	train	100000	4.43
1789592206	1256	exempt	train	100000	6.88
1789592214	1256	exempt	train	100000	7.67
1789592222	1256	exempt	train	100000	7.83
1789592230	1256	exempt	train	100000	7.78
1789592252	1269	exempt	train	100000	0.18
1789592253	1269	exempt	train	100000	0.48
1789592254	1269	exempt	train	100000	1.37
1789592258	1269	exempt	train	100000	3.43
1789592263	1269	exempt	train	100000	5.39
1789592270	1269	exempt	train	100000	6.37
1789592276	1269	exempt	train	100000	6.32
1789592283	1269	exempt	train	100000	6.49
1789592283	1269	exempt	train	100000	0.17
1789592284	1269	exempt	train	100000	0.45
1789592285	1269	exempt	train	100000	1.38
1789592289	1269	exempt	train	100000	3.60
1789592295	1269	exempt	train	100000	5.87
1789592301	1269	exempt	train	100000	6.24
1789592308	1269	exempt	train	100000	6.38
1789592314	1269	exempt	train	100000	6.26
1789592352	1283	exempt	train	100000	0.20
1789592352	1283	exempt	train	100000	0.58
1789592354	1283	exempt	train	100000	1.80
1789592359	1283	exempt	train	100000	4.25
1789592366	1283	exempt	train	100000	6.69
1789592374	1283	exempt	train	100000	7.87
1789592381	1283	exempt	train	100000	7.79
1789592382	1283	exempt	train	100000	0.20
1789592382	1283	exempt	train	100000	0.51
1789592384	1283	exempt	train	100000	1.72
1789592389	1283	exempt	train	100000	4.44
1789592396	1283	exempt	train	100000	7.01
1789592404	1283	exempt	train	100000	7.92
1789592412	1283	exempt	train	100000	8.14
1789592434	1298	exempt	train	100000	0.28
1789592435	1298	exempt	train	100000	0.60
1789592437	1298	exempt	train	100000	2.04
1789592442	1298	exempt	train	100000	4.64
1789592449	1298	exempt	train	100000	7.16
1789592457	1298	exempt	train	100000	8.11
1789592465	1298	exempt	train	100000	8.02
1789592474	1298	exempt	train	100000	8.49
1789592474	1298	exempt	train	100000	0.30
1789592475	1298	exempt	train	100000	0.71
1789592477	1298	exempt	train	100000	1.97
1789592482	1298	exempt	train	100000	4.72
1789592489	1298	exempt	train	100000	7.28
1789592498	1298	exempt	train	100000	8.09
1789592506	1298	exempt	train	100000	8.48
1789592515	1298	exempt	train	100000	8.54
1789592545	1315	exempt	train	100000	0.23
1789592546	1315	exempt	train	100000	0.56
1789592547	1315	exempt	train	100000	1.74
1789592552	1315	exempt	train	100000	4.33
1789592559	1315	exempt	train	100000	6.84
1789592566	1315	exempt	train	100000	6.83
1789592574	1315	exempt	train	100000	7.73
1789592581	1315	exempt	train	100000	7.71
1789592590	1315	exempt	train	100000	8.02
1789592598	1315	exempt	train	100000	7.88
1789592606	1315	exempt	train	100000	7.97
1789592614	1315	exempt	train	100000	7.99
1789592661	1328	exempt	train	100000	0.21
1789592661	1328	exempt	train	100000	0.55
1789592663	1328	exempt	train	100000	1.79
1789592668	1328	exempt	train	100000	4.30
1789592675	1328	exempt	train	100000	6.83
1789592682	1328	exempt	train	100000	6.89
1789592689	1328	exempt	train	100000	7.73
1789592697	1328	exempt	train	100000	7.81
1789592705	1328	exempt	train	100000	7.97
1789592714	1328	exempt	train	100000	8.02
1789592722	1328	exempt	train	100000	8.16
1789592730	1328	exempt	train	100000	8.39
1789592739	1328	exempt	train	100000	8.06
1789592747	1328	exempt	train	100000	8.07
1789592784	1360	exempt	train	100000	0.26
1789592785	1360	exempt	train	100000	0.65
1789592787	1360	exempt	train	100000	1.81
1789592791	1360	exempt	train	100000	4.45
1789592798	1360	exempt	train	100000	6.69
1789592805	1360	exempt	train	100000	7.08
1789592814	1360	exempt	train	100000	8.23
1789592822	1360	exempt	train	100000	7.98
1789592830	1360	exempt	train	100000	8.33
1789592839	1360	exempt	train	100000	8.33
1789592847	1360	exempt	train	100000	8.46
1789592856	1360	exempt	train	100000	8.22
1789592898	1374	exempt	train	100000	0.24
1789592899	1374	exempt	train	100000	0.65
1789592901	1374	exempt	train	100000	2.07
1789592906	1374	exempt	train	100000	5.12
1789592914	1374	exempt	train	100000	7.78
1789592922	1374	exempt	train	100000	7.80
1789592931	1374	exempt	train	100000	8.99
1789592940	1374	exempt	train	100000	9.14
1789592950	1374	exempt	train	100000	9.07
1789592959	1374	exempt	train	100000	8.80
1789592968	1374	exempt	train	100000	8.95
1789592977	1374	exempt	train	100000	9.02
1789593007	1387	exempt	train	100000	0.16
1789593007	1387	exempt	train	100000	0.51
1789593009	1387	exempt	train	100000	1.81
1789593014	1387	exempt	train	100000	4.92
1789593022	1387	exempt	train	100000	7.36
1789593029	1387	exempt	train	100000	7.44
1789593038	1387	exempt	train	100000	8.20
1789593046	1387	exempt	train	100000	8.14
1789593054	1387	exempt	train	100000	8.31
1789593063	1387	exempt	train	100000	8.46
1789593072	1387	exempt	train	100000	8.63
1789593080	1387	exempt	train	100000	8.50
1789593105	1401	exempt	train	100000	0.24
1789593105	1401	exempt	train	100000	0.62
1789593108	1401	exempt	train	100000	1.95
1789593112	1401	exempt	train	100000	4.70
1789593119	1401	exempt	train	100000	6.89
1789593127	1401	exempt	train	100000	7.23
1789593135	1401	exempt	train	100000	8.33
1789593144	1401	exempt	train	100000	8.16
1789593152	1401	exempt	train	100000	8.23
1789593160	1401	exempt	train	100000	8.36
1789593169	1401	exempt	train	100000	8.31
1789593177	1401	exempt	train	100000	8.21
1789593301	1420	exempt	train	100000	0.27
1789593302	1420	exempt	train	100000	0.67
1789593304	1420	exempt	train	100000	2.02
1789593309	1420	exempt	train	100000	4.78
1789593316	1420	exempt	train	100000	7.10
1789593324	1420	exempt	train	100000	7.17
1789593332	1420	exempt	train	100000	8.32
1789593340	1420	exempt	train	100000	8.31
1789593349	1420	exempt	train	100000	8.51
1789593357	1420	exempt	train	100000	8.23
1789593366	1420	exempt	train	100000	8.55
1789593375	1420	exempt	train	100000	8.96
1789593558	1432	exempt	train	100000	0.23
1789593558	1432	exempt	train	100000	0.60
1789593560	1432	exempt	train	100000	1.86
1789593565	1432	exempt	train	100000	4.47
1789593572	1432	exempt	train	100000	6.56
1789593579	1432	exempt	train	100000	6.93
1789593587	1432	exempt	train	100000	7.71
1789593594	1432	exempt	train	100000	7.76
1789593603	1432	exempt	train	100000	8.14
1789593611	1432	exempt	train	100000	8.28
1789593620	1432	exempt	train	100000	8.30
1789593628	1432	exempt	train	100000	8.49
1789593668	1447	exempt	train	100000	0.26
1789593668	1447	exempt	train	100000	0.66
1789593671	1447	exempt	train	100000	2.01
1789593676	1447	exempt	train	100000	4.86
1789593683	1447	exempt	train	100000	7.35
1789593691	1447	exempt	train	100000	7.76
1789593700	1447	exempt	train	100000	8.97
1789593709	1447	exempt	train	100000	8.81
1789593718	1447	exempt	train	100000	9.02
1789593728	1447	exempt	train	100000	9.26
1789593737	1447	exempt	train	100000	9.30
1789593746	1447	exempt	train	100000	8.96
1789593836	1460	exempt	train	100000	0.21
1789593836	1460	exempt	train	100000	0.58
1789593838	1460	exempt	train	100000	1.81
1789593843	1460	exempt	train	100000	4.58
1789593850	1460	exempt	train	100000	6.75
1789593857	1460	exempt	train	100000	6.93
1789593865	1460	exempt	train	100000	7.84
1789593873	1460	exempt	train	100000	8.08
1789593882	1460	exempt	train	100000	8.32
1789593890	1460	exempt	train	100000	8.60
1789593899	1460	exempt	train	100000	8.33
1789593907	1460	exempt	train	100000	8.08
