ts	pid	kind	api	rows	seconds
1789524737	222	counted	train	100000	0.14
1789524759	366	counted	train	100000	2.91
1789524781	591	counted	train	100000	2.98
1789524792	694	counted	train	100000	0.31
1789524799	729	uncounted	train	100000	2.95
1789524799	729	uncounted	train	75000	0.26
1789524800	729	uncounted	train	75000	0.25
1789524800	729	uncounted	train	75000	0.26
1789524800	729	uncounted	train	75000	0.26
1789524810	804	counted	train	100000	0.29
1789524831	1071	counted	train	100000	0.32
1789524840	1187	counted	train	100000	2.09
1789524854	1291	counted	train	100000	0.30
1789524858	1326	uncounted	train	75000	0.11
1789524858	1326	uncounted	train	75000	0.10
1789524859	1326	uncounted	train	75000	0.10
1789524859	1326	uncounted	train	75000	0.10
1789524859	1326	uncounted	train	100000	0.12
1789524867	1401	counted	train	100000	0.15
1789524876	1556	counted	train	100000	0.17
1789524887	1686	counted	train	100000	0.43
1789524899	1805	counted	train	100000	0.25
1789524904	1840	uncounted	train	100000	0.24
1789524904	1840	uncounted	train	100000	0.08
1789524904	1840	uncounted	train	100000	0.13
1789524904	1840	uncounted	train	100000	0.13
1789524904	1840	uncounted	train	100000	0.13
1789524911	1930	counted	train	100000	0.12
1789524916	1964	uncounted	train	100000	0.07
1789524916	1964	uncounted	train	100000	0.17
1789524916	1964	uncounted	train	100000	0.26
1789524916	1964	uncounted	train	100000	0.08
1789524917	1964	uncounted	train	100000	0.09
1789524922	2054	counted	train	100000	0.18
1789524927	2088	uncounted	train	100000	0.24
1789524928	2088	uncounted	train	100000	0.34
1789524928	2088	uncounted	train	100000	0.17
1789524928	2088	uncounted	train	100000	0.21
1789524928	2088	uncounted	train	100000	0.17
1789524929	2088	uncounted	train	100000	0.17
1789524935	2178	counted	train	100000	0.30
1789524940	2212	uncounted	train	100000	0.62
1789524941	2212	uncounted	train	100000	0.33
1789524941	2212	uncounted	train	100000	0.30
1789524942	2212	uncounted	train	100000	0.51
1789524942	2212	uncounted	train	100000	0.25
1789524953	2354	counted	train	100000	0.31
1789524953	2354	counted	train	100000	0.31
1789524953	2354	counted	train	100000	0.31
1789524954	2354	counted	train	100000	0.31
1789524954	2354	counted	train	100000	0.31
1789524954	2354	counted	train	100000	0.30
1789524955	2354	counted	train	100000	0.31
1789524955	2354	counted	train	100000	0.32
1789524955	2354	counted	train	100000	0.32
1789524956	2354	counted	train	100000	0.31
1789524966	2389	uncounted	train	100000	0.25
1789524966	2389	uncounted	train	100000	0.31
1789524967	2389	uncounted	train	100000	0.20
1789524971	2410	uncounted	train	100000	0.32
1789524972	2410	uncounted	train	100000	0.33
1789524972	2410	uncounted	train	100000	0.33
1789524973	2410	uncounted	train	100000	0.32
1789524973	2410	uncounted	train	100000	0.33
1789524973	2410	uncounted	train	100000	0.32
1789524974	2410	uncounted	train	100000	0.32
1789524974	2410	uncounted	train	100000	0.33
1789524975	2410	uncounted	train	100000	0.32
1789524985	2449	uncounted	train	100000	0.21
1789524985	2449	uncounted	train	100000	0.21
1789524986	2449	uncounted	train	100000	0.22
1789524986	2449	uncounted	train	100000	0.30
1789524986	2449	uncounted	train	100000	0.30
1789524987	2449	uncounted	train	100000	0.30
1789524987	2449	uncounted	train	100000	0.39
1789524988	2449	uncounted	train	100000	0.40
1789524988	2449	uncounted	train	100000	0.42
1789524989	2449	uncounted	train	100000	0.31
1789524989	2449	uncounted	train	100000	0.23
1789524989	2449	uncounted	train	100000	0.20
1789524990	2449	uncounted	train	100000	0.32
1789524990	2449	uncounted	train	100000	0.32
1789524991	2449	uncounted	train	100000	0.31
1789524991	2449	uncounted	train	100000	0.32
1789524992	2449	uncounted	train	100000	0.32
1789524992	2449	uncounted	train	100000	0.32
1789524992	2449	uncounted	train	100000	0.32
1789524993	2449	uncounted	train	100000	0.34
1789524993	2449	uncounted	train	100000	0.32
1789524994	2449	uncounted	train	100000	0.31
1789525010	2552	counted	train	100000	0.31
1789525010	2552	counted	train	100000	0.22
1789525010	2552	counted	train	100000	0.20
1789525010	2552	counted	train	100000	0.32
1789525011	2552	counted	train	100000	0.31
1789525011	2552	counted	train	100000	0.31
1789525011	2552	counted	train	100000	0.32
1789525030	2586	uncounted	train	100000	0.32
1789525031	2586	uncounted	train	100000	0.29
1789525031	2586	uncounted	train	100000	0.32
1789525032	2586	uncounted	train	100000	0.33
1789525032	2586	uncounted	train	100000	0.34
1789525033	2586	uncounted	train	100000	0.37
1789525041	2676	counted	train	100000	0.29
1789525041	2676	counted	train	100000	0.22
1789525041	2676	counted	train	100000	0.20
1789525042	2676	counted	train	100000	0.30
1789525042	2676	counted	train	100000	0.30
1789525042	2676	counted	train	100000	0.30
1789525043	2676	counted	train	100000	0.31
1789525052	2710	uncounted	train	100000	0.28
1789525052	2710	uncounted	train	100000	0.28
1789525053	2710	uncounted	train	100000	0.28
1789525053	2710	uncounted	train	100000	0.55
1789525054	2710	uncounted	train	100000	0.37
1789525054	2710	uncounted	train	100000	0.22
1789525054	2710	uncounted	train	100000	0.29
1789525055	2710	uncounted	train	100000	0.29
1789525055	2710	uncounted	train	100000	0.30
1789525056	2710	uncounted	train	100000	0.29
1789525056	2710	uncounted	train	100000	0.28
1789525056	2710	uncounted	train	100000	0.15
1789525064	2731	uncounted	train	100000	0.26
1789525065	2731	uncounted	train	100000	0.19
1789525065	2731	uncounted	train	100000	0.16
1789525065	2731	uncounted	train	100000	0.25
1789525065	2731	uncounted	train	100000	0.27
1789525066	2731	uncounted	train	100000	0.26
1789525066	2731	uncounted	train	100000	0.28
1789525067	2731	uncounted	train	100000	0.21
1789525067	2731	uncounted	train	100000	0.18
1789525067	2731	uncounted	train	100000	0.14
1789525067	2731	uncounted	train	100000	0.20
1789525068	2731	uncounted	train	100000	0.18
1789525068	2731	uncounted	train	100000	0.13
1789525075	2821	counted	train	100000	0.26
1789525075	2821	counted	train	100000	0.19
1789525075	2821	counted	train	100000	0.17
1789525075	2821	counted	train	100000	0.27
1789525076	2821	counted	train	100000	0.29
1789525076	2821	counted	train	100000	0.28
1789525076	2821	counted	train	100000	0.29
1789525077	2821	counted	train	100000	0.24
1789525077	2821	counted	train	100000	0.19
1789525077	2821	counted	train	100000	0.15
1789525086	2855	uncounted	train	100000	0.29
1789525086	2855	uncounted	train	100000	0.26
1789525086	2855	uncounted	train	100000	0.19
1789525087	2855	uncounted	train	100000	0.17
1789525087	2855	uncounted	train	100000	0.26
1789525087	2855	uncounted	train	100000	0.26
1789525088	2855	uncounted	train	100000	0.27
1789525088	2855	uncounted	train	100000	0.30
1789525089	2855	uncounted	train	100000	0.23
1789525089	2855	uncounted	train	100000	0.19
1789525089	2855	uncounted	train	100000	0.15
1789525089	2855	uncounted	train	100000	0.30
1789525090	2855	uncounted	train	100000	0.30
1789525090	2855	uncounted	train	100000	0.32
1789525095	2876	uncounted	train	100000	0.29
1789525095	2876	uncounted	train	100000	0.21
1789525096	2876	uncounted	train	100000	0.19
1789525096	2876	uncounted	train	100000	0.30
1789525097	2876	uncounted	train	100000	0.30
1789525097	2876	uncounted	train	100000	0.30
1789525097	2876	uncounted	train	100000	0.30
1789525098	2876	uncounted	train	100000	0.24
1789525098	2876	uncounted	train	100000	0.21
1789525098	2876	uncounted	train	100000	0.15
1789525105	2897	uncounted	train	100000	0.30
1789525105	2897	uncounted	train	100000	0.23
1789525105	2897	uncounted	train	100000	0.18
1789525106	2897	uncounted	train	100000	0.30
1789525106	2897	uncounted	train	100000	0.29
1789525106	2897	uncounted	train	100000	0.29
1789525107	2897	uncounted	train	100000	0.30
1789525107	2897	uncounted	train	100000	0.24
1789525107	2897	uncounted	train	100000	0.20
1789525108	2897	uncounted	train	100000	0.15
1789525115	2918	uncounted	train	100000	0.48
1789525116	2918	uncounted	train	100000	0.24
1789525116	2918	uncounted	train	100000	0.20
1789525116	2918	uncounted	train	100000	0.33
1789525117	2918	uncounted	train	100000	0.34
1789525117	2918	uncounted	train	100000	0.33
1789525118	2918	uncounted	train	100000	0.32
1789525118	2918	uncounted	train	100000	0.25
1789525118	2918	uncounted	train	100000	0.21
1789525118	2918	uncounted	train	100000	0.17
1789525125	2939	uncounted	train	100000	0.40
1789525126	2939	uncounted	train	100000	0.39
1789525127	2939	uncounted	train	100000	0.42
1789525132	2960	uncounted	train	100000	0.32
1789525133	2960	uncounted	train	100000	0.35
1789525139	2981	uncounted	train	100000	0.35
1789525139	2981	uncounted	train	100000	0.35
1789525140	2981	uncounted	train	100000	0.38
1789525141	2981	uncounted	train	100000	0.38
1789525153	3006	uncounted	train	80000	0.23
1789525153	3006	uncounted	train	80000	0.17
1789525153	3006	uncounted	train	80000	0.15
1789525153	3006	uncounted	train	80000	0.21
1789525154	3006	uncounted	train	80000	0.24
1789525154	3006	uncounted	train	80000	0.24
1789525154	3006	uncounted	train	80000	0.24
1789525154	3006	uncounted	train	80000	0.19
1789525155	3006	uncounted	train	80000	0.16
1789525155	3006	uncounted	train	80000	0.13
1789525155	3006	uncounted	train	80000	0.26
1789525155	3006	uncounted	train	80000	0.20
1789525155	3006	uncounted	train	80000	0.18
1789525156	3006	uncounted	train	80000	0.27
1789525156	3006	uncounted	train	80000	0.26
1789525156	3006	uncounted	train	80000	0.27
1789525157	3006	uncounted	train	80000	0.26
1789525157	3006	uncounted	train	80000	0.21
1789525157	3006	uncounted	train	80000	0.17
1789525157	3006	uncounted	train	80000	0.14
1789525158	3006	uncounted	train	80000	0.26
1789525158	3006	uncounted	train	80000	0.20
1789525158	3006	uncounted	train	80000	0.18
1789525158	3006	uncounted	train	80000	0.27
1789525159	3006	uncounted	train	80000	0.27
1789525159	3006	uncounted	train	80000	0.26
1789525159	3006	uncounted	train	80000	0.27
1789525160	3006	uncounted	train	80000	0.21
1789525160	3006	uncounted	train	80000	0.17
1789525160	3006	uncounted	train	80000	0.14
1789525160	3006	uncounted	train	80000	0.25
1789525161	3006	uncounted	train	80000	0.20
1789525161	3006	uncounted	train	80000	0.17
1789525161	3006	uncounted	train	80000	0.26
1789525161	3006	uncounted	train	80000	0.26
1789525162	3006	uncounted	train	80000	0.27
1789525162	3006	uncounted	train	80000	0.27
1789525162	3006	uncounted	train	80000	0.21
1789525162	3006	uncounted	train	80000	0.18
1789525163	3006	uncounted	train	80000	0.14
1789525163	3006	uncounted	train	80000	0.27
1789525163	3006	uncounted	train	80000	0.20
1789525163	3006	uncounted	train	80000	0.17
1789525164	3006	uncounted	train	80000	0.26
1789525164	3006	uncounted	train	80000	0.26
1789525164	3006	uncounted	train	80000	0.27
1789525165	3006	uncounted	train	80000	0.25
1789525165	3006	uncounted	train	80000	0.20
1789525165	3006	uncounted	train	80000	0.18
1789525165	3006	uncounted	train	80000	0.13
1789525166	3006	uncounted	train	100000	0.31
1789525166	3006	uncounted	train	100000	0.24
1789525166	3006	uncounted	train	100000	0.19
1789525167	3006	uncounted	train	100000	0.31
1789525167	3006	uncounted	train	100000	0.32
1789525167	3006	uncounted	train	100000	0.31
1789525168	3006	uncounted	train	100000	0.32
1789525168	3006	uncounted	train	100000	0.26
1789525169	3006	uncounted	train	100000	0.21
1789525169	3006	uncounted	train	100000	0.16
1789525206	3037	uncounted	train	80000	0.28
1789525207	3037	uncounted	train	80000	0.19
1789525207	3037	uncounted	train	80000	0.16
1789525207	3037	uncounted	train	80000	0.24
1789525207	3037	uncounted	train	80000	0.25
1789525208	3037	uncounted	train	80000	0.25
1789525208	3037	uncounted	train	80000	0.26
1789525208	3037	uncounted	train	80000	0.20
1789525208	3037	uncounted	train	80000	0.17
1789525209	3037	uncounted	train	80000	0.14
1789525209	3037	uncounted	train	80000	0.26
1789525209	3037	uncounted	train	80000	0.20
1789525209	3037	uncounted	train	80000	0.16
1789525210	3037	uncounted	train	80000	0.26
1789525210	3037	uncounted	train	80000	0.25
1789525210	3037	uncounted	train	80000	0.25
1789525211	3037	uncounted	train	80000	0.25
1789525211	3037	uncounted	train	80000	0.20
1789525211	3037	uncounted	train	80000	0.17
1789525211	3037	uncounted	train	80000	0.13
1789525212	3037	uncounted	train	80000	0.25
1789525212	3037	uncounted	train	80000	0.21
1789525212	3037	uncounted	train	80000	0.16
1789525212	3037	uncounted	train	80000	0.25
1789525213	3037	uncounted	train	80000	0.26
1789525213	3037	uncounted	train	80000	0.26
1789525213	3037	uncounted	train	80000	0.25
1789525213	3037	uncounted	train	80000	0.21
1789525214	3037	uncounted	train	80000	0.17
1789525214	3037	uncounted	train	80000	0.13
1789525214	3037	uncounted	train	80000	0.23
1789525214	3037	uncounted	train	80000	0.18
1789525214	3037	uncounted	train	80000	0.16
1789525215	3037	uncounted	train	80000	0.25
1789525215	3037	uncounted	train	80000	0.24
1789525215	3037	uncounted	train	80000	0.24
1789525216	3037	uncounted	train	80000	0.25
1789525216	3037	uncounted	train	80000	0.20
1789525216	3037	uncounted	train	80000	0.17
1789525216	3037	uncounted	train	80000	0.14
1789525217	3037	uncounted	train	80000	0.25
1789525217	3037	uncounted	train	80000	0.20
1789525217	3037	uncounted	train	80000	0.17
1789525217	3037	uncounted	train	80000	0.26
1789525218	3037	uncounted	train	80000	0.25
1789525218	3037	uncounted	train	80000	0.25
1789525218	3037	uncounted	train	80000	0.25
1789525218	3037	uncounted	train	80000	0.19
1789525219	3037	uncounted	train	80000	0.17
1789525219	3037	uncounted	train	80000	0.13
1789525219	3037	uncounted	train	100000	0.31
1789525220	3037	uncounted	train	100000	0.23
1789525220	3037	uncounted	train	100000	0.20
1789525220	3037	uncounted	train	100000	0.31
1789525221	3037	uncounted	train	100000	0.31
1789525221	3037	uncounted	train	100000	0.30
1789525221	3037	uncounted	train	100000	0.32
1789525222	3037	uncounted	train	100000	0.24
1789525222	3037	uncounted	train	100000	0.20
1789525222	3037	uncounted	train	100000	0.16
1789525223	3037	uncounted	train	100000	0.17
1789525223	3037	uncounted	train	100000	0.07
1789525223	3037	uncounted	train	100000	0.18
1789525278	3067	uncounted	train	100000	0.29
1789525278	3067	uncounted	train	100000	0.29
1789525279	3067	uncounted	train	100000	0.30
1789525298	3067	uncounted	train	100000	19.39
1789525298	3067	uncounted	train	100000	0.28
1789525299	3067	uncounted	train	100000	0.30
1789525315	3089	uncounted	train	100000	0.27
1789525316	3089	uncounted	train	100000	0.21
1789525316	3089	uncounted	train	100000	0.19
1789525316	3089	uncounted	train	100000	0.29
1789525317	3089	uncounted	train	100000	0.28
1789525317	3089	uncounted	train	100000	0.28
1789525317	3089	uncounted	train	100000	0.28
1789525318	3089	uncounted	train	100000	0.25
1789525318	3089	uncounted	train	100000	0.21
1789525318	3089	uncounted	train	100000	0.16
1789525319	3089	uncounted	train	100000	0.60
1789525320	3089	uncounted	train	100000	0.64
1789525320	3089	uncounted	train	100000	0.31
1789525321	3089	uncounted	train	100000	0.35
1789525336	3110	uncounted	train	100000	0.27
1789525336	3110	uncounted	train	100000	0.19
1789525336	3110	uncounted	train	100000	0.17
1789525336	3110	uncounted	train	100000	0.27
1789525337	3110	uncounted	train	100000	0.27
1789525337	3110	uncounted	train	100000	0.26
1789525338	3110	uncounted	train	100000	0.28
1789525338	3110	uncounted	train	100000	0.22
1789525338	3110	uncounted	train	100000	0.20
1789525338	3110	uncounted	train	100000	0.15
1789525339	3110	uncounted	train	100000	0.13
1789525339	3110	uncounted	train	100000	0.14
1789525340	3110	uncounted	train	100000	0.61
1789525340	3110	uncounted	train	100000	0.29
1789525340	3110	uncounted	train	100000	0.31
1789525341	3110	uncounted	train	100000	0.32
1789525341	3110	uncounted	train	100000	0.32
1789525342	3110	uncounted	train	100000	0.38
1789525353	3131	uncounted	train	100000	0.30
1789525354	3131	uncounted	train	100000	0.33
1789525354	3131	uncounted	train	100000	0.33
1789525361	3152	uncounted	train	100000	0.32
1789525361	3152	uncounted	train	100000	0.25
1789525362	3152	uncounted	train	100000	0.21
1789525362	3152	uncounted	train	100000	0.33
1789525362	3152	uncounted	train	100000	0.32
1789525363	3152	uncounted	train	100000	0.32
1789525363	3152	uncounted	train	100000	0.33
1789525364	3152	uncounted	train	100000	0.27
1789525364	3152	uncounted	train	100000	0.22
1789525364	3152	uncounted	train	100000	0.17
1789525365	3152	uncounted	train	100000	0.31
1789525365	3152	uncounted	train	100000	0.23
1789525366	3152	uncounted	train	100000	0.19
1789525366	3152	uncounted	train	100000	0.31
1789525366	3152	uncounted	train	100000	0.31
1789525367	3152	uncounted	train	100000	0.33
1789525367	3152	uncounted	train	100000	0.34
1789525368	3152	uncounted	train	100000	0.26
1789525368	3152	uncounted	train	100000	0.21
1789525368	3152	uncounted	train	100000	0.16
1789525375	3173	uncounted	train	100000	0.31
1789525376	3173	uncounted	train	100000	0.23
1789525376	3173	uncounted	train	100000	0.19
1789525376	3173	uncounted	train	100000	0.30
1789525377	3173	uncounted	train	100000	0.31
1789525377	3173	uncounted	train	100000	0.30
1789525378	3173	uncounted	train	100000	0.32
1789525378	3173	uncounted	train	100000	0.24
1789525378	3173	uncounted	train	100000	0.21
1789525378	3173	uncounted	train	100000	0.16
1789525379	3173	uncounted	train	100000	0.32
1789525379	3173	uncounted	train	100000	0.25
1789525380	3173	uncounted	train	100000	0.26
1789525380	3173	uncounted	train	100000	0.17
1789525410	3285	counted	train	100000	0.32
1789525410	3285	counted	train	100000	0.33
1789525410	3285	counted	train	100000	0.23
1789525411	3285	counted	train	100000	0.25
1789525411	3285	counted	train	100000	0.20
1789525411	3285	counted	train	100000	0.21
1789525411	3285	counted	train	100000	0.32
1789525412	3285	counted	train	100000	0.32
1789525412	3285	counted	train	100000	0.31
1789525413	3285	counted	train	100000	0.32
1789525413	3285	counted	train	100000	0.32
1789525413	3285	counted	train	100000	0.31
1789525414	3285	counted	train	100000	0.31
1789525414	3285	counted	train	100000	0.31
1789525414	3285	counted	train	100000	0.24
1789525415	3285	counted	train	100000	0.27
1789525415	3285	counted	train	100000	0.21
1789525415	3285	counted	train	100000	0.22
1789525415	3285	counted	train	100000	0.16
1789525416	3285	counted	train	100000	0.17
1789525423	3319	uncounted	train	100000	0.31
1789525424	3319	uncounted	train	100000	0.33
1789525424	3319	uncounted	train	100000	0.31
1789525425	3319	uncounted	train	100000	0.32
1789525425	3319	uncounted	train	100000	0.36
1789525426	3319	uncounted	train	100000	0.38
1789525426	3319	uncounted	train	100000	0.29
1789525436	3340	uncounted	train	100000	0.29
1789525437	3340	uncounted	train	100000	0.31
1789525443	3361	uncounted	train	100000	0.31
1789525444	3361	uncounted	train	100000	0.30
1789525444	3361	uncounted	train	100000	0.22
1789525444	3361	uncounted	train	100000	0.23
1789525445	3361	uncounted	train	100000	0.19
1789525445	3361	uncounted	train	100000	0.20
1789525445	3361	uncounted	train	100000	0.31
1789525446	3361	uncounted	train	100000	0.32
1789525446	3361	uncounted	train	100000	0.30
1789525447	3361	uncounted	train	100000	0.32
1789525447	3361	uncounted	train	100000	0.32
1789525447	3361	uncounted	train	100000	0.32
1789525448	3361	uncounted	train	100000	0.31
1789525448	3361	uncounted	train	100000	0.33
1789525449	3361	uncounted	train	100000	0.24
1789525449	3361	uncounted	train	100000	0.24
1789525449	3361	uncounted	train	100000	0.20
1789525450	3361	uncounted	train	100000	0.22
1789525450	3361	uncounted	train	100000	0.16
1789525450	3361	uncounted	train	100000	0.17
1789525450	3361	uncounted	train	100000	0.14
1789525451	3361	uncounted	train	100000	0.15
1789525451	3361	uncounted	train	100000	0.14
1789525451	3361	uncounted	train	100000	0.15
1789525451	3361	uncounted	train	100000	0.31
1789525452	3361	uncounted	train	100000	0.35
1789525452	3361	uncounted	train	100000	0.34
1789525453	3361	uncounted	train	100000	0.34
1789525454	3361	uncounted	train	100000	0.61
1789525454	3361	uncounted	train	100000	0.62
1789525455	3361	uncounted	train	100000	0.64
1789525456	3361	uncounted	train	100000	0.70
1789525456	3361	uncounted	train	100000	0.30
1789525457	3361	uncounted	train	100000	0.31
1789525457	3361	uncounted	train	100000	0.32
1789525458	3361	uncounted	train	100000	0.34
1789525467	3382	uncounted	train	100000	0.29
1789525468	3382	uncounted	train	100000	0.28
1789525468	3382	uncounted	train	100000	0.20
1789525468	3382	uncounted	train	100000	0.22
1789525469	3382	uncounted	train	100000	0.18
1789525469	3382	uncounted	train	100000	0.19
1789525469	3382	uncounted	train	100000	0.28
1789525470	3382	uncounted	train	100000	0.30
1789525470	3382	uncounted	train	100000	0.28
1789525471	3382	uncounted	train	100000	0.32
1789525471	3382	uncounted	train	100000	0.31
1789525471	3382	uncounted	train	100000	0.32
1789525472	3382	uncounted	train	100000	0.31
1789525472	3382	uncounted	train	100000	0.32
1789525473	3382	uncounted	train	100000	0.24
1789525473	3382	uncounted	train	100000	0.25
1789525473	3382	uncounted	train	100000	0.20
1789525474	3382	uncounted	train	100000	0.23
1789525474	3382	uncounted	train	100000	0.17
1789525474	3382	uncounted	train	100000	0.17
1789525475	3382	uncounted	train	100000	0.35
1789525475	3382	uncounted	train	100000	0.36
1789525476	3382	uncounted	train	100000	0.34
1789525476	3382	uncounted	train	100000	0.36
1789525476	3382	uncounted	train	100000	0.33
1789525477	3382	uncounted	train	100000	0.34
1789525477	3382	uncounted	train	100000	0.34
1789525478	3382	uncounted	train	100000	0.37
1789525478	3382	uncounted	train	100000	0.34
1789525479	3382	uncounted	train	100000	0.37
1789525479	3382	uncounted	train	100000	0.35
1789525480	3382	uncounted	train	100000	0.37
1789525480	3382	uncounted	train	100000	0.34
1789525481	3382	uncounted	train	100000	0.36
1789525481	3382	uncounted	train	100000	0.35
1789525482	3382	uncounted	train	100000	0.36
1789525482	3382	uncounted	train	100000	0.19
1789525482	3382	uncounted	train	100000	0.19
1789525482	3382	uncounted	train	100000	0.20
1789525483	3382	uncounted	train	100000	0.22
1789525504	3404	uncounted	train	100000	0.29
1789525505	3404	uncounted	train	100000	0.31
1789525505	3404	uncounted	train	100000	0.24
1789525506	3404	uncounted	train	100000	0.23
1789525506	3404	uncounted	train	100000	0.19
1789525506	3404	uncounted	train	100000	0.20
1789525507	3404	uncounted	train	100000	0.30
1789525507	3404	uncounted	train	100000	0.34
1789525507	3404	uncounted	train	100000	0.32
1789525508	3404	uncounted	train	100000	0.33
1789525508	3404	uncounted	train	100000	0.31
1789525509	3404	uncounted	train	100000	0.32
1789525509	3404	uncounted	train	100000	0.33
1789525510	3404	uncounted	train	100000	0.34
1789525510	3404	uncounted	train	100000	0.29
1789525510	3404	uncounted	train	100000	0.27
1789525511	3404	uncounted	train	100000	0.21
1789525511	3404	uncounted	train	100000	0.23
1789525511	3404	uncounted	train	100000	0.17
1789525512	3404	uncounted	train	100000	0.47
1789525512	3404	uncounted	train	100000	0.31
1789525513	3404	uncounted	train	100000	0.24
1789525513	3404	uncounted	train	100000	0.29
1789525513	3404	uncounted	train	100000	0.23
1789525514	3404	uncounted	train	100000	0.31
1789525514	3404	uncounted	train	100000	0.24
1789525514	3404	uncounted	train	100000	0.29
1789525515	3404	uncounted	train	100000	0.22
1789525515	3404	uncounted	train	100000	0.31
1789525515	3404	uncounted	train	100000	0.24
1789525516	3404	uncounted	train	100000	0.34
1789525526	3425	uncounted	train	100000	0.32
1789525526	3425	uncounted	train	100000	0.32
1789525527	3425	uncounted	train	100000	0.29
1789525527	3425	uncounted	train	100000	0.33
1789525527	3425	uncounted	train	100000	0.23
1789525528	3425	uncounted	train	100000	0.24
1789525528	3425	uncounted	train	100000	0.23
1789525528	3425	uncounted	train	100000	0.26
1789525529	3425	uncounted	train	100000	0.20
1789525529	3425	uncounted	train	100000	0.22
1789525529	3425	uncounted	train	100000	0.21
1789525530	3425	uncounted	train	100000	0.21
1789525530	3425	uncounted	train	100000	0.31
1789525530	3425	uncounted	train	100000	0.34
1789525531	3425	uncounted	train	100000	0.31
1789525531	3425	uncounted	train	100000	0.35
1789525532	3425	uncounted	train	100000	0.32
1789525532	3425	uncounted	train	100000	0.35
1789525533	3425	uncounted	train	100000	0.33
1789525533	3425	uncounted	train	100000	0.34
1789525534	3425	uncounted	train	100000	0.31
1789525534	3425	uncounted	train	100000	0.33
1789525534	3425	uncounted	train	100000	0.31
1789525535	3425	uncounted	train	100000	0.72
1789525536	3425	uncounted	train	100000	0.31
1789525536	3425	uncounted	train	100000	0.31
1789525537	3425	uncounted	train	100000	0.31
1789525537	3425	uncounted	train	100000	0.32
1789525537	3425	uncounted	train	100000	0.23
1789525538	3425	uncounted	train	100000	0.25
1789525538	3425	uncounted	train	100000	0.22
1789525538	3425	uncounted	train	100000	0.24
1789525539	3425	uncounted	train	100000	0.20
1789525539	3425	uncounted	train	100000	0.22
1789525539	3425	uncounted	train	100000	0.19
1789525540	3425	uncounted	train	100000	0.20
1789525540	3425	uncounted	train	100000	0.16
1789525540	3425	uncounted	train	100000	0.17
1789525540	3425	uncounted	train	100000	0.15
1789525541	3425	uncounted	train	100000	0.15
1789525541	3425	uncounted	train	100000	0.19
1789525541	3425	uncounted	train	100000	0.22
1789525542	3425	uncounted	train	100000	0.26
1789525542	3425	uncounted	train	100000	0.29
1789525548	3446	uncounted	train	80000	0.26
1789525548	3446	uncounted	train	80000	0.25
1789525549	3446	uncounted	train	80000	0.26
1789525549	3446	uncounted	train	80000	0.26
1789525549	3446	uncounted	train	80000	0.25
1789525550	3446	uncounted	train	100000	0.31
1789525555	3467	uncounted	train	100000	0.29
1789525556	3467	uncounted	train	24986	0.13
1789525556	3467	uncounted	train	24315	0.12
1789525556	3467	uncounted	train	26123	0.12
1789525556	3467	uncounted	train	24576	0.12
1789525556	3467	uncounted	train	49301	0.18
1789525557	3467	uncounted	train	50699	0.18
1789525569	3488	uncounted	train	100000	0.29
1789525570	3488	uncounted	train	100000	0.00
1789525575	3509	uncounted	train	100000	0.28
1789525576	3509	uncounted	train	100000	0.29
1789525576	3509	uncounted	train	100000	0.29
1789525577	3509	uncounted	train	100000	0.29
1789525577	3509	uncounted	train	100000	0.00
1789525584	3530	uncounted	train	100000	0.29
1789525584	3530	uncounted	train	100000	0.30
1789525585	3530	uncounted	train	100000	0.21
1789525585	3530	uncounted	train	100000	0.23
1789525585	3530	uncounted	train	100000	0.18
1789525586	3530	uncounted	train	100000	0.20
1789525586	3530	uncounted	train	100000	0.29
1789525586	3530	uncounted	train	100000	0.32
1789525587	3530	uncounted	train	100000	0.29
1789525587	3530	uncounted	train	100000	0.30
1789525588	3530	uncounted	train	100000	0.28
1789525588	3530	uncounted	train	100000	0.30
1789525589	3530	uncounted	train	100000	0.30
1789525589	3530	uncounted	train	100000	0.32
1789525589	3530	uncounted	train	100000	0.24
1789525590	3530	uncounted	train	100000	0.26
1789525590	3530	uncounted	train	100000	0.20
1789525590	3530	uncounted	train	100000	0.22
1789525591	3530	uncounted	train	100000	0.16
1789525591	3530	uncounted	train	100000	0.17
1789525591	3530	uncounted	train	100000	0.30
1789525592	3530	uncounted	train	100000	0.32
1789525592	3530	uncounted	train	100000	0.23
1789525593	3530	uncounted	train	100000	0.25
1789525593	3530	uncounted	train	100000	0.20
1789525593	3530	uncounted	train	100000	0.21
1789525594	3530	uncounted	train	100000	0.30
1789525594	3530	uncounted	train	100000	0.33
1789525595	3530	uncounted	train	100000	0.32
1789525595	3530	uncounted	train	100000	0.34
1789525595	3530	uncounted	train	100000	0.32
1789525596	3530	uncounted	train	100000	0.35
1789525596	3530	uncounted	train	100000	0.32
1789525597	3530	uncounted	train	100000	0.34
1789525597	3530	uncounted	train	100000	0.26
1789525598	3530	uncounted	train	100000	0.29
1789525598	3530	uncounted	train	100000	0.23
1789525598	3530	uncounted	train	100000	0.23
1789525599	3530	uncounted	train	100000	0.17
1789525599	3530	uncounted	train	100000	0.19
1789525606	3551	uncounted	train	100000	0.30
1789525606	3551	uncounted	train	100000	0.30
1789525607	3551	uncounted	train	100000	0.23
1789525607	3551	uncounted	train	100000	0.24
1789525607	3551	uncounted	train	100000	0.19
1789525608	3551	uncounted	train	100000	0.20
1789525608	3551	uncounted	train	100000	0.32
1789525609	3551	uncounted	train	100000	0.34
1789525609	3551	uncounted	train	100000	0.31
1789525610	3551	uncounted	train	100000	0.34
1789525610	3551	uncounted	train	100000	0.32
1789525610	3551	uncounted	train	100000	0.34
1789525611	3551	uncounted	train	100000	0.33
1789525611	3551	uncounted	train	100000	0.32
1789525612	3551	uncounted	train	100000	0.27
1789525612	3551	uncounted	train	100000	0.28
1789525612	3551	uncounted	train	100000	0.21
1789525613	3551	uncounted	train	100000	0.22
1789525613	3551	uncounted	train	100000	0.16
1789525613	3551	uncounted	train	100000	0.17
1789525614	3551	uncounted	train	100000	0.32
1789525614	3551	uncounted	train	100000	0.34
1789525615	3551	uncounted	train	100000	0.24
1789525615	3551	uncounted	train	100000	0.27
1789525615	3551	uncounted	train	100000	0.21
1789525616	3551	uncounted	train	100000	0.23
1789525616	3551	uncounted	train	100000	0.34
1789525617	3551	uncounted	train	100000	0.34
1789525617	3551	uncounted	train	100000	0.33
1789525618	3551	uncounted	train	100000	0.36
1789525618	3551	uncounted	train	100000	0.61
1789525619	3551	uncounted	train	100000	0.35
1789525619	3551	uncounted	train	100000	0.33
1789525620	3551	uncounted	train	100000	0.35
1789525620	3551	uncounted	train	100000	0.27
1789525621	3551	uncounted	train	100000	0.29
1789525621	3551	uncounted	train	100000	0.22
1789525621	3551	uncounted	train	100000	0.24
1789525622	3551	uncounted	train	100000	0.17
1789525622	3551	uncounted	train	100000	0.18
1789525622	3551	uncounted	train	100000	0.37
1789525623	3551	uncounted	train	100000	0.37
1789525623	3551	uncounted	train	100000	0.27
1789525624	3551	uncounted	train	100000	0.28
1789525624	3551	uncounted	train	100000	0.25
1789525624	3551	uncounted	train	100000	0.26
1789525625	3551	uncounted	train	100000	0.36
1789525625	3551	uncounted	train	100000	0.40
1789525626	3551	uncounted	train	100000	0.36
1789525626	3551	uncounted	train	100000	0.37
1789525627	3551	uncounted	train	100000	0.37
1789525627	3551	uncounted	train	100000	0.39
1789525628	3551	uncounted	train	100000	0.37
1789525628	3551	uncounted	train	100000	0.39
1789525629	3551	uncounted	train	100000	0.28
1789525629	3551	uncounted	train	100000	0.29
1789525630	3551	uncounted	train	100000	0.26
1789525630	3551	uncounted	train	100000	0.26
1789525630	3551	uncounted	train	100000	0.19
1789525630	3551	uncounted	train	100000	0.21
1789525637	3573	uncounted	train	100000	0.28
1789525637	3573	uncounted	train	100000	0.21
1789525638	3573	uncounted	train	100000	0.18
1789525638	3573	uncounted	train	100000	0.29
1789525638	3573	uncounted	train	100000	0.29
1789525639	3573	uncounted	train	100000	0.29
1789525639	3573	uncounted	train	100000	0.30
1789525640	3573	uncounted	train	100000	0.24
1789525640	3573	uncounted	train	100000	0.19
1789525640	3573	uncounted	train	100000	0.15
1789525641	3573	uncounted	train	100000	0.31
1789525641	3573	uncounted	train	100000	0.23
1789525641	3573	uncounted	train	100000	0.19
1789525642	3573	uncounted	train	100000	0.32
1789525642	3573	uncounted	train	100000	0.30
1789525643	3573	uncounted	train	100000	0.31
1789525643	3573	uncounted	train	100000	0.33
1789525644	3573	uncounted	train	100000	0.26
1789525644	3573	uncounted	train	100000	0.21
1789525644	3573	uncounted	train	100000	0.17
1789525651	3594	uncounted	train	100000	0.32
1789525651	3594	uncounted	train	100000	0.24
1789525652	3594	uncounted	train	100000	0.20
1789525652	3594	uncounted	train	100000	0.32
1789525653	3594	uncounted	train	100000	0.32
1789525653	3594	uncounted	train	100000	0.31
1789525653	3594	uncounted	train	100000	0.31
1789525654	3594	uncounted	train	100000	0.24
1789525654	3594	uncounted	train	100000	0.21
1789525654	3594	uncounted	train	100000	0.16
1789525655	3594	uncounted	train	100000	0.32
1789525655	3594	uncounted	train	100000	0.24
1789525655	3594	uncounted	train	100000	0.20
1789525656	3594	uncounted	train	100000	0.33
1789525656	3594	uncounted	train	100000	0.32
1789525657	3594	uncounted	train	100000	0.31
1789525657	3594	uncounted	train	100000	0.31
1789525657	3594	uncounted	train	100000	0.25
1789525658	3594	uncounted	train	100000	0.21
1789525658	3594	uncounted	train	100000	0.17
1789525659	3594	uncounted	train	100000	0.30
1789525659	3594	uncounted	train	100000	0.25
1789525659	3594	uncounted	train	100000	0.21
1789525660	3594	uncounted	train	100000	0.35
1789525660	3594	uncounted	train	100000	0.32
1789525661	3594	uncounted	train	100000	0.32
1789525661	3594	uncounted	train	100000	0.32
1789525661	3594	uncounted	train	100000	0.26
1789525662	3594	uncounted	train	100000	0.22
1789525662	3594	uncounted	train	100000	0.19
1789525682	3641	uncounted	train	100000	0.29
1789525682	3641	uncounted	train	100000	0.30
1789525683	3641	uncounted	train	100000	0.22
1789525683	3641	uncounted	train	100000	0.25
1789525683	3641	uncounted	train	100000	0.20
1789525684	3641	uncounted	train	100000	0.21
1789525684	3641	uncounted	train	100000	0.31
1789525685	3641	uncounted	train	100000	0.33
1789525685	3641	uncounted	train	100000	0.31
1789525685	3641	uncounted	train	100000	0.33
1789525686	3641	uncounted	train	100000	0.31
1789525686	3641	uncounted	train	100000	0.32
1789525687	3641	uncounted	train	100000	0.32
1789525687	3641	uncounted	train	100000	0.33
1789525688	3641	uncounted	train	100000	0.24
1789525688	3641	uncounted	train	100000	0.25
1789525688	3641	uncounted	train	100000	0.19
1789525689	3641	uncounted	train	100000	0.21
1789525689	3641	uncounted	train	100000	0.16
1789525689	3641	uncounted	train	100000	0.17
1789525689	3641	uncounted	train	100000	0.27
1789525690	3641	uncounted	train	100000	0.29
1789525699	3662	uncounted	train	100000	0.30
1789525700	3662	uncounted	train	100000	0.30
1789525701	3662	uncounted	train	100000	0.30
1789525724	3683	uncounted	train	100000	0.29
1789525724	3683	uncounted	train	100000	0.29
1789525725	3683	uncounted	train	100000	0.30
1789525725	3683	uncounted	train	100000	0.29
1789525725	3683	uncounted	train	100000	0.30
1789525726	3683	uncounted	train	100000	0.30
1789525726	3683	uncounted	train	100000	0.29
1789525739	3704	uncounted	train	100000	0.31
1789525739	3704	uncounted	train	100000	0.31
1789525740	3704	uncounted	train	100000	0.32
1789525740	3704	uncounted	train	100000	0.29
1789525740	3704	uncounted	train	100000	0.29
1789525741	3704	uncounted	train	100000	0.29
1789525741	3704	uncounted	train	100000	0.29
1789525761	3729	uncounted	train	100000	0.35
1789525761	3729	uncounted	train	100000	0.24
1789525762	3729	uncounted	train	100000	0.20
1789525762	3729	uncounted	train	100000	0.32
1789525763	3729	uncounted	train	100000	0.31
1789525763	3729	uncounted	train	100000	0.31
1789525763	3729	uncounted	train	100000	0.31
1789525764	3729	uncounted	train	100000	0.25
1789525764	3729	uncounted	train	100000	0.22
1789525764	3729	uncounted	train	100000	0.16
1789525765	3729	uncounted	train	100000	0.31
1789525765	3729	uncounted	train	100000	0.25
1789525765	3729	uncounted	train	100000	0.21
1789525766	3729	uncounted	train	100000	0.32
1789525766	3729	uncounted	train	100000	0.34
1789525767	3729	uncounted	train	100000	0.33
1789525767	3729	uncounted	train	100000	0.33
1789525768	3729	uncounted	train	100000	0.27
1789525768	3729	uncounted	train	100000	0.22
1789525768	3729	uncounted	train	100000	0.17
1789525769	3729	uncounted	train	100000	0.33
1789525769	3729	uncounted	train	100000	0.27
1789525770	3729	uncounted	train	100000	0.22
1789525770	3729	uncounted	train	100000	0.33
1789525770	3729	uncounted	train	100000	0.34
1789525771	3729	uncounted	train	100000	0.34
1789525771	3729	uncounted	train	100000	0.34
1789525772	3729	uncounted	train	100000	0.26
1789525772	3729	uncounted	train	100000	0.22
1789525772	3729	uncounted	train	100000	0.18
1789525846	3760	uncounted	train	100000	0.30
1789525847	3760	uncounted	train	100000	0.21
1789525847	3760	uncounted	train	100000	0.25
1789525847	3760	uncounted	train	100000	0.33
1789525853	3781	uncounted	train	100000	0.32
1789525853	3781	uncounted	train	100000	0.32
1789525854	3781	uncounted	train	100000	0.34
1789525867	3803	uncounted	train	100000	0.33
1789525867	3803	uncounted	train	100000	0.31
1789525868	3803	uncounted	train	100000	0.21
1789525868	3803	uncounted	train	100000	0.23
1789525868	3803	uncounted	train	100000	0.19
1789525869	3803	uncounted	train	100000	0.20
1789525869	3803	uncounted	train	100000	0.31
1789525869	3803	uncounted	train	100000	0.33
1789525870	3803	uncounted	train	100000	0.31
1789525870	3803	uncounted	train	100000	0.33
1789525871	3803	uncounted	train	100000	0.32
1789525871	3803	uncounted	train	100000	0.33
1789525872	3803	uncounted	train	100000	0.32
1789525872	3803	uncounted	train	100000	0.34
1789525872	3803	uncounted	train	100000	0.26
1789525873	3803	uncounted	train	100000	0.28
1789525873	3803	uncounted	train	100000	0.21
1789525873	3803	uncounted	train	100000	0.23
1789525874	3803	uncounted	train	100000	0.17
1789525874	3803	uncounted	train	100000	0.19
1789525875	3803	uncounted	train	100000	0.47
1789525875	3803	uncounted	train	100000	0.47
1789525876	3803	uncounted	train	100000	0.36
1789525876	3803	uncounted	train	100000	0.37
1789525876	3803	uncounted	train	100000	0.20
1789525877	3803	uncounted	train	100000	0.21
1789525877	3803	uncounted	train	100000	0.46
1789525878	3803	uncounted	train	100000	0.49
1789525879	3803	uncounted	train	100000	0.45
1789525879	3803	uncounted	train	100000	0.47
1789525880	3803	uncounted	train	100000	0.46
1789525880	3803	uncounted	train	100000	0.47
1789525881	3803	uncounted	train	100000	0.46
1789525882	3803	uncounted	train	100000	0.47
1789525882	3803	uncounted	train	100000	0.38
1789525883	3803	uncounted	train	100000	0.39
1789525883	3803	uncounted	train	100000	0.20
1789525883	3803	uncounted	train	100000	0.21
1789525884	3803	uncounted	train	100000	0.16
1789525884	3803	uncounted	train	100000	0.17
1789525884	3803	uncounted	train	100000	0.31
1789525885	3803	uncounted	train	100000	0.33
1789525885	3803	uncounted	train	100000	0.23
1789525885	3803	uncounted	train	100000	0.24
1789525886	3803	uncounted	train	100000	0.20
1789525886	3803	uncounted	train	100000	0.20
1789525886	3803	uncounted	train	100000	0.28
1789525887	3803	uncounted	train	100000	0.30
1789525887	3803	uncounted	train	100000	0.27
1789525888	3803	uncounted	train	100000	0.30
1789525888	3803	uncounted	train	100000	0.28
1789525888	3803	uncounted	train	100000	0.30
1789525889	3803	uncounted	train	100000	0.30
1789525889	3803	uncounted	train	100000	0.30
1789525890	3803	uncounted	train	100000	0.23
1789525890	3803	uncounted	train	100000	0.24
1789525890	3803	uncounted	train	100000	0.19
1789525891	3803	uncounted	train	100000	0.21
1789525891	3803	uncounted	train	100000	0.15
1789525891	3803	uncounted	train	100000	0.16
1789525891	3803	uncounted	train	100000	0.28
1789525892	3803	uncounted	train	100000	0.30
1789525892	3803	uncounted	train	100000	0.22
1789525892	3803	uncounted	train	100000	0.23
1789525893	3803	uncounted	train	100000	0.18
1789525893	3803	uncounted	train	100000	0.19
1789525893	3803	uncounted	train	100000	0.29
1789525894	3803	uncounted	train	100000	0.29
1789525894	3803	uncounted	train	100000	0.28
1789525895	3803	uncounted	train	100000	0.30
1789525895	3803	uncounted	train	100000	0.28
1789525895	3803	uncounted	train	100000	0.31
1789525896	3803	uncounted	train	100000	0.29
1789525896	3803	uncounted	train	100000	0.31
1789525897	3803	uncounted	train	100000	0.24
1789525897	3803	uncounted	train	100000	0.25
1789525897	3803	uncounted	train	100000	0.20
1789525898	3803	uncounted	train	100000	0.20
1789525898	3803	uncounted	train	100000	0.15
1789525898	3803	uncounted	train	100000	0.15
1789525968	3903	counted	train	100000	0.29
1789525969	3903	counted	train	100000	0.31
1789525969	3903	counted	train	100000	0.22
1789525969	3903	counted	train	100000	0.24
1789525969	3903	counted	train	100000	0.20
1789525970	3903	counted	train	100000	0.20
1789525970	3903	counted	train	100000	0.30
1789525970	3903	counted	train	100000	0.30
1789525971	3903	counted	train	100000	0.29
1789525971	3903	counted	train	100000	0.31
1789525971	3903	counted	train	100000	0.29
1789525972	3903	counted	train	100000	0.31
1789525972	3903	counted	train	100000	0.30
1789525973	3903	counted	train	100000	0.32
1789525973	3903	counted	train	100000	0.24
1789525973	3903	counted	train	100000	0.26
1789525973	3903	counted	train	100000	0.20
1789525974	3903	counted	train	100000	0.22
1789525974	3903	counted	train	100000	0.17
1789525974	3903	counted	train	100000	0.17
1789525994	3949	uncounted	train	100000	0.26
1789525995	3949	uncounted	train	100000	0.29
1789525995	3949	uncounted	train	100000	0.21
1789525996	3949	uncounted	train	100000	0.25
1789525996	3949	uncounted	train	100000	0.18
1789525996	3949	uncounted	train	100000	0.20
1789525996	3949	uncounted	train	100000	0.28
1789525997	3949	uncounted	train	100000	0.31
1789525997	3949	uncounted	train	100000	0.28
1789525998	3949	uncounted	train	100000	0.32
1789525998	3949	uncounted	train	100000	0.30
1789525999	3949	uncounted	train	100000	0.32
1789525999	3949	uncounted	train	100000	0.32
1789525999	3949	uncounted	train	100000	0.33
1789526000	3949	uncounted	train	100000	0.24
1789526000	3949	uncounted	train	100000	0.26
1789526000	3949	uncounted	train	100000	0.21
1789526001	3949	uncounted	train	100000	0.22
1789526001	3949	uncounted	train	100000	0.16
1789526001	3949	uncounted	train	100000	0.17
1789526002	3949	uncounted	train	100000	0.31
1789526002	3949	uncounted	train	100000	0.32
1789526002	3949	uncounted	train	100000	0.22
1789526003	3949	uncounted	train	100000	0.25
1789526003	3949	uncounted	train	100000	0.31
1789526004	3949	uncounted	train	100000	0.32
1789526004	3949	uncounted	train	100000	0.15
1789526004	3949	uncounted	train	100000	0.15
1789526005	3949	uncounted	train	100000	0.31
1789526005	3949	uncounted	train	100000	0.32
1789526005	3949	uncounted	train	100000	0.23
1789526006	3949	uncounted	train	100000	0.23
1789526034	4006	uncounted	train	100000	0.28
1789526041	4027	uncounted	train	100000	0.28
1789526061	4063	uncounted	train	100000	0.29
1789526061	4063	uncounted	train	100000	0.30
1789526062	4063	uncounted	train	100000	0.29
1789526062	4063	uncounted	train	100000	0.30
1789526072	4084	uncounted	train	100000	0.29
1789526073	4084	uncounted	train	112453	0.40
1789526073	4084	uncounted	train	107387	0.39
1789526074	4084	uncounted	train	112453	0.42
1789526074	4084	uncounted	train	120332	0.44
1789526087	4105	uncounted	train	100000	0.26
1789526087	4105	uncounted	train	100000	0.26
1789526088	4105	uncounted	train	100000	0.20
1789526088	4105	uncounted	train	100000	0.21
1789526088	4105	uncounted	train	100000	0.18
1789526089	4105	uncounted	train	100000	0.19
1789526089	4105	uncounted	train	100000	0.27
1789526090	4105	uncounted	train	100000	0.27
1789526090	4105	uncounted	train	100000	0.27
1789526091	4105	uncounted	train	100000	0.30
1789526091	4105	uncounted	train	100000	0.29
1789526092	4105	uncounted	train	100000	0.32
1789526092	4105	uncounted	train	100000	0.31
1789526093	4105	uncounted	train	100000	0.31
1789526093	4105	uncounted	train	100000	0.24
1789526093	4105	uncounted	train	100000	0.25
1789526094	4105	uncounted	train	100000	0.20
1789526094	4105	uncounted	train	100000	0.21
1789526095	4105	uncounted	train	100000	0.16
1789526095	4105	uncounted	train	100000	0.16
1789526095	4105	uncounted	train	100000	0.31
1789526096	4105	uncounted	train	100000	0.23
1789526096	4105	uncounted	train	100000	0.32
1789526112	4130	uncounted	train	100000	0.30
1789526113	4130	uncounted	train	100000	0.23
1789526113	4130	uncounted	train	100000	0.19
1789526113	4130	uncounted	train	100000	0.29
1789526114	4130	uncounted	train	100000	0.31
1789526114	4130	uncounted	train	100000	0.31
1789526114	4130	uncounted	train	100000	0.31
1789526115	4130	uncounted	train	100000	0.24
1789526115	4130	uncounted	train	100000	0.21
1789526115	4130	uncounted	train	100000	0.16
1789526116	4130	uncounted	train	100000	0.34
1789526116	4130	uncounted	train	100000	0.24
1789526116	4130	uncounted	train	100000	0.20
1789526117	4130	uncounted	train	100000	0.31
1789526117	4130	uncounted	train	100000	0.31
1789526118	4130	uncounted	train	100000	0.32
1789526118	4130	uncounted	train	100000	0.33
1789526119	4130	uncounted	train	100000	0.27
1789526119	4130	uncounted	train	100000	0.22
1789526119	4130	uncounted	train	100000	0.17
1789526120	4130	uncounted	train	100000	0.32
1789526120	4130	uncounted	train	100000	0.24
1789526120	4130	uncounted	train	100000	0.22
1789526121	4130	uncounted	train	100000	0.31
1789526121	4130	uncounted	train	100000	0.33
1789526122	4130	uncounted	train	100000	0.32
1789526122	4130	uncounted	train	100000	0.31
1789526122	4130	uncounted	train	100000	0.27
1789526123	4130	uncounted	train	100000	0.21
1789526123	4130	uncounted	train	100000	0.16
1789526123	4130	uncounted	train	100000	0.33
1789526124	4130	uncounted	train	100000	0.27
1789526124	4130	uncounted	train	100000	0.21
1789526125	4130	uncounted	train	100000	0.34
1789526125	4130	uncounted	train	100000	0.33
1789526125	4130	uncounted	train	100000	0.31
1789526126	4130	uncounted	train	100000	0.32
1789526126	4130	uncounted	train	100000	0.27
1789526127	4130	uncounted	train	100000	0.21
1789526127	4130	uncounted	train	100000	0.17
1789526226	4214	counted	train	100000	0.31
1789526227	4214	counted	train	100000	0.34
1789526227	4214	counted	train	100000	0.31
1789526228	4214	counted	train	100000	0.34
1789526228	4214	counted	train	100000	0.22
1789526228	4214	counted	train	100000	0.24
1789526228	4214	counted	train	100000	0.24
1789526229	4214	counted	train	100000	0.26
1789526229	4214	counted	train	100000	0.19
1789526229	4214	counted	train	100000	0.21
1789526230	4214	counted	train	100000	0.21
1789526230	4214	counted	train	100000	0.23
1789526230	4214	counted	train	100000	0.32
1789526231	4214	counted	train	100000	0.34
1789526231	4214	counted	train	100000	0.33
1789526231	4214	counted	train	100000	0.35
1789526232	4214	counted	train	100000	0.33
1789526232	4214	counted	train	100000	0.34
1789526232	4214	counted	train	100000	0.33
1789526233	4214	counted	train	100000	0.35
1789526233	4214	counted	train	100000	0.32
1789526234	4214	counted	train	100000	0.34
1789526234	4214	counted	train	100000	0.33
1789526234	4214	counted	train	100000	0.34
1789526235	4214	counted	train	100000	0.33
1789526235	4214	counted	train	100000	0.33
1789526236	4214	counted	train	100000	0.31
1789526236	4214	counted	train	100000	0.34
1789526236	4214	counted	train	100000	0.26
1789526237	4214	counted	train	100000	0.27
1789526237	4214	counted	train	100000	0.26
1789526237	4214	counted	train	100000	0.29
1789526237	4214	counted	train	100000	0.21
1789526238	4214	counted	train	100000	0.23
1789526238	4214	counted	train	100000	0.21
1789526238	4214	counted	train	100000	0.23
1789526238	4214	counted	train	100000	0.16
1789526239	4214	counted	train	100000	0.18
1789526239	4214	counted	train	100000	0.18
1789526239	4214	counted	train	100000	0.18
1789526258	4250	uncounted	train	100000	0.26
1789526258	4250	uncounted	train	100000	0.24
1789526259	4250	uncounted	train	100000	0.19
1789526259	4250	uncounted	train	100000	0.31
1789526260	4250	uncounted	train	100000	0.31
1789526260	4250	uncounted	train	100000	0.31
1789526260	4250	uncounted	train	100000	0.32
1789526261	4250	uncounted	train	100000	0.25
1789526261	4250	uncounted	train	100000	0.20
1789526261	4250	uncounted	train	100000	0.16
1789526262	4250	uncounted	train	100000	0.33
1789526262	4250	uncounted	train	100000	0.25
1789526263	4250	uncounted	train	100000	0.20
1789526263	4250	uncounted	train	100000	0.33
1789526263	4250	uncounted	train	100000	0.33
1789526264	4250	uncounted	train	100000	0.33
1789526264	4250	uncounted	train	100000	0.32
1789526265	4250	uncounted	train	100000	0.27
1789526265	4250	uncounted	train	100000	0.22
1789526265	4250	uncounted	train	100000	0.17
1789526266	4250	uncounted	train	100000	0.57
1789526267	4250	uncounted	train	100000	0.24
1789526267	4250	uncounted	train	100000	0.19
1789526267	4250	uncounted	train	100000	0.30
1789526268	4250	uncounted	train	100000	0.31
1789526268	4250	uncounted	train	100000	0.29
1789526268	4250	uncounted	train	100000	0.30
1789526269	4250	uncounted	train	100000	0.25
1789526269	4250	uncounted	train	100000	0.20
1789526269	4250	uncounted	train	100000	0.16
1789526270	4250	uncounted	train	100000	0.32
1789526270	4250	uncounted	train	100000	0.26
1789526271	4250	uncounted	train	100000	0.22
1789526271	4250	uncounted	train	100000	0.32
1789526271	4250	uncounted	train	100000	0.31
1789526272	4250	uncounted	train	100000	0.32
1789526272	4250	uncounted	train	100000	0.33
1789526273	4250	uncounted	train	100000	0.26
1789526273	4250	uncounted	train	100000	0.22
1789526273	4250	uncounted	train	100000	0.17
1789526274	4250	uncounted	train	100000	0.31
1789526274	4250	uncounted	train	100000	0.24
1789526275	4250	uncounted	train	100000	0.20
1789526275	4250	uncounted	train	100000	0.31
1789526275	4250	uncounted	train	100000	0.32
1789526276	4250	uncounted	train	100000	0.31
1789526276	4250	uncounted	train	100000	0.31
1789526277	4250	uncounted	train	100000	0.24
1789526277	4250	uncounted	train	100000	0.22
1789526277	4250	uncounted	train	100000	0.17
1789526278	4250	uncounted	train	100000	0.32
1789526278	4250	uncounted	train	100000	0.24
1789526278	4250	uncounted	train	100000	0.19
1789526279	4250	uncounted	train	100000	0.32
1789526279	4250	uncounted	train	100000	0.31
1789526280	4250	uncounted	train	100000	0.32
1789526280	4250	uncounted	train	100000	0.34
1789526280	4250	uncounted	train	100000	0.27
1789526281	4250	uncounted	train	100000	0.27
1789526281	4250	uncounted	train	100000	0.17
1789526435	4334	counted	train	100000	0.29
1789526435	4334	counted	train	100000	0.29
1789526435	4334	counted	train	100000	0.28
1789526436	4334	counted	train	100000	0.31
1789526436	4334	counted	train	100000	0.29
1789526436	4334	counted	train	100000	0.22
1789526436	4334	counted	train	100000	0.24
1789526437	4334	counted	train	100000	0.25
1789526437	4334	counted	train	100000	0.26
1789526437	4334	counted	train	100000	0.23
1789526438	4334	counted	train	100000	0.19
1789526438	4334	counted	train	100000	0.21
1789526438	4334	counted	train	100000	0.20
1789526438	4334	counted	train	100000	0.21
1789526439	4334	counted	train	100000	0.19
1789526439	4334	counted	train	100000	0.28
1789526439	4334	counted	train	100000	0.30
1789526440	4334	counted	train	100000	0.28
1789526440	4334	counted	train	100000	0.31
1789526440	4334	counted	train	100000	0.30
1789526441	4334	counted	train	100000	0.29
1789526441	4334	counted	train	100000	0.30
1789526441	4334	counted	train	100000	0.29
1789526442	4334	counted	train	100000	0.32
1789526442	4334	counted	train	100000	0.30
1789526442	4334	counted	train	100000	0.29
1789526443	4334	counted	train	100000	0.31
1789526443	4334	counted	train	100000	0.29
1789526443	4334	counted	train	100000	0.32
1789526444	4334	counted	train	100000	0.31
1789526444	4334	counted	train	100000	0.30
1789526445	4334	counted	train	100000	0.32
1789526445	4334	counted	train	100000	0.31
1789526445	4334	counted	train	100000	0.34
1789526446	4334	counted	train	100000	0.34
1789526446	4334	counted	train	100000	0.26
1789526446	4334	counted	train	100000	0.26
1789526447	4334	counted	train	100000	0.24
1789526447	4334	counted	train	100000	0.28
1789526447	4334	counted	train	100000	0.27
1789526447	4334	counted	train	100000	0.22
1789526448	4334	counted	train	100000	0.21
1789526448	4334	counted	train	100000	0.20
1789526448	4334	counted	train	100000	0.23
1789526449	4334	counted	train	100000	0.21
1789526449	4334	counted	train	100000	0.16
1789526449	4334	counted	train	100000	0.17
1789526449	4334	counted	train	100000	0.16
1789526449	4334	counted	train	100000	0.17
1789526450	4334	counted	train	100000	0.16
1789526472	4370	uncounted	train	100000	0.30
1789526472	4370	uncounted	train	100000	0.22
1789526472	4370	uncounted	train	100000	0.18
1789526473	4370	uncounted	train	100000	0.31
1789526473	4370	uncounted	train	100000	0.30
1789526473	4370	uncounted	train	100000	0.30
1789526474	4370	uncounted	train	100000	0.30
1789526474	4370	uncounted	train	100000	0.24
1789526474	4370	uncounted	train	100000	0.20
1789526475	4370	uncounted	train	100000	0.16
1789526475	4370	uncounted	train	100000	0.31
1789526476	4370	uncounted	train	100000	0.25
1789526476	4370	uncounted	train	100000	0.20
1789526476	4370	uncounted	train	100000	0.31
1789526477	4370	uncounted	train	100000	0.31
1789526477	4370	uncounted	train	100000	0.32
1789526478	4370	uncounted	train	100000	0.33
1789526478	4370	uncounted	train	100000	0.26
1789526478	4370	uncounted	train	100000	0.23
1789526479	4370	uncounted	train	100000	0.18
1789526479	4370	uncounted	train	100000	0.32
1789526480	4370	uncounted	train	100000	0.26
1789526480	4370	uncounted	train	100000	0.20
1789526480	4370	uncounted	train	100000	0.31
1789526481	4370	uncounted	train	100000	0.32
1789526481	4370	uncounted	train	100000	0.31
1789526481	4370	uncounted	train	100000	0.31
1789526482	4370	uncounted	train	100000	0.27
1789526482	4370	uncounted	train	100000	0.21
1789526482	4370	uncounted	train	100000	0.16
1789526483	4370	uncounted	train	100000	0.34
1789526483	4370	uncounted	train	100000	0.27
1789526484	4370	uncounted	train	100000	0.23
1789526484	4370	uncounted	train	100000	0.35
1789526485	4370	uncounted	train	100000	0.35
1789526485	4370	uncounted	train	100000	0.33
1789526486	4370	uncounted	train	100000	0.35
1789526486	4370	uncounted	train	100000	0.28
1789526486	4370	uncounted	train	100000	0.22
1789526487	4370	uncounted	train	100000	0.17
1789526487	4370	uncounted	train	100000	0.32
1789526488	4370	uncounted	train	100000	0.25
1789526488	4370	uncounted	train	100000	0.20
1789526488	4370	uncounted	train	100000	0.32
1789526489	4370	uncounted	train	100000	0.31
1789526489	4370	uncounted	train	100000	0.31
1789526490	4370	uncounted	train	100000	0.33
1789526490	4370	uncounted	train	100000	0.27
1789526490	4370	uncounted	train	100000	0.21
1789526491	4370	uncounted	train	100000	0.17
1789526491	4370	uncounted	train	100000	0.30
1789526491	4370	uncounted	train	100000	0.23
1789526492	4370	uncounted	train	100000	0.19
1789526492	4370	uncounted	train	100000	0.31
1789526492	4370	uncounted	train	100000	0.31
1789526493	4370	uncounted	train	100000	0.31
1789526493	4370	uncounted	train	100000	0.31
1789526494	4370	uncounted	train	100000	0.25
1789526494	4370	uncounted	train	100000	0.20
1789526494	4370	uncounted	train	100000	0.16
1789526495	4370	uncounted	train	100000	0.32
1789526495	4370	uncounted	train	100000	0.25
1789526495	4370	uncounted	train	100000	0.20
1789526496	4370	uncounted	train	100000	0.32
1789526496	4370	uncounted	train	100000	0.32
1789526497	4370	uncounted	train	100000	0.32
1789526497	4370	uncounted	train	100000	0.33
1789526497	4370	uncounted	train	100000	0.26
1789526498	4370	uncounted	train	100000	0.22
1789526498	4370	uncounted	train	100000	0.18
1789526499	4370	uncounted	train	100000	0.32
1789526499	4370	uncounted	train	100000	0.25
1789526499	4370	uncounted	train	100000	0.21
1789526500	4370	uncounted	train	100000	0.31
1789526500	4370	uncounted	train	100000	0.31
1789526500	4370	uncounted	train	100000	0.31
1789526501	4370	uncounted	train	100000	0.30
1789526501	4370	uncounted	train	100000	0.26
1789526502	4370	uncounted	train	100000	0.21
1789526502	4370	uncounted	train	100000	0.16
1789526502	4370	uncounted	train	100000	0.35
1789526503	4370	uncounted	train	100000	0.26
1789526503	4370	uncounted	train	100000	0.21
1789526504	4370	uncounted	train	100000	0.33
1789526504	4370	uncounted	train	100000	0.32
1789526504	4370	uncounted	train	100000	0.33
1789526505	4370	uncounted	train	100000	0.35
1789526505	4370	uncounted	train	100000	0.28
1789526506	4370	uncounted	train	100000	0.23
1789526506	4370	uncounted	train	100000	0.18
1789526507	4370	uncounted	train	100000	0.32
1789526507	4370	uncounted	train	100000	0.25
1789526507	4370	uncounted	train	100000	0.20
1789526508	4370	uncounted	train	100000	0.31
1789526508	4370	uncounted	train	100000	0.31
1789526508	4370	uncounted	train	100000	0.32
1789526509	4370	uncounted	train	100000	0.33
1789526509	4370	uncounted	train	100000	0.27
1789526510	4370	uncounted	train	100000	0.21
1789526510	4370	uncounted	train	100000	0.16
1789526510	4370	uncounted	train	100000	0.31
1789526511	4370	uncounted	train	100000	0.25
1789526511	4370	uncounted	train	100000	0.20
1789526511	4370	uncounted	train	100000	0.32
1789526512	4370	uncounted	train	100000	0.35
1789526512	4370	uncounted	train	100000	0.32
1789526513	4370	uncounted	train	100000	0.32
1789526513	4370	uncounted	train	100000	0.26
1789526513	4370	uncounted	train	100000	0.21
1789526514	4370	uncounted	train	100000	0.17
1789526514	4370	uncounted	train	100000	0.31
1789526514	4370	uncounted	train	100000	0.23
1789526515	4370	uncounted	train	100000	0.20
1789526515	4370	uncounted	train	100000	0.31
1789526515	4370	uncounted	train	100000	0.30
1789526516	4370	uncounted	train	100000	0.31
1789526516	4370	uncounted	train	100000	0.32
1789526517	4370	uncounted	train	100000	0.26
1789526517	4370	uncounted	train	100000	0.20
1789526517	4370	uncounted	train	100000	0.16
1789526518	4370	uncounted	train	100000	0.35
1789526518	4370	uncounted	train	100000	0.25
1789526518	4370	uncounted	train	100000	0.21
1789526519	4370	uncounted	train	100000	0.33
1789526519	4370	uncounted	train	100000	0.33
1789526520	4370	uncounted	train	100000	0.35
1789526520	4370	uncounted	train	100000	0.34
1789526521	4370	uncounted	train	100000	0.28
1789526521	4370	uncounted	train	100000	0.22
1789526521	4370	uncounted	train	100000	0.17
1789526522	4370	uncounted	train	100000	0.33
1789526522	4370	uncounted	train	100000	0.25
1789526523	4370	uncounted	train	100000	0.20
1789526523	4370	uncounted	train	100000	0.31
1789526523	4370	uncounted	train	100000	0.31
1789526524	4370	uncounted	train	100000	0.33
1789526524	4370	uncounted	train	100000	0.31
1789526525	4370	uncounted	train	100000	0.26
1789526525	4370	uncounted	train	100000	0.20
1789526525	4370	uncounted	train	100000	0.16
1789526526	4370	uncounted	train	100000	0.34
1789526526	4370	uncounted	train	100000	0.29
1789526526	4370	uncounted	train	100000	0.22
1789526527	4370	uncounted	train	100000	0.36
1789526527	4370	uncounted	train	100000	0.35
1789526528	4370	uncounted	train	100000	0.35
1789526528	4370	uncounted	train	100000	0.34
1789526529	4370	uncounted	train	100000	0.28
1789526529	4370	uncounted	train	100000	0.22
1789526529	4370	uncounted	train	100000	0.17
1789526530	4370	uncounted	train	100000	0.31
1789526530	4370	uncounted	train	100000	0.24
1789526531	4370	uncounted	train	100000	0.20
1789526531	4370	uncounted	train	100000	0.31
1789526531	4370	uncounted	train	100000	0.31
1789526532	4370	uncounted	train	100000	0.34
1789526532	4370	uncounted	train	100000	0.31
1789526533	4370	uncounted	train	100000	0.26
1789526533	4370	uncounted	train	100000	0.21
1789526533	4370	uncounted	train	100000	0.17
1789526534	4370	uncounted	train	100000	0.32
1789526534	4370	uncounted	train	100000	0.25
1789526534	4370	uncounted	train	100000	0.21
1789526535	4370	uncounted	train	100000	0.31
1789526535	4370	uncounted	train	100000	0.31
1789526536	4370	uncounted	train	100000	0.31
1789526536	4370	uncounted	train	100000	0.31
1789526537	4370	uncounted	train	100000	0.56
1789526537	4370	uncounted	train	100000	0.22
1789526537	4370	uncounted	train	100000	0.17
1789526538	4370	uncounted	train	100000	0.32
1789526538	4370	uncounted	train	100000	0.24
1789526538	4370	uncounted	train	100000	0.19
1789526539	4370	uncounted	train	100000	0.31
1789526539	4370	uncounted	train	100000	0.31
1789526540	4370	uncounted	train	100000	0.33
1789526540	4370	uncounted	train	100000	0.33
1789526540	4370	uncounted	train	100000	0.26
1789526541	4370	uncounted	train	100000	0.21
1789526541	4370	uncounted	train	100000	0.16
1789526541	4370	uncounted	train	100000	0.31
1789526542	4370	uncounted	train	100000	0.25
1789526542	4370	uncounted	train	100000	0.21
1789526543	4370	uncounted	train	100000	0.33
1789526543	4370	uncounted	train	100000	0.33
1789526543	4370	uncounted	train	100000	0.32
1789526544	4370	uncounted	train	100000	0.32
1789526544	4370	uncounted	train	100000	0.26
1789526545	4370	uncounted	train	100000	0.22
1789526545	4370	uncounted	train	100000	0.17
1789526545	4370	uncounted	train	100000	0.32
1789526546	4370	uncounted	train	100000	0.25
1789526546	4370	uncounted	train	100000	0.21
1789526546	4370	uncounted	train	100000	0.31
1789526547	4370	uncounted	train	100000	0.32
1789526547	4370	uncounted	train	100000	0.31
1789526548	4370	uncounted	train	100000	0.32
1789526548	4370	uncounted	train	100000	0.26
1789526548	4370	uncounted	train	100000	0.21
1789526549	4370	uncounted	train	100000	0.17
1789526549	4370	uncounted	train	100000	0.34
1789526550	4370	uncounted	train	100000	0.27
1789526550	4370	uncounted	train	100000	0.21
1789526550	4370	uncounted	train	100000	0.33
1789526551	4370	uncounted	train	100000	0.33
1789526551	4370	uncounted	train	100000	0.33
1789526552	4370	uncounted	train	100000	0.34
1789526552	4370	uncounted	train	100000	0.27
1789526553	4370	uncounted	train	100000	0.23
1789526553	4370	uncounted	train	100000	0.18
1789526553	4370	uncounted	train	100000	0.31
1789526554	4370	uncounted	train	100000	0.25
1789526554	4370	uncounted	train	100000	0.20
1789526555	4370	uncounted	train	100000	0.32
1789526555	4370	uncounted	train	100000	0.31
1789526555	4370	uncounted	train	100000	0.31
1789526556	4370	uncounted	train	100000	0.31
1789526556	4370	uncounted	train	100000	0.26
1789526556	4370	uncounted	train	100000	0.20
1789526557	4370	uncounted	train	100000	0.16
1789526557	4370	uncounted	train	100000	0.30
1789526558	4370	uncounted	train	100000	0.23
1789526558	4370	uncounted	train	100000	0.19
1789526558	4370	uncounted	train	100000	0.31
1789526559	4370	uncounted	train	100000	0.32
1789526559	4370	uncounted	train	100000	0.31
1789526559	4370	uncounted	train	100000	0.30
1789526560	4370	uncounted	train	100000	0.25
1789526560	4370	uncounted	train	100000	0.20
1789526560	4370	uncounted	train	100000	0.16
1789526561	4370	uncounted	train	100000	0.29
1789526561	4370	uncounted	train	100000	0.23
1789526561	4370	uncounted	train	100000	0.18
1789526562	4370	uncounted	train	100000	0.29
1789526562	4370	uncounted	train	100000	0.30
1789526563	4370	uncounted	train	100000	0.30
1789526563	4370	uncounted	train	100000	0.29
1789526563	4370	uncounted	train	100000	0.18
1789526563	4370	uncounted	train	100000	0.14
1789526564	4370	uncounted	train	100000	0.59
1789526565	4370	uncounted	train	100000	0.29
1789526565	4370	uncounted	train	100000	0.23
1789526565	4370	uncounted	train	100000	0.20
1789526566	4370	uncounted	train	100000	0.31
1789526566	4370	uncounted	train	100000	0.33
1789526567	4370	uncounted	train	100000	0.29
1789526567	4370	uncounted	train	100000	0.29
1789526567	4370	uncounted	train	100000	0.19
1789526568	4370	uncounted	train	100000	0.14
1789526568	4370	uncounted	train	100000	0.63
1789526569	4370	uncounted	train	100000	0.32
1789526569	4370	uncounted	train	100000	0.25
1789526570	4370	uncounted	train	100000	0.20
1789526570	4370	uncounted	train	100000	0.31
1789526570	4370	uncounted	train	100000	0.31
1789526571	4370	uncounted	train	100000	0.31
1789526571	4370	uncounted	train	100000	0.31
1789526572	4370	uncounted	train	100000	0.20
1789526572	4370	uncounted	train	100000	0.14
1789526572	4370	uncounted	train	100000	0.64
1789526573	4370	uncounted	train	100000	0.32
1789526574	4370	uncounted	train	100000	0.26
1789526574	4370	uncounted	train	100000	0.22
1789526574	4370	uncounted	train	100000	0.32
1789526575	4370	uncounted	train	100000	0.33
1789526575	4370	uncounted	train	100000	0.33
1789526576	4370	uncounted	train	100000	0.34
1789526576	4370	uncounted	train	100000	0.21
1789526576	4370	uncounted	train	100000	0.15
1789526577	4370	uncounted	train	100000	0.70
1789526578	4370	uncounted	train	100000	0.32
1789526578	4370	uncounted	train	100000	0.25
1789526578	4370	uncounted	train	100000	0.21
1789526579	4370	uncounted	train	100000	0.32
1789526579	4370	uncounted	train	100000	0.33
1789526580	4370	uncounted	train	100000	0.34
1789526580	4370	uncounted	train	100000	0.33
1789526580	4370	uncounted	train	100000	0.21
1789526581	4370	uncounted	train	100000	0.15
1789526581	4370	uncounted	train	100000	0.70
1789526742	4731	counted	train	100000	0.32
1789526742	4731	counted	train	100000	0.31
1789526742	4731	counted	train	100000	0.31
1789526743	4731	counted	train	100000	0.35
1789526743	4731	counted	train	100000	0.31
1789526743	4731	counted	train	100000	0.31
1789526744	4731	counted	train	100000	0.22
1789526744	4731	counted	train	100000	0.24
1789526744	4731	counted	train	100000	0.24
1789526745	4731	counted	train	100000	0.26
1789526745	4731	counted	train	100000	0.24
1789526745	4731	counted	train	100000	0.24
1789526745	4731	counted	train	100000	0.20
1789526746	4731	counted	train	100000	0.21
1789526746	4731	counted	train	100000	0.21
1789526746	4731	counted	train	100000	0.22
1789526747	4731	counted	train	100000	0.21
1789526747	4731	counted	train	100000	0.20
1789526747	4731	counted	train	100000	0.31
1789526747	4731	counted	train	100000	0.32
1789526748	4731	counted	train	100000	0.31
1789526748	4731	counted	train	100000	0.32
1789526749	4731	counted	train	100000	0.31
1789526749	4731	counted	train	100000	0.31
1789526749	4731	counted	train	100000	0.31
1789526750	4731	counted	train	100000	0.33
1789526750	4731	counted	train	100000	0.31
1789526750	4731	counted	train	100000	0.33
1789526751	4731	counted	train	100000	0.31
1789526751	4731	counted	train	100000	0.30
1789526751	4731	counted	train	100000	0.29
1789526752	4731	counted	train	100000	0.34
1789526752	4731	counted	train	100000	0.31
1789526753	4731	counted	train	100000	0.34
1789526753	4731	counted	train	100000	0.32
1789526753	4731	counted	train	100000	0.31
1789526754	4731	counted	train	100000	0.33
1789526754	4731	counted	train	100000	0.32
1789526754	4731	counted	train	100000	0.30
1789526755	4731	counted	train	100000	0.33
1789526755	4731	counted	train	100000	0.31
1789526755	4731	counted	train	100000	0.32
1789526756	4731	counted	train	100000	0.24
1789526756	4731	counted	train	100000	0.27
1789526756	4731	counted	train	100000	0.26
1789526757	4731	counted	train	100000	0.27
1789526757	4731	counted	train	100000	0.26
1789526757	4731	counted	train	100000	0.26
1789526758	4731	counted	train	100000	0.21
1789526758	4731	counted	train	100000	0.24
1789526758	4731	counted	train	100000	0.21
1789526758	4731	counted	train	100000	0.23
1789526759	4731	counted	train	100000	0.22
1789526759	4731	counted	train	100000	0.21
1789526759	4731	counted	train	100000	0.16
1789526759	4731	counted	train	100000	0.17
1789526760	4731	counted	train	100000	0.16
1789526760	4731	counted	train	100000	0.17
1789526760	4731	counted	train	100000	0.17
1789526760	4731	counted	train	100000	0.16
1789526783	4767	uncounted	train	100000	0.30
1789526783	4767	uncounted	train	100000	0.26
1789526783	4767	uncounted	train	100000	0.19
1789526784	4767	uncounted	train	100000	0.30
1789526784	4767	uncounted	train	100000	0.31
1789526785	4767	uncounted	train	100000	0.30
1789526785	4767	uncounted	train	100000	0.29
1789526785	4767	uncounted	train	100000	0.24
1789526786	4767	uncounted	train	100000	0.19
1789526786	4767	uncounted	train	100000	0.16
1789526786	4767	uncounted	train	100000	0.30
1789526787	4767	uncounted	train	100000	0.25
1789526787	4767	uncounted	train	100000	0.21
1789526787	4767	uncounted	train	100000	0.32
1789526788	4767	uncounted	train	100000	0.32
1789526788	4767	uncounted	train	100000	0.33
1789526789	4767	uncounted	train	100000	0.32
1789526789	4767	uncounted	train	100000	0.25
1789526790	4767	uncounted	train	100000	0.21
1789526790	4767	uncounted	train	100000	0.16
1789526790	4767	uncounted	train	100000	0.31
1789526791	4767	uncounted	train	100000	0.25
1789526791	4767	uncounted	train	100000	0.21
1789526791	4767	uncounted	train	100000	0.30
1789526792	4767	uncounted	train	100000	0.32
1789526792	4767	uncounted	train	100000	0.32
1789526793	4767	uncounted	train	100000	0.32
1789526793	4767	uncounted	train	100000	0.26
1789526793	4767	uncounted	train	100000	0.21
1789526794	4767	uncounted	train	100000	0.17
1789526794	4767	uncounted	train	100000	0.33
1789526795	4767	uncounted	train	100000	0.27
1789526795	4767	uncounted	train	100000	0.22
1789526795	4767	uncounted	train	100000	0.31
1789526796	4767	uncounted	train	100000	0.31
1789526796	4767	uncounted	train	100000	0.32
1789526797	4767	uncounted	train	100000	0.30
1789526797	4767	uncounted	train	100000	0.25
1789526797	4767	uncounted	train	100000	0.21
1789526798	4767	uncounted	train	100000	0.17
1789526798	4767	uncounted	train	100000	0.31
1789526799	4767	uncounted	train	100000	0.25
1789526799	4767	uncounted	train	100000	0.20
1789526799	4767	uncounted	train	100000	0.31
1789526800	4767	uncounted	train	100000	0.32
1789526800	4767	uncounted	train	100000	0.32
1789526800	4767	uncounted	train	100000	0.31
1789526801	4767	uncounted	train	100000	0.26
1789526801	4767	uncounted	train	100000	0.21
1789526801	4767	uncounted	train	100000	0.17
1789526802	4767	uncounted	train	100000	0.32
1789526802	4767	uncounted	train	100000	0.25
1789526803	4767	uncounted	train	100000	0.21
1789526803	4767	uncounted	train	100000	0.31
1789526803	4767	uncounted	train	100000	0.31
1789526804	4767	uncounted	train	100000	0.32
1789526804	4767	uncounted	train	100000	0.31
1789526805	4767	uncounted	train	100000	0.26
1789526805	4767	uncounted	train	100000	0.21
1789526805	4767	uncounted	train	100000	0.16
1789526806	4767	uncounted	train	100000	0.31
1789526806	4767	uncounted	train	100000	0.24
1789526806	4767	uncounted	train	100000	0.20
1789526807	4767	uncounted	train	100000	0.32
1789526807	4767	uncounted	train	100000	0.31
1789526808	4767	uncounted	train	100000	0.32
1789526808	4767	uncounted	train	100000	0.32
1789526808	4767	uncounted	train	100000	0.26
1789526809	4767	uncounted	train	100000	0.21
1789526809	4767	uncounted	train	100000	0.16
1789526809	4767	uncounted	train	100000	0.31
1789526810	4767	uncounted	train	100000	0.24
1789526810	4767	uncounted	train	100000	0.20
1789526810	4767	uncounted	train	100000	0.32
1789526811	4767	uncounted	train	100000	0.32
1789526811	4767	uncounted	train	100000	0.32
1789526812	4767	uncounted	train	100000	0.32
1789526812	4767	uncounted	train	100000	0.26
1789526813	4767	uncounted	train	100000	0.22
1789526813	4767	uncounted	train	100000	0.18
1789526813	4767	uncounted	train	100000	0.33
1789526814	4767	uncounted	train	100000	0.26
1789526814	4767	uncounted	train	100000	0.21
1789526814	4767	uncounted	train	100000	0.32
1789526815	4767	uncounted	train	100000	0.31
1789526815	4767	uncounted	train	100000	0.32
1789526816	4767	uncounted	train	100000	0.32
1789526816	4767	uncounted	train	100000	0.26
1789526816	4767	uncounted	train	100000	0.20
1789526817	4767	uncounted	train	100000	0.17
1789526817	4767	uncounted	train	100000	0.32
1789526818	4767	uncounted	train	100000	0.28
1789526818	4767	uncounted	train	100000	0.23
1789526818	4767	uncounted	train	100000	0.34
1789526819	4767	uncounted	train	100000	0.35
1789526819	4767	uncounted	train	100000	0.35
1789526820	4767	uncounted	train	100000	0.35
1789526820	4767	uncounted	train	100000	0.28
1789526821	4767	uncounted	train	100000	0.23
1789526821	4767	uncounted	train	100000	0.18
1789526822	4767	uncounted	train	100000	0.35
1789526822	4767	uncounted	train	100000	0.27
1789526822	4767	uncounted	train	100000	0.20
1789526823	4767	uncounted	train	100000	0.34
1789526823	4767	uncounted	train	100000	0.35
1789526824	4767	uncounted	train	100000	0.33
1789526824	4767	uncounted	train	100000	0.32
1789526824	4767	uncounted	train	100000	0.27
1789526825	4767	uncounted	train	100000	0.21
1789526825	4767	uncounted	train	100000	0.17
1789526825	4767	uncounted	train	100000	0.34
1789526826	4767	uncounted	train	100000	0.26
1789526826	4767	uncounted	train	100000	0.21
1789526827	4767	uncounted	train	100000	0.32
1789526827	4767	uncounted	train	100000	0.31
1789526827	4767	uncounted	train	100000	0.31
1789526828	4767	uncounted	train	100000	0.67
1789526829	4767	uncounted	train	100000	0.27
1789526829	4767	uncounted	train	100000	0.21
1789526829	4767	uncounted	train	100000	0.17
1789526830	4767	uncounted	train	100000	0.33
1789526830	4767	uncounted	train	100000	0.26
1789526831	4767	uncounted	train	100000	0.21
1789526831	4767	uncounted	train	100000	0.34
1789526831	4767	uncounted	train	100000	0.33
1789526832	4767	uncounted	train	100000	0.32
1789526832	4767	uncounted	train	100000	0.31
1789526833	4767	uncounted	train	100000	0.25
1789526833	4767	uncounted	train	100000	0.21
1789526833	4767	uncounted	train	100000	0.16
1789526834	4767	uncounted	train	100000	0.30
1789526834	4767	uncounted	train	100000	0.24
1789526834	4767	uncounted	train	100000	0.19
1789526835	4767	uncounted	train	100000	0.31
1789526835	4767	uncounted	train	100000	0.30
1789526835	4767	uncounted	train	100000	0.30
1789526836	4767	uncounted	train	100000	0.31
1789526836	4767	uncounted	train	100000	0.24
1789526837	4767	uncounted	train	100000	0.20
1789526837	4767	uncounted	train	100000	0.16
1789526837	4767	uncounted	train	100000	0.32
1789526838	4767	uncounted	train	100000	0.25
1789526838	4767	uncounted	train	100000	0.21
1789526838	4767	uncounted	train	100000	0.33
1789526839	4767	uncounted	train	100000	0.32
1789526839	4767	uncounted	train	100000	0.32
1789526840	4767	uncounted	train	100000	0.32
1789526840	4767	uncounted	train	100000	0.25
1789526840	4767	uncounted	train	100000	0.21
1789526841	4767	uncounted	train	100000	0.16
1789526841	4767	uncounted	train	100000	0.32
1789526842	4767	uncounted	train	100000	0.24
1789526842	4767	uncounted	train	100000	0.20
1789526842	4767	uncounted	train	100000	0.32
1789526843	4767	uncounted	train	100000	0.32
1789526843	4767	uncounted	train	100000	0.31
1789526844	4767	uncounted	train	100000	0.31
1789526844	4767	uncounted	train	100000	0.24
1789526844	4767	uncounted	train	100000	0.20
1789526844	4767	uncounted	train	100000	0.16
1789526845	4767	uncounted	train	100000	0.33
1789526845	4767	uncounted	train	100000	0.25
1789526846	4767	uncounted	train	100000	0.22
1789526846	4767	uncounted	train	100000	0.32
1789526847	4767	uncounted	train	100000	0.32
1789526847	4767	uncounted	train	100000	0.32
1789526848	4767	uncounted	train	100000	0.33
1789526848	4767	uncounted	train	100000	0.26
1789526848	4767	uncounted	train	100000	0.22
1789526849	4767	uncounted	train	100000	0.17
1789526849	4767	uncounted	train	100000	0.31
1789526849	4767	uncounted	train	100000	0.24
1789526850	4767	uncounted	train	100000	0.19
1789526850	4767	uncounted	train	100000	0.31
1789526851	4767	uncounted	train	100000	0.31
1789526851	4767	uncounted	train	100000	0.31
1789526851	4767	uncounted	train	100000	0.31
1789526852	4767	uncounted	train	100000	0.25
1789526852	4767	uncounted	train	100000	0.20
1789526852	4767	uncounted	train	100000	0.16
1789526853	4767	uncounted	train	100000	0.31
1789526853	4767	uncounted	train	100000	0.25
1789526853	4767	uncounted	train	100000	0.20
1789526854	4767	uncounted	train	100000	0.31
1789526854	4767	uncounted	train	100000	0.30
1789526855	4767	uncounted	train	100000	0.30
1789526855	4767	uncounted	train	100000	0.31
1789526855	4767	uncounted	train	100000	0.26
1789526856	4767	uncounted	train	100000	0.20
1789526856	4767	uncounted	train	100000	0.16
1789526857	4767	uncounted	train	100000	0.32
1789526857	4767	uncounted	train	100000	0.24
1789526857	4767	uncounted	train	100000	0.20
1789526858	4767	uncounted	train	100000	0.31
1789526858	4767	uncounted	train	100000	0.32
1789526858	4767	uncounted	train	100000	0.31
1789526859	4767	uncounted	train	100000	0.31
1789526859	4767	uncounted	train	100000	0.25
1789526859	4767	uncounted	train	100000	0.20
1789526860	4767	uncounted	train	100000	0.16
1789526860	4767	uncounted	train	100000	0.31
1789526861	4767	uncounted	train	100000	0.24
1789526861	4767	uncounted	train	100000	0.19
1789526861	4767	uncounted	train	100000	0.31
1789526862	4767	uncounted	train	100000	0.32
1789526862	4767	uncounted	train	100000	0.32
1789526862	4767	uncounted	train	100000	0.31
1789526863	4767	uncounted	train	100000	0.24
1789526863	4767	uncounted	train	100000	0.20
1789526863	4767	uncounted	train	100000	0.16
1789526864	4767	uncounted	train	100000	0.31
1789526864	4767	uncounted	train	100000	0.26
1789526865	4767	uncounted	train	100000	0.21
1789526865	4767	uncounted	train	100000	0.33
1789526865	4767	uncounted	train	100000	0.33
1789526866	4767	uncounted	train	100000	0.31
1789526866	4767	uncounted	train	100000	0.32
1789526867	4767	uncounted	train	100000	0.26
1789526867	4767	uncounted	train	100000	0.21
1789526867	4767	uncounted	train	100000	0.17
1789526868	4767	uncounted	train	100000	0.32
1789526868	4767	uncounted	train	100000	0.26
1789526868	4767	uncounted	train	100000	0.20
1789526869	4767	uncounted	train	100000	0.31
1789526869	4767	uncounted	train	100000	0.31
1789526870	4767	uncounted	train	100000	0.30
1789526870	4767	uncounted	train	100000	0.33
1789526870	4767	uncounted	train	100000	0.25
1789526871	4767	uncounted	train	100000	0.20
1789526871	4767	uncounted	train	100000	0.16
1789526872	4767	uncounted	train	100000	0.34
1789526872	4767	uncounted	train	100000	0.26
1789526872	4767	uncounted	train	100000	0.22
1789526873	4767	uncounted	train	100000	0.33
1789526873	4767	uncounted	train	100000	0.33
1789526874	4767	uncounted	train	100000	0.34
1789526874	4767	uncounted	train	100000	0.34
1789526875	4767	uncounted	train	100000	0.27
1789526875	4767	uncounted	train	100000	0.22
1789526875	4767	uncounted	train	100000	0.18
1789526876	4767	uncounted	train	100000	0.31
1789526876	4767	uncounted	train	100000	0.25
1789526876	4767	uncounted	train	100000	0.20
1789526877	4767	uncounted	train	100000	0.31
1789526877	4767	uncounted	train	100000	0.32
1789526878	4767	uncounted	train	100000	0.32
1789526878	4767	uncounted	train	100000	0.31
1789526878	4767	uncounted	train	100000	0.25
1789526879	4767	uncounted	train	100000	0.20
1789526879	4767	uncounted	train	100000	0.16
1789526880	4767	uncounted	train	100000	0.31
1789526880	4767	uncounted	train	100000	0.25
1789526880	4767	uncounted	train	100000	0.20
1789526881	4767	uncounted	train	100000	0.33
1789526881	4767	uncounted	train	100000	0.32
1789526882	4767	uncounted	train	100000	0.31
1789526882	4767	uncounted	train	100000	0.33
1789526882	4767	uncounted	train	100000	0.26
1789526883	4767	uncounted	train	100000	0.21
1789526883	4767	uncounted	train	100000	0.17
1789526883	4767	uncounted	train	100000	0.33
1789526884	4767	uncounted	train	100000	0.25
1789526884	4767	uncounted	train	100000	0.21
1789526885	4767	uncounted	train	100000	0.32
1789526885	4767	uncounted	train	100000	0.32
1789526885	4767	uncounted	train	100000	0.31
1789526886	4767	uncounted	train	100000	0.32
1789526886	4767	uncounted	train	100000	0.27
1789526887	4767	uncounted	train	100000	0.21
1789526887	4767	uncounted	train	100000	0.16
1789527100	4972	counted	train	100000	4.89
1789527100	4972	counted	train	100000	0.39
1789527100	4972	counted	train	100000	0.32
1789527101	4972	counted	train	100000	0.35
1789527101	4972	counted	train	100000	0.31
1789527102	4972	counted	train	100000	0.31
1789527102	4972	counted	train	100000	0.32
1789527102	4972	counted	train	100000	0.23
1789527102	4972	counted	train	100000	0.25
1789527103	4972	counted	train	100000	0.23
1789527103	4972	counted	train	100000	0.28
1789527103	4972	counted	train	100000	0.25
1789527104	4972	counted	train	100000	0.25
1789527104	4972	counted	train	100000	0.25
1789527104	4972	counted	train	100000	0.19
1789527104	4972	counted	train	100000	0.21
1789527105	4972	counted	train	100000	0.20
1789527105	4972	counted	train	100000	0.23
1789527105	4972	counted	train	100000	0.20
1789527106	4972	counted	train	100000	0.20
1789527106	4972	counted	train	100000	0.21
1789527106	4972	counted	train	100000	0.30
1789527106	4972	counted	train	100000	0.32
1789527107	4972	counted	train	100000	0.30
1789527107	4972	counted	train	100000	0.32
1789527108	4972	counted	train	100000	0.33
1789527108	4972	counted	train	100000	0.30
1789527108	4972	counted	train	100000	0.31
1789527109	4972	counted	train	100000	0.30
1789527109	4972	counted	train	100000	0.33
1789527109	4972	counted	train	100000	0.31
1789527110	4972	counted	train	100000	0.33
1789527110	4972	counted	train	100000	0.31
1789527110	4972	counted	train	100000	0.30
1789527111	4972	counted	train	100000	0.31
1789527111	4972	counted	train	100000	0.31
1789527112	4972	counted	train	100000	0.32
1789527112	4972	counted	train	100000	0.30
1789527112	4972	counted	train	100000	0.33
1789527113	4972	counted	train	100000	0.30
1789527113	4972	counted	train	100000	0.31
1789527113	4972	counted	train	100000	0.32
1789527114	4972	counted	train	100000	0.31
1789527114	4972	counted	train	100000	0.33
1789527114	4972	counted	train	100000	0.31
1789527115	4972	counted	train	100000	0.32
1789527115	4972	counted	train	100000	0.33
1789527116	4972	counted	train	100000	0.31
1789527116	4972	counted	train	100000	0.34
1789527116	4972	counted	train	100000	0.26
1789527117	4972	counted	train	100000	0.27
1789527117	4972	counted	train	100000	0.25
1789527117	4972	counted	train	100000	0.26
1789527117	4972	counted	train	100000	0.25
1789527118	4972	counted	train	100000	0.25
1789527118	4972	counted	train	100000	0.25
1789527118	4972	counted	train	100000	0.20
1789527119	4972	counted	train	100000	0.21
1789527119	4972	counted	train	100000	0.22
1789527119	4972	counted	train	100000	0.22
1789527119	4972	counted	train	100000	0.22
1789527120	4972	counted	train	100000	0.21
1789527120	4972	counted	train	100000	0.22
1789527120	4972	counted	train	100000	0.16
1789527120	4972	counted	train	100000	0.17
1789527121	4972	counted	train	100000	0.18
1789527121	4972	counted	train	100000	0.17
1789527121	4972	counted	train	100000	0.16
1789527121	4972	counted	train	100000	0.16
1789527121	4972	counted	train	100000	0.16
1789527145	5008	uncounted	train	100000	0.32
1789527146	5008	uncounted	train	100000	0.22
1789527146	5008	uncounted	train	100000	0.19
1789527146	5008	uncounted	train	100000	0.30
1789527147	5008	uncounted	train	100000	0.30
1789527147	5008	uncounted	train	100000	0.31
1789527148	5008	uncounted	train	100000	0.30
1789527148	5008	uncounted	train	100000	0.23
1789527148	5008	uncounted	train	100000	0.20
1789527148	5008	uncounted	train	100000	0.16
1789527149	5008	uncounted	train	100000	0.32
1789527149	5008	uncounted	train	100000	0.25
1789527150	5008	uncounted	train	100000	0.22
1789527150	5008	uncounted	train	100000	0.33
1789527151	5008	uncounted	train	100000	0.33
1789527151	5008	uncounted	train	100000	0.32
1789527151	5008	uncounted	train	100000	0.32
1789527152	5008	uncounted	train	100000	0.25
1789527152	5008	uncounted	train	100000	0.22
1789527152	5008	uncounted	train	100000	0.17
1789527153	5008	uncounted	train	100000	0.31
1789527153	5008	uncounted	train	100000	0.24
1789527154	5008	uncounted	train	100000	0.21
1789527154	5008	uncounted	train	100000	0.31
1789527154	5008	uncounted	train	100000	0.31
1789527155	5008	uncounted	train	100000	0.32
1789527155	5008	uncounted	train	100000	0.31
1789527156	5008	uncounted	train	100000	0.25
1789527156	5008	uncounted	train	100000	0.21
1789527156	5008	uncounted	train	100000	0.17
1789527157	5008	uncounted	train	100000	0.35
1789527157	5008	uncounted	train	100000	0.28
1789527158	5008	uncounted	train	100000	0.23
1789527158	5008	uncounted	train	100000	0.35
1789527159	5008	uncounted	train	100000	0.35
1789527159	5008	uncounted	train	100000	0.33
1789527159	5008	uncounted	train	100000	0.34
1789527160	5008	uncounted	train	100000	0.27
1789527160	5008	uncounted	train	100000	0.22
1789527160	5008	uncounted	train	100000	0.18
1789527161	5008	uncounted	train	100000	0.32
1789527161	5008	uncounted	train	100000	0.25
1789527162	5008	uncounted	train	100000	0.20
1789527162	5008	uncounted	train	100000	0.32
1789527163	5008	uncounted	train	100000	0.32
1789527163	5008	uncounted	train	100000	0.31
1789527163	5008	uncounted	train	100000	0.32
1789527164	5008	uncounted	train	100000	0.28
1789527164	5008	uncounted	train	100000	0.21
1789527164	5008	uncounted	train	100000	0.17
1789527165	5008	uncounted	train	100000	0.32
1789527165	5008	uncounted	train	100000	0.26
1789527166	5008	uncounted	train	100000	0.21
1789527166	5008	uncounted	train	100000	0.31
1789527166	5008	uncounted	train	100000	0.31
1789527167	5008	uncounted	train	100000	0.31
1789527167	5008	uncounted	train	100000	0.31
1789527168	5008	uncounted	train	100000	0.28
1789527168	5008	uncounted	train	100000	0.21
1789527168	5008	uncounted	train	100000	0.16
1789527169	5008	uncounted	train	100000	0.33
1789527169	5008	uncounted	train	100000	0.26
1789527170	5008	uncounted	train	100000	0.21
1789527170	5008	uncounted	train	100000	0.33
1789527171	5008	uncounted	train	100000	0.32
1789527171	5008	uncounted	train	100000	0.33
1789527171	5008	uncounted	train	100000	0.32
1789527172	5008	uncounted	train	100000	0.27
1789527172	5008	uncounted	train	100000	0.22
1789527172	5008	uncounted	train	100000	0.17
1789527173	5008	uncounted	train	100000	0.31
1789527173	5008	uncounted	train	100000	0.23
1789527174	5008	uncounted	train	100000	0.19
1789527174	5008	uncounted	train	100000	0.31
1789527174	5008	uncounted	train	100000	0.30
1789527175	5008	uncounted	train	100000	0.31
1789527175	5008	uncounted	train	100000	0.32
1789527175	5008	uncounted	train	100000	0.25
1789527176	5008	uncounted	train	100000	0.20
1789527176	5008	uncounted	train	100000	0.16
1789527177	5008	uncounted	train	100000	0.32
1789527177	5008	uncounted	train	100000	0.26
1789527177	5008	uncounted	train	100000	0.23
1789527178	5008	uncounted	train	100000	0.34
1789527178	5008	uncounted	train	100000	0.32
1789527179	5008	uncounted	train	100000	0.33
1789527179	5008	uncounted	train	100000	0.32
1789527179	5008	uncounted	train	100000	0.27
1789527180	5008	uncounted	train	100000	0.23
1789527180	5008	uncounted	train	100000	0.17
1789527181	5008	uncounted	train	100000	0.34
1789527181	5008	uncounted	train	100000	0.26
1789527181	5008	uncounted	train	100000	0.21
1789527182	5008	uncounted	train	100000	0.32
1789527182	5008	uncounted	train	100000	0.32
1789527183	5008	uncounted	train	100000	0.32
1789527183	5008	uncounted	train	100000	0.31
1789527183	5008	uncounted	train	100000	0.26
1789527184	5008	uncounted	train	100000	0.22
1789527184	5008	uncounted	train	100000	0.17
1789527185	5008	uncounted	train	100000	0.38
1789527185	5008	uncounted	train	100000	0.30
1789527185	5008	uncounted	train	100000	0.25
1789527186	5008	uncounted	train	100000	0.39
1789527186	5008	uncounted	train	100000	0.37
1789527187	5008	uncounted	train	100000	0.35
1789527187	5008	uncounted	train	100000	0.36
1789527188	5008	uncounted	train	100000	0.29
1789527188	5008	uncounted	train	100000	0.24
1789527189	5008	uncounted	train	100000	0.19
1789527189	5008	uncounted	train	100000	0.33
1789527190	5008	uncounted	train	100000	0.26
1789527190	5008	uncounted	train	100000	0.20
1789527190	5008	uncounted	train	100000	0.33
1789527191	5008	uncounted	train	100000	0.32
1789527191	5008	uncounted	train	100000	0.33
1789527192	5008	uncounted	train	100000	0.65
1789527192	5008	uncounted	train	100000	0.29
1789527193	5008	uncounted	train	100000	0.23
1789527193	5008	uncounted	train	100000	0.18
1789527194	5008	uncounted	train	100000	0.33
1789527194	5008	uncounted	train	100000	0.26
1789527194	5008	uncounted	train	100000	0.21
1789527195	5008	uncounted	train	100000	0.33
1789527195	5008	uncounted	train	100000	0.32
1789527196	5008	uncounted	train	100000	0.33
1789527196	5008	uncounted	train	100000	0.34
1789527196	5008	uncounted	train	100000	0.28
1789527197	5008	uncounted	train	100000	0.23
1789527197	5008	uncounted	train	100000	0.18
1789527198	5008	uncounted	train	100000	0.36
1789527198	5008	uncounted	train	100000	0.27
1789527198	5008	uncounted	train	100000	0.22
1789527199	5008	uncounted	train	100000	0.33
1789527199	5008	uncounted	train	100000	0.32
1789527200	5008	uncounted	train	100000	0.33
1789527200	5008	uncounted	train	100000	0.32
1789527201	5008	uncounted	train	100000	0.28
1789527201	5008	uncounted	train	100000	0.23
1789527201	5008	uncounted	train	100000	0.17
1789527202	5008	uncounted	train	100000	0.32
1789527202	5008	uncounted	train	100000	0.25
1789527202	5008	uncounted	train	100000	0.20
1789527203	5008	uncounted	train	100000	0.33
1789527203	5008	uncounted	train	100000	0.33
1789527204	5008	uncounted	train	100000	0.32
1789527204	5008	uncounted	train	100000	0.32
1789527205	5008	uncounted	train	100000	0.28
1789527205	5008	uncounted	train	100000	0.22
1789527205	5008	uncounted	train	100000	0.17
1789527206	5008	uncounted	train	100000	0.32
1789527206	5008	uncounted	train	100000	0.24
1789527206	5008	uncounted	train	100000	0.19
1789527207	5008	uncounted	train	100000	0.31
1789527207	5008	uncounted	train	100000	0.31
1789527207	5008	uncounted	train	100000	0.32
1789527208	5008	uncounted	train	100000	0.32
1789527208	5008	uncounted	train	100000	0.26
1789527209	5008	uncounted	train	100000	0.21
1789527209	5008	uncounted	train	100000	0.16
1789527209	5008	uncounted	train	100000	0.32
1789527210	5008	uncounted	train	100000	0.25
1789527210	5008	uncounted	train	100000	0.22
1789527210	5008	uncounted	train	100000	0.33
1789527211	5008	uncounted	train	100000	0.34
1789527211	5008	uncounted	train	100000	0.34
1789527212	5008	uncounted	train	100000	0.34
1789527212	5008	uncounted	train	100000	0.27
1789527213	5008	uncounted	train	100000	0.23
1789527213	5008	uncounted	train	100000	0.17
1789527213	5008	uncounted	train	100000	0.31
1789527214	5008	uncounted	train	100000	0.25
1789527214	5008	uncounted	train	100000	0.21
1789527214	5008	uncounted	train	100000	0.32
1789527215	5008	uncounted	train	100000	0.33
1789527215	5008	uncounted	train	100000	0.32
1789527216	5008	uncounted	train	100000	0.31
1789527216	5008	uncounted	train	100000	0.26
1789527216	5008	uncounted	train	100000	0.22
1789527217	5008	uncounted	train	100000	0.17
1789527217	5008	uncounted	train	100000	0.35
1789527218	5008	uncounted	train	100000	0.28
1789527218	5008	uncounted	train	100000	0.22
1789527218	5008	uncounted	train	100000	0.33
1789527219	5008	uncounted	train	100000	0.35
1789527219	5008	uncounted	train	100000	0.34
1789527220	5008	uncounted	train	100000	0.35
1789527220	5008	uncounted	train	100000	0.29
1789527221	5008	uncounted	train	100000	0.23
1789527221	5008	uncounted	train	100000	0.19
1789527222	5008	uncounted	train	100000	0.34
1789527222	5008	uncounted	train	100000	0.27
1789527222	5008	uncounted	train	100000	0.22
1789527223	5008	uncounted	train	100000	0.35
1789527223	5008	uncounted	train	100000	0.33
1789527224	5008	uncounted	train	100000	0.33
1789527224	5008	uncounted	train	100000	0.34
1789527225	5008	uncounted	train	100000	0.27
1789527225	5008	uncounted	train	100000	0.21
1789527225	5008	uncounted	train	100000	0.17
1789527226	5008	uncounted	train	100000	0.31
1789527226	5008	uncounted	train	100000	0.26
1789527226	5008	uncounted	train	100000	0.21
1789527227	5008	uncounted	train	100000	0.34
1789527227	5008	uncounted	train	100000	0.31
1789527228	5008	uncounted	train	100000	0.32
1789527228	5008	uncounted	train	100000	0.32
1789527228	5008	uncounted	train	100000	0.27
1789527229	5008	uncounted	train	100000	0.21
1789527229	5008	uncounted	train	100000	0.17
1789527230	5008	uncounted	train	100000	0.33
1789527230	5008	uncounted	train	100000	0.25
1789527230	5008	uncounted	train	100000	0.21
1789527231	5008	uncounted	train	100000	0.32
1789527231	5008	uncounted	train	100000	0.32
1789527232	5008	uncounted	train	100000	0.32
1789527232	5008	uncounted	train	100000	0.34
1789527232	5008	uncounted	train	100000	0.28
1789527233	5008	uncounted	train	100000	0.22
1789527233	5008	uncounted	train	100000	0.17
1789527234	5008	uncounted	train	100000	0.31
1789527234	5008	uncounted	train	100000	0.25
1789527234	5008	uncounted	train	100000	0.21
1789527235	5008	uncounted	train	100000	0.33
1789527235	5008	uncounted	train	100000	0.33
1789527236	5008	uncounted	train	100000	0.32
1789527236	5008	uncounted	train	100000	0.32
1789527236	5008	uncounted	train	100000	0.26
1789527237	5008	uncounted	train	100000	0.21
1789527237	5008	uncounted	train	100000	0.17
1789527237	5008	uncounted	train	100000	0.30
1789527238	5008	uncounted	train	100000	0.24
1789527238	5008	uncounted	train	100000	0.20
1789527238	5008	uncounted	train	100000	0.32
1789527239	5008	uncounted	train	100000	0.32
1789527239	5008	uncounted	train	100000	0.30
1789527240	5008	uncounted	train	100000	0.32
1789527240	5008	uncounted	train	100000	0.26
1789527240	5008	uncounted	train	100000	0.20
1789527241	5008	uncounted	train	100000	0.17
1789527241	5008	uncounted	train	100000	0.32
1789527241	5008	uncounted	train	100000	0.25
1789527242	5008	uncounted	train	100000	0.21
1789527242	5008	uncounted	train	100000	0.33
1789527243	5008	uncounted	train	100000	0.33
1789527243	5008	uncounted	train	100000	0.35
1789527244	5008	uncounted	train	100000	0.33
1789527244	5008	uncounted	train	100000	0.26
1789527244	5008	uncounted	train	100000	0.22
1789527245	5008	uncounted	train	100000	0.16
1789527245	5008	uncounted	train	100000	0.31
1789527245	5008	uncounted	train	100000	0.24
1789527246	5008	uncounted	train	100000	0.21
1789527246	5008	uncounted	train	100000	0.31
1789527247	5008	uncounted	train	100000	0.31
1789527247	5008	uncounted	train	100000	0.31
1789527247	5008	uncounted	train	100000	0.32
1789527248	5008	uncounted	train	100000	0.25
1789527248	5008	uncounted	train	100000	0.22
1789527248	5008	uncounted	train	100000	0.17
1789527249	5008	uncounted	train	100000	0.33
1789527249	5008	uncounted	train	100000	0.27
1789527250	5008	uncounted	train	100000	0.22
1789527250	5008	uncounted	train	100000	0.33
1789527250	5008	uncounted	train	100000	0.33
1789527251	5008	uncounted	train	100000	0.34
1789527251	5008	uncounted	train	100000	0.33
1789527252	5008	uncounted	train	100000	0.28
1789527252	5008	uncounted	train	100000	0.22
1789527252	5008	uncounted	train	100000	0.17
1789527253	5008	uncounted	train	100000	0.32
1789527253	5008	uncounted	train	100000	0.26
1789527254	5008	uncounted	train	100000	0.21
1789527254	5008	uncounted	train	100000	0.32
1789527255	5008	uncounted	train	100000	0.32
1789527255	5008	uncounted	train	100000	0.32
1789527255	5008	uncounted	train	100000	0.32
1789527256	5008	uncounted	train	100000	0.26
1789527256	5008	uncounted	train	100000	0.20
1789527256	5008	uncounted	train	100000	0.17
1789527257	5008	uncounted	train	100000	0.32
1789527257	5008	uncounted	train	100000	0.25
1789527257	5008	uncounted	train	100000	0.20
1789527258	5008	uncounted	train	100000	0.31
1789527258	5008	uncounted	train	100000	0.31
1789527259	5008	uncounted	train	100000	0.31
1789527259	5008	uncounted	train	100000	0.31
1789527260	5008	uncounted	train	100000	0.26
1789527260	5008	uncounted	train	100000	0.20
1789527260	5008	uncounted	train	100000	0.16
1789527261	5008	uncounted	train	100000	0.32
1789527261	5008	uncounted	train	100000	0.26
1789527261	5008	uncounted	train	100000	0.22
1789527262	5008	uncounted	train	100000	0.33
1789527262	5008	uncounted	train	100000	0.32
1789527263	5008	uncounted	train	100000	0.34
1789527263	5008	uncounted	train	100000	0.33
1789527264	5008	uncounted	train	100000	0.27
1789527264	5008	uncounted	train	100000	0.21
1789527264	5008	uncounted	train	100000	0.17
1789527265	5008	uncounted	train	100000	0.33
1789527265	5008	uncounted	train	100000	0.27
1789527266	5008	uncounted	train	100000	0.22
1789527266	5008	uncounted	train	100000	0.36
1789527267	5008	uncounted	train	100000	0.35
1789527267	5008	uncounted	train	100000	0.35
1789527268	5008	uncounted	train	100000	0.35
1789527268	5008	uncounted	train	100000	0.28
1789527268	5008	uncounted	train	100000	0.22
1789527269	5008	uncounted	train	100000	0.17
1789527467	5265	counted	train	100000	0.31
1789527467	5265	counted	train	100000	0.32
1789527468	5265	counted	train	100000	0.32
1789527468	5265	counted	train	100000	0.35
1789527468	5265	counted	train	100000	0.33
1789527469	5265	counted	train	100000	0.32
1789527469	5265	counted	train	100000	0.34
1789527470	5265	counted	train	100000	0.33
1789527470	5265	counted	train	100000	0.23
1789527470	5265	counted	train	100000	0.25
1789527470	5265	counted	train	100000	0.24
1789527471	5265	counted	train	100000	0.27
1789527471	5265	counted	train	100000	0.26
1789527471	5265	counted	train	100000	0.27
1789527472	5265	counted	train	100000	0.26
1789527472	5265	counted	train	100000	0.26
1789527472	5265	counted	train	100000	0.20
1789527472	5265	counted	train	100000	0.21
1789527473	5265	counted	train	100000	0.21
1789527473	5265	counted	train	100000	0.22
1789527473	5265	counted	train	100000	0.21
1789527474	5265	counted	train	100000	0.20
1789527474	5265	counted	train	100000	0.21
1789527474	5265	counted	train	100000	0.21
1789527474	5265	counted	train	100000	0.31
1789527475	5265	counted	train	100000	0.32
1789527475	5265	counted	train	100000	0.32
1789527476	5265	counted	train	100000	0.35
1789527476	5265	counted	train	100000	0.32
1789527476	5265	counted	train	100000	0.32
1789527477	5265	counted	train	100000	0.32
1789527477	5265	counted	train	100000	0.34
1789527477	5265	counted	train	100000	0.31
1789527478	5265	counted	train	100000	0.33
1789527478	5265	counted	train	100000	0.32
1789527479	5265	counted	train	100000	0.34
1789527479	5265	counted	train	100000	0.32
1789527479	5265	counted	train	100000	0.31
1789527480	5265	counted	train	100000	0.34
1789527480	5265	counted	train	100000	0.34
1789527480	5265	counted	train	100000	0.33
1789527481	5265	counted	train	100000	0.35
1789527481	5265	counted	train	100000	0.32
1789527482	5265	counted	train	100000	0.35
1789527482	5265	counted	train	100000	0.33
1789527482	5265	counted	train	100000	0.32
1789527483	5265	counted	train	100000	0.34
1789527483	5265	counted	train	100000	0.34
1789527483	5265	counted	train	100000	0.31
1789527484	5265	counted	train	100000	0.32
1789527484	5265	counted	train	100000	0.31
1789527485	5265	counted	train	100000	0.32
1789527485	5265	counted	train	100000	0.33
1789527485	5265	counted	train	100000	0.33
1789527486	5265	counted	train	100000	0.32
1789527486	5265	counted	train	100000	0.33
1789527486	5265	counted	train	100000	0.26
1789527487	5265	counted	train	100000	0.26
1789527487	5265	counted	train	100000	0.26
1789527487	5265	counted	train	100000	0.27
1789527488	5265	counted	train	100000	0.26
1789527488	5265	counted	train	100000	0.26
1789527488	5265	counted	train	100000	0.26
1789527489	5265	counted	train	100000	0.27
1789527489	5265	counted	train	100000	0.22
1789527489	5265	counted	train	100000	0.23
1789527489	5265	counted	train	100000	0.21
1789527490	5265	counted	train	100000	0.23
1789527490	5265	counted	train	100000	0.21
1789527490	5265	counted	train	100000	0.22
1789527490	5265	counted	train	100000	0.22
1789527491	5265	counted	train	100000	0.23
1789527491	5265	counted	train	100000	0.17
1789527491	5265	counted	train	100000	0.18
1789527491	5265	counted	train	100000	0.17
1789527492	5265	counted	train	100000	0.20
1789527492	5265	counted	train	100000	0.19
1789527492	5265	counted	train	100000	0.17
1789527492	5265	counted	train	100000	0.18
1789527493	5265	counted	train	100000	0.18
1789527520	5301	uncounted	train	100000	0.29
1789527520	5301	uncounted	train	100000	0.24
1789527520	5301	uncounted	train	100000	0.19
1789527521	5301	uncounted	train	100000	0.30
1789527521	5301	uncounted	train	100000	0.30
1789527521	5301	uncounted	train	100000	0.30
1789527522	5301	uncounted	train	100000	0.31
1789527522	5301	uncounted	train	100000	0.24
1789527522	5301	uncounted	train	100000	0.21
1789527523	5301	uncounted	train	100000	0.16
1789527523	5301	uncounted	train	100000	0.30
1789527524	5301	uncounted	train	100000	0.23
1789527524	5301	uncounted	train	100000	0.20
1789527524	5301	uncounted	train	100000	0.31
1789527525	5301	uncounted	train	100000	0.32
1789527525	5301	uncounted	train	100000	0.32
1789527526	5301	uncounted	train	100000	0.32
1789527526	5301	uncounted	train	100000	0.27
1789527526	5301	uncounted	train	100000	0.22
1789527527	5301	uncounted	train	100000	0.16
1789527527	5301	uncounted	train	100000	0.31
1789527527	5301	uncounted	train	100000	0.23
1789527528	5301	uncounted	train	100000	0.19
1789527528	5301	uncounted	train	100000	0.30
1789527529	5301	uncounted	train	100000	0.30
1789527529	5301	uncounted	train	100000	0.30
1789527529	5301	uncounted	train	100000	0.31
1789527530	5301	uncounted	train	100000	0.25
1789527530	5301	uncounted	train	100000	0.21
1789527530	5301	uncounted	train	100000	0.16
1789527531	5301	uncounted	train	100000	0.33
1789527531	5301	uncounted	train	100000	0.25
1789527532	5301	uncounted	train	100000	0.21
1789527532	5301	uncounted	train	100000	0.32
1789527532	5301	uncounted	train	100000	0.34
1789527533	5301	uncounted	train	100000	0.33
1789527533	5301	uncounted	train	100000	0.32
1789527534	5301	uncounted	train	100000	0.27
1789527534	5301	uncounted	train	100000	0.21
1789527534	5301	uncounted	train	100000	0.17
1789527535	5301	uncounted	train	100000	0.32
1789527535	5301	uncounted	train	100000	0.25
1789527536	5301	uncounted	train	100000	0.20
1789527536	5301	uncounted	train	100000	0.32
1789527536	5301	uncounted	train	100000	0.31
1789527537	5301	uncounted	train	100000	0.31
1789527537	5301	uncounted	train	100000	0.29
1789527538	5301	uncounted	train	100000	0.24
1789527538	5301	uncounted	train	100000	0.19
1789527538	5301	uncounted	train	100000	0.15
1789527539	5301	uncounted	train	100000	0.29
1789527539	5301	uncounted	train	100000	0.21
1789527539	5301	uncounted	train	100000	0.18
1789527540	5301	uncounted	train	100000	0.27
1789527540	5301	uncounted	train	100000	0.28
1789527540	5301	uncounted	train	100000	0.28
1789527541	5301	uncounted	train	100000	0.28
1789527541	5301	uncounted	train	100000	0.23
1789527541	5301	uncounted	train	100000	0.20
1789527542	5301	uncounted	train	100000	0.16
1789527542	5301	uncounted	train	100000	0.32
1789527543	5301	uncounted	train	100000	0.25
1789527543	5301	uncounted	train	100000	0.20
1789527543	5301	uncounted	train	100000	0.31
1789527544	5301	uncounted	train	100000	0.32
1789527544	5301	uncounted	train	100000	0.32
1789527545	5301	uncounted	train	100000	0.31
1789527545	5301	uncounted	train	100000	0.26
1789527545	5301	uncounted	train	100000	0.21
1789527546	5301	uncounted	train	100000	0.17
1789527547	5301	uncounted	train	100000	0.33
1789527547	5301	uncounted	train	100000	0.27
1789527547	5301	uncounted	train	100000	0.21
1789527548	5301	uncounted	train	100000	0.35
1789527548	5301	uncounted	train	100000	0.35
1789527549	5301	uncounted	train	100000	0.33
1789527549	5301	uncounted	train	100000	0.35
1789527550	5301	uncounted	train	100000	0.27
1789527550	5301	uncounted	train	100000	0.22
1789527550	5301	uncounted	train	100000	0.18
1789527551	5301	uncounted	train	100000	0.33
1789527551	5301	uncounted	train	100000	0.24
1789527551	5301	uncounted	train	100000	0.20
1789527552	5301	uncounted	train	100000	0.31
1789527552	5301	uncounted	train	100000	0.32
1789527553	5301	uncounted	train	100000	0.32
1789527553	5301	uncounted	train	100000	0.32
1789527553	5301	uncounted	train	100000	0.25
1789527554	5301	uncounted	train	100000	0.20
1789527554	5301	uncounted	train	100000	0.16
1789527554	5301	uncounted	train	100000	0.32
1789527555	5301	uncounted	train	100000	0.25
1789527555	5301	uncounted	train	100000	0.20
1789527556	5301	uncounted	train	100000	0.33
1789527556	5301	uncounted	train	100000	0.32
1789527556	5301	uncounted	train	100000	0.34
1789527557	5301	uncounted	train	100000	0.33
1789527557	5301	uncounted	train	100000	0.26
1789527558	5301	uncounted	train	100000	0.23
1789527558	5301	uncounted	train	100000	0.17
1789527558	5301	uncounted	train	100000	0.34
1789527559	5301	uncounted	train	100000	0.25
1789527559	5301	uncounted	train	100000	0.20
1789527560	5301	uncounted	train	100000	0.32
1789527560	5301	uncounted	train	100000	0.32
1789527560	5301	uncounted	train	100000	0.31
1789527561	5301	uncounted	train	100000	0.60
1789527562	5301	uncounted	train	100000	0.25
1789527562	5301	uncounted	train	100000	0.20
1789527562	5301	uncounted	train	100000	0.16
1789527563	5301	uncounted	train	100000	0.32
1789527563	5301	uncounted	train	100000	0.26
1789527563	5301	uncounted	train	100000	0.22
1789527564	5301	uncounted	train	100000	0.34
1789527564	5301	uncounted	train	100000	0.34
1789527565	5301	uncounted	train	100000	0.32
1789527565	5301	uncounted	train	100000	0.32
1789527566	5301	uncounted	train	100000	0.25
1789527566	5301	uncounted	train	100000	0.21
1789527566	5301	uncounted	train	100000	0.17
1789527567	5301	uncounted	train	100000	0.30
1789527567	5301	uncounted	train	100000	0.24
1789527567	5301	uncounted	train	100000	0.20
1789527568	5301	uncounted	train	100000	0.30
1789527568	5301	uncounted	train	100000	0.31
1789527569	5301	uncounted	train	100000	0.32
1789527569	5301	uncounted	train	100000	0.33
1789527569	5301	uncounted	train	100000	0.25
1789527570	5301	uncounted	train	100000	0.21
1789527570	5301	uncounted	train	100000	0.16
1789527570	5301	uncounted	train	100000	0.30
1789527571	5301	uncounted	train	100000	0.23
1789527571	5301	uncounted	train	100000	0.20
1789527571	5301	uncounted	train	100000	0.30
1789527572	5301	uncounted	train	100000	0.29
1789527572	5301	uncounted	train	100000	0.32
1789527573	5301	uncounted	train	100000	0.30
1789527573	5301	uncounted	train	100000	0.24
1789527573	5301	uncounted	train	100000	0.20
1789527574	5301	uncounted	train	100000	0.16
1789527574	5301	uncounted	train	100000	0.32
1789527575	5301	uncounted	train	100000	0.24
1789527575	5301	uncounted	train	100000	0.20
1789527575	5301	uncounted	train	100000	0.31
1789527576	5301	uncounted	train	100000	0.32
1789527576	5301	uncounted	train	100000	0.32
1789527577	5301	uncounted	train	100000	0.31
1789527577	5301	uncounted	train	100000	0.29
1789527577	5301	uncounted	train	100000	0.22
1789527578	5301	uncounted	train	100000	0.17
1789527578	5301	uncounted	train	100000	0.32
1789527579	5301	uncounted	train	100000	0.26
1789527579	5301	uncounted	train	100000	0.21
1789527579	5301	uncounted	train	100000	0.34
1789527580	5301	uncounted	train	100000	0.35
1789527580	5301	uncounted	train	100000	0.32
1789527581	5301	uncounted	train	100000	0.34
1789527581	5301	uncounted	train	100000	0.27
1789527582	5301	uncounted	train	100000	0.23
1789527582	5301	uncounted	train	100000	0.17
1789527582	5301	uncounted	train	100000	0.29
1789527583	5301	uncounted	train	100000	0.22
1789527583	5301	uncounted	train	100000	0.19
1789527583	5301	uncounted	train	100000	0.30
1789527584	5301	uncounted	train	100000	0.31
1789527584	5301	uncounted	train	100000	0.30
1789527585	5301	uncounted	train	100000	0.30
1789527585	5301	uncounted	train	100000	0.23
1789527585	5301	uncounted	train	100000	0.19
1789527585	5301	uncounted	train	100000	0.15
1789527586	5301	uncounted	train	100000	0.31
1789527586	5301	uncounted	train	100000	0.24
1789527587	5301	uncounted	train	100000	0.20
1789527587	5301	uncounted	train	100000	0.31
1789527587	5301	uncounted	train	100000	0.32
1789527588	5301	uncounted	train	100000	0.33
1789527588	5301	uncounted	train	100000	0.31
1789527589	5301	uncounted	train	100000	0.25
1789527589	5301	uncounted	train	100000	0.20
1789527589	5301	uncounted	train	100000	0.16
1789527590	5301	uncounted	train	100000	0.32
1789527590	5301	uncounted	train	100000	0.26
1789527590	5301	uncounted	train	100000	0.21
1789527591	5301	uncounted	train	100000	0.34
1789527591	5301	uncounted	train	100000	0.33
1789527592	5301	uncounted	train	100000	0.33
1789527592	5301	uncounted	train	100000	0.33
1789527593	5301	uncounted	train	100000	0.27
1789527593	5301	uncounted	train	100000	0.22
1789527593	5301	uncounted	train	100000	0.17
1789527594	5301	uncounted	train	100000	0.32
1789527594	5301	uncounted	train	100000	0.27
1789527594	5301	uncounted	train	100000	0.21
1789527595	5301	uncounted	train	100000	0.32
1789527595	5301	uncounted	train	100000	0.33
1789527596	5301	uncounted	train	100000	0.31
1789527596	5301	uncounted	train	100000	0.31
1789527596	5301	uncounted	train	100000	0.27
1789527597	5301	uncounted	train	100000	0.21
1789527597	5301	uncounted	train	100000	0.17
1789527598	5301	uncounted	train	100000	0.33
1789527598	5301	uncounted	train	100000	0.27
1789527598	5301	uncounted	train	100000	0.22
1789527599	5301	uncounted	train	100000	0.34
1789527599	5301	uncounted	train	100000	0.35
1789527600	5301	uncounted	train	100000	0.34
1789527600	5301	uncounted	train	100000	0.34
1789527601	5301	uncounted	train	100000	0.29
1789527601	5301	uncounted	train	100000	0.23
1789527601	5301	uncounted	train	100000	0.18
1789527602	5301	uncounted	train	100000	0.33
1789527602	5301	uncounted	train	100000	0.27
1789527603	5301	uncounted	train	100000	0.22
1789527603	5301	uncounted	train	100000	0.33
1789527603	5301	uncounted	train	100000	0.31
1789527604	5301	uncounted	train	100000	0.31
1789527604	5301	uncounted	train	100000	0.31
1789527605	5301	uncounted	train	100000	0.25
1789527605	5301	uncounted	train	100000	0.20
1789527605	5301	uncounted	train	100000	0.17
1789527606	5301	uncounted	train	100000	0.33
1789527606	5301	uncounted	train	100000	0.27
1789527606	5301	uncounted	train	100000	0.21
1789527607	5301	uncounted	train	100000	0.33
1789527607	5301	uncounted	train	100000	0.31
1789527608	5301	uncounted	train	100000	0.31
1789527608	5301	uncounted	train	100000	0.31
1789527608	5301	uncounted	train	100000	0.26
1789527609	5301	uncounted	train	100000	0.21
1789527609	5301	uncounted	train	100000	0.16
1789527610	5301	uncounted	train	100000	0.33
1789527610	5301	uncounted	train	100000	0.25
1789527610	5301	uncounted	train	100000	0.20
1789527611	5301	uncounted	train	100000	0.33
1789527611	5301	uncounted	train	100000	0.32
1789527612	5301	uncounted	train	100000	0.33
1789527612	5301	uncounted	train	100000	0.32
1789527613	5301	uncounted	train	100000	0.27
1789527613	5301	uncounted	train	100000	0.22
1789527613	5301	uncounted	train	100000	0.18
1789527614	5301	uncounted	train	100000	0.34
1789527614	5301	uncounted	train	100000	0.29
1789527615	5301	uncounted	train	100000	0.21
1789527615	5301	uncounted	train	100000	0.34
1789527616	5301	uncounted	train	100000	0.32
1789527616	5301	uncounted	train	100000	0.34
1789527617	5301	uncounted	train	100000	0.33
1789527617	5301	uncounted	train	100000	0.28
1789527617	5301	uncounted	train	100000	0.23
1789527618	5301	uncounted	train	100000	0.18
1789527618	5301	uncounted	train	100000	0.34
1789527619	5301	uncounted	train	100000	0.26
1789527619	5301	uncounted	train	100000	0.20
1789527619	5301	uncounted	train	100000	0.32
1789527620	5301	uncounted	train	100000	0.32
1789527620	5301	uncounted	train	100000	0.31
1789527621	5301	uncounted	train	100000	0.35
1789527621	5301	uncounted	train	100000	0.27
1789527621	5301	uncounted	train	100000	0.21
1789527622	5301	uncounted	train	100000	0.17
1789527622	5301	uncounted	train	100000	0.31
1789527622	5301	uncounted	train	100000	0.25
1789527623	5301	uncounted	train	100000	0.22
1789527623	5301	uncounted	train	100000	0.32
1789527624	5301	uncounted	train	100000	0.31
1789527624	5301	uncounted	train	100000	0.30
1789527624	5301	uncounted	train	100000	0.32
1789527625	5301	uncounted	train	100000	0.26
1789527625	5301	uncounted	train	100000	0.22
1789527625	5301	uncounted	train	100000	0.17
1789527626	5301	uncounted	train	100000	0.33
1789527626	5301	uncounted	train	100000	0.26
1789527626	5301	uncounted	train	100000	0.22
1789527627	5301	uncounted	train	100000	0.34
1789527627	5301	uncounted	train	100000	0.33
1789527628	5301	uncounted	train	100000	0.32
1789527628	5301	uncounted	train	100000	0.32
1789527629	5301	uncounted	train	100000	0.27
1789527629	5301	uncounted	train	100000	0.22
1789527629	5301	uncounted	train	100000	0.17
1789527630	5301	uncounted	train	100000	0.33
1789527630	5301	uncounted	train	100000	0.25
1789527630	5301	uncounted	train	100000	0.20
1789527631	5301	uncounted	train	100000	0.31
1789527631	5301	uncounted	train	100000	0.31
1789527632	5301	uncounted	train	100000	0.33
1789527632	5301	uncounted	train	100000	0.33
1789527633	5301	uncounted	train	100000	0.26
1789527633	5301	uncounted	train	100000	0.21
1789527633	5301	uncounted	train	100000	0.16
1789527634	5301	uncounted	train	100000	0.36
1789527634	5301	uncounted	train	100000	0.26
1789527634	5301	uncounted	train	100000	0.21
1789527635	5301	uncounted	train	100000	0.33
1789527635	5301	uncounted	train	100000	0.32
1789527636	5301	uncounted	train	100000	0.34
1789527636	5301	uncounted	train	100000	0.33
1789527637	5301	uncounted	train	100000	0.27
1789527637	5301	uncounted	train	100000	0.22
1789527637	5301	uncounted	train	100000	0.17
1789527638	5301	uncounted	train	100000	0.32
1789527638	5301	uncounted	train	100000	0.25
1789527638	5301	uncounted	train	100000	0.20
1789527639	5301	uncounted	train	100000	0.31
1789527639	5301	uncounted	train	100000	0.31
1789527640	5301	uncounted	train	100000	0.32
1789527640	5301	uncounted	train	100000	0.32
1789527641	5301	uncounted	train	100000	0.26
1789527641	5301	uncounted	train	100000	0.21
1789527641	5301	uncounted	train	100000	0.17
1789527642	5301	uncounted	train	100000	0.31
1789527642	5301	uncounted	train	100000	0.25
1789527642	5301	uncounted	train	100000	0.21
1789527643	5301	uncounted	train	100000	0.33
1789527643	5301	uncounted	train	100000	0.33
1789527644	5301	uncounted	train	100000	0.31
1789527644	5301	uncounted	train	100000	0.32
1789527644	5301	uncounted	train	100000	0.27
1789527645	5301	uncounted	train	100000	0.22
1789527645	5301	uncounted	train	100000	0.18
1789527646	5301	uncounted	train	100000	0.33
1789527646	5301	uncounted	train	100000	0.25
1789527646	5301	uncounted	train	100000	0.21
1789527647	5301	uncounted	train	100000	0.31
1789527647	5301	uncounted	train	100000	0.32
1789527648	5301	uncounted	train	100000	0.33
1789527648	5301	uncounted	train	100000	0.32
1789527648	5301	uncounted	train	100000	0.27
1789527649	5301	uncounted	train	100000	0.21
1789527649	5301	uncounted	train	100000	0.18
1789527650	5301	uncounted	train	100000	0.33
1789527650	5301	uncounted	train	100000	0.27
1789527650	5301	uncounted	train	100000	0.21
1789527651	5301	uncounted	train	100000	0.33
1789527651	5301	uncounted	train	100000	0.34
1789527652	5301	uncounted	train	100000	0.32
1789527652	5301	uncounted	train	100000	0.32
1789527653	5301	uncounted	train	100000	0.26
1789527653	5301	uncounted	train	100000	0.22
1789527653	5301	uncounted	train	100000	0.17
1789527654	5301	uncounted	train	100000	0.30
1789527654	5301	uncounted	train	100000	0.23
1789527655	5301	uncounted	train	100000	0.19
1789527655	5301	uncounted	train	100000	0.30
1789527656	5301	uncounted	train	100000	0.30
1789527656	5301	uncounted	train	100000	0.30
1789527656	5301	uncounted	train	100000	0.30
1789527657	5301	uncounted	train	100000	0.24
1789527657	5301	uncounted	train	100000	0.20
1789527657	5301	uncounted	train	100000	0.15
1789527878	5558	counted	train	100000	0.29
1789527878	5558	counted	train	100000	0.29
1789527878	5558	counted	train	100000	0.29
1789527879	5558	counted	train	100000	0.31
1789527879	5558	counted	train	100000	0.29
1789527879	5558	counted	train	100000	0.30
1789527880	5558	counted	train	100000	0.30
1789527880	5558	counted	train	100000	0.31
1789527881	5558	counted	train	100000	0.28
1789527881	5558	counted	train	100000	0.23
1789527881	5558	counted	train	100000	0.23
1789527881	5558	counted	train	100000	0.22
1789527882	5558	counted	train	100000	0.23
1789527882	5558	counted	train	100000	0.23
1789527882	5558	counted	train	100000	0.21
1789527882	5558	counted	train	100000	0.22
1789527883	5558	counted	train	100000	0.21
1789527883	5558	counted	train	100000	0.20
1789527883	5558	counted	train	100000	0.18
1789527883	5558	counted	train	100000	0.19
1789527884	5558	counted	train	100000	0.19
1789527884	5558	counted	train	100000	0.20
1789527884	5558	counted	train	100000	0.18
1789527884	5558	counted	train	100000	0.18
1789527885	5558	counted	train	100000	0.19
1789527885	5558	counted	train	100000	0.19
1789527885	5558	counted	train	100000	0.17
1789527885	5558	counted	train	100000	0.28
1789527886	5558	counted	train	100000	0.30
1789527886	5558	counted	train	100000	0.29
1789527886	5558	counted	train	100000	0.31
1789527887	5558	counted	train	100000	0.29
1789527887	5558	counted	train	100000	0.28
1789527887	5558	counted	train	100000	0.30
1789527888	5558	counted	train	100000	0.30
1789527888	5558	counted	train	100000	0.29
1789527888	5558	counted	train	100000	0.29
1789527889	5558	counted	train	100000	0.31
1789527889	5558	counted	train	100000	0.29
1789527890	5558	counted	train	100000	0.31
1789527890	5558	counted	train	100000	0.29
1789527890	5558	counted	train	100000	0.29
1789527891	5558	counted	train	100000	0.30
1789527891	5558	counted	train	100000	0.32
1789527891	5558	counted	train	100000	0.30
1789527892	5558	counted	train	100000	0.29
1789527892	5558	counted	train	100000	0.32
1789527892	5558	counted	train	100000	0.30
1789527893	5558	counted	train	100000	0.33
1789527893	5558	counted	train	100000	0.30
1789527893	5558	counted	train	100000	0.30
1789527894	5558	counted	train	100000	0.31
1789527894	5558	counted	train	100000	0.31
1789527894	5558	counted	train	100000	0.29
1789527895	5558	counted	train	100000	0.30
1789527895	5558	counted	train	100000	0.30
1789527896	5558	counted	train	100000	0.30
1789527896	5558	counted	train	100000	0.32
1789527896	5558	counted	train	100000	0.30
1789527897	5558	counted	train	100000	0.30
1789527897	5558	counted	train	100000	0.28
1789527897	5558	counted	train	100000	0.30
1789527898	5558	counted	train	100000	0.27
1789527898	5558	counted	train	100000	0.23
1789527898	5558	counted	train	100000	0.24
1789527898	5558	counted	train	100000	0.23
1789527899	5558	counted	train	100000	0.25
1789527899	5558	counted	train	100000	0.25
1789527899	5558	counted	train	100000	0.24
1789527900	5558	counted	train	100000	0.25
1789527900	5558	counted	train	100000	0.25
1789527900	5558	counted	train	100000	0.23
1789527900	5558	counted	train	100000	0.19
1789527901	5558	counted	train	100000	0.21
1789527901	5558	counted	train	100000	0.20
1789527901	5558	counted	train	100000	0.22
1789527901	5558	counted	train	100000	0.21
1789527902	5558	counted	train	100000	0.20
1789527902	5558	counted	train	100000	0.21
1789527902	5558	counted	train	100000	0.21
1789527903	5558	counted	train	100000	0.19
1789527903	5558	counted	train	100000	0.15
1789527903	5558	counted	train	100000	0.16
1789527903	5558	counted	train	100000	0.15
1789527903	5558	counted	train	100000	0.17
1789527904	5558	counted	train	100000	0.16
1789527904	5558	counted	train	100000	0.15
1789527904	5558	counted	train	100000	0.16
1789527904	5558	counted	train	100000	0.16
1789527904	5558	counted	train	100000	0.15
1789527934	5594	uncounted	train	100000	0.31
1789527934	5594	uncounted	train	100000	0.22
1789527935	5594	uncounted	train	100000	0.19
1789527935	5594	uncounted	train	100000	0.29
1789527935	5594	uncounted	train	100000	0.29
1789527936	5594	uncounted	train	100000	0.29
1789527936	5594	uncounted	train	100000	0.30
1789527936	5594	uncounted	train	100000	0.22
1789527937	5594	uncounted	train	100000	0.20
1789527937	5594	uncounted	train	100000	0.15
1789527937	5594	uncounted	train	100000	0.34
1789527938	5594	uncounted	train	100000	0.23
1789527938	5594	uncounted	train	100000	0.20
1789527939	5594	uncounted	train	100000	0.32
1789527939	5594	uncounted	train	100000	0.32
1789527939	5594	uncounted	train	100000	0.31
1789527940	5594	uncounted	train	100000	0.31
1789527940	5594	uncounted	train	100000	0.23
1789527941	5594	uncounted	train	100000	0.20
1789527941	5594	uncounted	train	100000	0.16
1789527941	5594	uncounted	train	100000	0.30
1789527942	5594	uncounted	train	100000	0.23
1789527942	5594	uncounted	train	100000	0.20
1789527942	5594	uncounted	train	100000	0.30
1789527943	5594	uncounted	train	100000	0.31
1789527943	5594	uncounted	train	100000	0.30
1789527944	5594	uncounted	train	100000	0.31
1789527944	5594	uncounted	train	100000	0.24
1789527944	5594	uncounted	train	100000	0.22
1789527944	5594	uncounted	train	100000	0.16
1789527945	5594	uncounted	train	100000	0.34
1789527945	5594	uncounted	train	100000	0.26
1789527946	5594	uncounted	train	100000	0.22
1789527946	5594	uncounted	train	100000	0.37
1789527947	5594	uncounted	train	100000	0.35
1789527947	5594	uncounted	train	100000	0.34
1789527948	5594	uncounted	train	100000	0.38
1789527948	5594	uncounted	train	100000	0.30
1789527949	5594	uncounted	train	100000	0.25
1789527949	5594	uncounted	train	100000	0.18
1789527950	5594	uncounted	train	100000	0.34
1789527950	5594	uncounted	train	100000	0.25
1789527950	5594	uncounted	train	100000	0.21
1789527951	5594	uncounted	train	100000	0.33
1789527951	5594	uncounted	train	100000	0.32
1789527952	5594	uncounted	train	100000	0.33
1789527952	5594	uncounted	train	100000	0.34
1789527952	5594	uncounted	train	100000	0.27
1789527953	5594	uncounted	train	100000	0.22
1789527953	5594	uncounted	train	100000	0.17
1789527954	5594	uncounted	train	100000	0.31
1789527954	5594	uncounted	train	100000	0.25
1789527954	5594	uncounted	train	100000	0.21
1789527955	5594	uncounted	train	100000	0.30
1789527955	5594	uncounted	train	100000	0.31
1789527955	5594	uncounted	train	100000	0.31
1789527956	5594	uncounted	train	100000	0.31
1789527956	5594	uncounted	train	100000	0.26
1789527957	5594	uncounted	train	100000	0.22
1789527957	5594	uncounted	train	100000	0.16
1789527958	5594	uncounted	train	100000	0.33
1789527958	5594	uncounted	train	100000	0.26
1789527958	5594	uncounted	train	100000	0.22
1789527959	5594	uncounted	train	100000	0.32
1789527959	5594	uncounted	train	100000	0.33
1789527960	5594	uncounted	train	100000	0.33
1789527960	5594	uncounted	train	100000	0.35
1789527960	5594	uncounted	train	100000	0.27
1789527961	5594	uncounted	train	100000	0.24
1789527961	5594	uncounted	train	100000	0.17
1789527962	5594	uncounted	train	100000	0.34
1789527962	5594	uncounted	train	100000	0.27
1789527963	5594	uncounted	train	100000	0.22
1789527963	5594	uncounted	train	100000	0.34
1789527964	5594	uncounted	train	100000	0.33
1789527964	5594	uncounted	train	100000	0.66
1789527965	5594	uncounted	train	100000	0.35
1789527965	5594	uncounted	train	100000	0.29
1789527966	5594	uncounted	train	100000	0.23
1789527966	5594	uncounted	train	100000	0.18
1789527967	5594	uncounted	train	100000	0.33
1789527967	5594	uncounted	train	100000	0.24
1789527968	5594	uncounted	train	100000	0.21
1789527968	5594	uncounted	train	100000	0.31
1789527968	5594	uncounted	train	100000	0.31
1789527969	5594	uncounted	train	100000	0.30
1789527969	5594	uncounted	train	100000	0.31
1789527970	5594	uncounted	train	100000	0.26
1789527970	5594	uncounted	train	100000	0.22
1789527970	5594	uncounted	train	100000	0.17
1789527971	5594	uncounted	train	100000	0.32
1789527971	5594	uncounted	train	100000	0.24
1789527971	5594	uncounted	train	100000	0.19
1789527972	5594	uncounted	train	100000	0.31
1789527972	5594	uncounted	train	100000	0.32
1789527973	5594	uncounted	train	100000	0.33
1789527973	5594	uncounted	train	100000	0.33
1789527973	5594	uncounted	train	100000	0.29
1789527974	5594	uncounted	train	100000	0.21
1789527974	5594	uncounted	train	100000	0.17
1789527975	5594	uncounted	train	100000	0.31
1789527975	5594	uncounted	train	100000	0.26
1789527975	5594	uncounted	train	100000	0.21
1789527976	5594	uncounted	train	100000	0.33
1789527976	5594	uncounted	train	100000	0.33
1789527977	5594	uncounted	train	100000	0.34
1789527977	5594	uncounted	train	100000	0.33
1789527977	5594	uncounted	train	100000	0.27
1789527978	5594	uncounted	train	100000	0.22
1789527978	5594	uncounted	train	100000	0.17
1789527979	5594	uncounted	train	100000	0.31
1789527979	5594	uncounted	train	100000	0.24
1789527979	5594	uncounted	train	100000	0.21
1789527980	5594	uncounted	train	100000	0.31
1789527980	5594	uncounted	train	100000	0.31
1789527980	5594	uncounted	train	100000	0.31
1789527981	5594	uncounted	train	100000	0.31
1789527981	5594	uncounted	train	100000	0.26
1789527982	5594	uncounted	train	100000	0.21
1789527982	5594	uncounted	train	100000	0.17
1789527982	5594	uncounted	train	100000	0.33
1789527983	5594	uncounted	train	100000	0.26
1789527983	5594	uncounted	train	100000	0.21
1789527984	5594	uncounted	train	100000	0.33
1789527984	5594	uncounted	train	100000	0.34
1789527985	5594	uncounted	train	100000	0.36
1789527985	5594	uncounted	train	100000	0.36
1789527985	5594	uncounted	train	100000	0.28
1789527986	5594	uncounted	train	100000	0.22
1789527986	5594	uncounted	train	100000	0.18
1789527987	5594	uncounted	train	100000	0.32
1789527987	5594	uncounted	train	100000	0.25
1789527987	5594	uncounted	train	100000	0.21
1789527988	5594	uncounted	train	100000	0.32
1789527988	5594	uncounted	train	100000	0.33
1789527989	5594	uncounted	train	100000	0.34
1789527989	5594	uncounted	train	100000	0.33
1789527989	5594	uncounted	train	100000	0.26
1789527990	5594	uncounted	train	100000	0.21
1789527990	5594	uncounted	train	100000	0.16
1789527991	5594	uncounted	train	100000	0.32
1789527991	5594	uncounted	train	100000	0.26
1789527991	5594	uncounted	train	100000	0.20
1789527992	5594	uncounted	train	100000	0.33
1789527992	5594	uncounted	train	100000	0.31
1789527992	5594	uncounted	train	100000	0.32
1789527993	5594	uncounted	train	100000	0.33
1789527993	5594	uncounted	train	100000	0.27
1789527994	5594	uncounted	train	100000	0.21
1789527994	5594	uncounted	train	100000	0.16
1789527995	5594	uncounted	train	100000	0.33
1789527995	5594	uncounted	train	100000	0.26
1789527995	5594	uncounted	train	100000	0.21
1789527996	5594	uncounted	train	100000	0.33
1789527996	5594	uncounted	train	100000	0.33
1789527997	5594	uncounted	train	100000	0.35
1789527997	5594	uncounted	train	100000	0.32
1789527997	5594	uncounted	train	100000	0.27
1789527998	5594	uncounted	train	100000	0.22
1789527998	5594	uncounted	train	100000	0.17
1789527999	5594	uncounted	train	100000	0.33
1789527999	5594	uncounted	train	100000	0.26
1789528000	5594	uncounted	train	100000	0.23
1789528000	5594	uncounted	train	100000	0.33
1789528001	5594	uncounted	train	100000	0.36
1789528001	5594	uncounted	train	100000	0.32
1789528001	5594	uncounted	train	100000	0.34
1789528002	5594	uncounted	train	100000	0.26
1789528002	5594	uncounted	train	100000	0.22
1789528002	5594	uncounted	train	100000	0.18
1789528003	5594	uncounted	train	100000	0.28
1789528004	5594	uncounted	train	100000	0.20
1789528004	5594	uncounted	train	100000	0.18
1789528004	5594	uncounted	train	100000	0.28
1789528005	5594	uncounted	train	100000	0.27
1789528005	5594	uncounted	train	100000	0.26
1789528006	5594	uncounted	train	100000	0.28
1789528006	5594	uncounted	train	100000	0.21
1789528006	5594	uncounted	train	100000	0.20
1789528006	5594	uncounted	train	100000	0.15
1789528007	5594	uncounted	train	100000	0.32
1789528007	5594	uncounted	train	100000	0.27
1789528008	5594	uncounted	train	100000	0.22
1789528008	5594	uncounted	train	100000	0.34
1789528009	5594	uncounted	train	100000	0.32
1789528009	5594	uncounted	train	100000	0.31
1789528010	5594	uncounted	train	100000	0.33
1789528010	5594	uncounted	train	100000	0.26
1789528010	5594	uncounted	train	100000	0.21
1789528010	5594	uncounted	train	100000	0.16
1789528011	5594	uncounted	train	100000	0.30
1789528011	5594	uncounted	train	100000	0.24
1789528012	5594	uncounted	train	100000	0.20
1789528012	5594	uncounted	train	100000	0.32
1789528012	5594	uncounted	train	100000	0.33
1789528013	5594	uncounted	train	100000	0.30
1789528013	5594	uncounted	train	100000	0.31
1789528014	5594	uncounted	train	100000	0.24
1789528014	5594	uncounted	train	100000	0.21
1789528014	5594	uncounted	train	100000	0.16
1789528015	5594	uncounted	train	100000	0.31
1789528015	5594	uncounted	train	100000	0.25
1789528015	5594	uncounted	train	100000	0.20
1789528016	5594	uncounted	train	100000	0.34
1789528016	5594	uncounted	train	100000	0.32
1789528017	5594	uncounted	train	100000	0.32
1789528017	5594	uncounted	train	100000	0.31
1789528017	5594	uncounted	train	100000	0.25
1789528018	5594	uncounted	train	100000	0.22
1789528018	5594	uncounted	train	100000	0.17
1789528019	5594	uncounted	train	100000	0.32
1789528019	5594	uncounted	train	100000	0.26
1789528019	5594	uncounted	train	100000	0.22
1789528020	5594	uncounted	train	100000	0.33
1789528020	5594	uncounted	train	100000	0.33
1789528021	5594	uncounted	train	100000	0.32
1789528021	5594	uncounted	train	100000	0.32
1789528021	5594	uncounted	train	100000	0.26
1789528022	5594	uncounted	train	100000	0.22
1789528022	5594	uncounted	train	100000	0.17
1789528023	5594	uncounted	train	100000	0.35
1789528023	5594	uncounted	train	100000	0.27
1789528023	5594	uncounted	train	100000	0.22
1789528024	5594	uncounted	train	100000	0.34
1789528024	5594	uncounted	train	100000	0.34
1789528025	5594	uncounted	train	100000	0.34
1789528025	5594	uncounted	train	100000	0.35
1789528026	5594	uncounted	train	100000	0.28
1789528026	5594	uncounted	train	100000	0.23
1789528026	5594	uncounted	train	100000	0.17
1789528027	5594	uncounted	train	100000	0.33
1789528027	5594	uncounted	train	100000	0.27
1789528027	5594	uncounted	train	100000	0.21
1789528028	5594	uncounted	train	100000	0.33
1789528028	5594	uncounted	train	100000	0.31
1789528029	5594	uncounted	train	100000	0.31
1789528029	5594	uncounted	train	100000	0.31
1789528029	5594	uncounted	train	100000	0.26
1789528030	5594	uncounted	train	100000	0.21
1789528030	5594	uncounted	train	100000	0.17
1789528031	5594	uncounted	train	100000	0.32
1789528031	5594	uncounted	train	100000	0.26
1789528031	5594	uncounted	train	100000	0.21
1789528032	5594	uncounted	train	100000	0.32
1789528032	5594	uncounted	train	100000	0.31
1789528033	5594	uncounted	train	100000	0.31
1789528033	5594	uncounted	train	100000	0.32
1789528033	5594	uncounted	train	100000	0.29
1789528034	5594	uncounted	train	100000	0.22
1789528034	5594	uncounted	train	100000	0.17
1789528035	5594	uncounted	train	100000	0.32
1789528035	5594	uncounted	train	100000	0.26
1789528035	5594	uncounted	train	100000	0.20
1789528036	5594	uncounted	train	100000	0.31
1789528036	5594	uncounted	train	100000	0.32
1789528037	5594	uncounted	train	100000	0.33
1789528037	5594	uncounted	train	100000	0.32
1789528037	5594	uncounted	train	100000	0.28
1789528038	5594	uncounted	train	100000	0.22
1789528038	5594	uncounted	train	100000	0.18
1789528039	5594	uncounted	train	100000	0.33
1789528039	5594	uncounted	train	100000	0.26
1789528040	5594	uncounted	train	100000	0.21
1789528040	5594	uncounted	train	100000	0.33
1789528040	5594	uncounted	train	100000	0.33
1789528041	5594	uncounted	train	100000	0.33
1789528041	5594	uncounted	train	100000	0.34
1789528042	5594	uncounted	train	100000	0.28
1789528042	5594	uncounted	train	100000	0.22
1789528042	5594	uncounted	train	100000	0.18
1789528043	5594	uncounted	train	100000	0.32
1789528044	5594	uncounted	train	100000	0.25
1789528044	5594	uncounted	train	100000	0.20
1789528045	5594	uncounted	train	100000	0.33
1789528045	5594	uncounted	train	100000	0.31
1789528045	5594	uncounted	train	100000	0.30
1789528046	5594	uncounted	train	100000	0.31
1789528046	5594	uncounted	train	100000	0.25
1789528046	5594	uncounted	train	100000	0.21
1789528047	5594	uncounted	train	100000	0.16
1789528047	5594	uncounted	train	100000	0.31
1789528048	5594	uncounted	train	100000	0.25
1789528048	5594	uncounted	train	100000	0.20
1789528048	5594	uncounted	train	100000	0.32
1789528049	5594	uncounted	train	100000	0.34
1789528049	5594	uncounted	train	100000	0.32
1789528050	5594	uncounted	train	100000	0.32
1789528050	5594	uncounted	train	100000	0.27
1789528050	5594	uncounted	train	100000	0.22
1789528051	5594	uncounted	train	100000	0.17
1789528051	5594	uncounted	train	100000	0.30
1789528051	5594	uncounted	train	100000	0.23
1789528052	5594	uncounted	train	100000	0.19
1789528052	5594	uncounted	train	100000	0.31
1789528053	5594	uncounted	train	100000	0.31
1789528053	5594	uncounted	train	100000	0.32
1789528053	5594	uncounted	train	100000	0.32
1789528054	5594	uncounted	train	100000	0.26
1789528054	5594	uncounted	train	100000	0.21
1789528054	5594	uncounted	train	100000	0.17
1789528055	5594	uncounted	train	100000	0.35
1789528055	5594	uncounted	train	100000	0.25
1789528056	5594	uncounted	train	100000	0.22
1789528056	5594	uncounted	train	100000	0.33
1789528056	5594	uncounted	train	100000	0.33
1789528057	5594	uncounted	train	100000	0.35
1789528057	5594	uncounted	train	100000	0.35
1789528058	5594	uncounted	train	100000	0.27
1789528058	5594	uncounted	train	100000	0.23
1789528058	5594	uncounted	train	100000	0.19
1789528059	5594	uncounted	train	100000	0.33
1789528059	5594	uncounted	train	100000	0.25
1789528060	5594	uncounted	train	100000	0.21
1789528060	5594	uncounted	train	100000	0.33
1789528061	5594	uncounted	train	100000	0.33
1789528061	5594	uncounted	train	100000	0.32
1789528061	5594	uncounted	train	100000	0.32
1789528062	5594	uncounted	train	100000	0.27
1789528062	5594	uncounted	train	100000	0.22
1789528062	5594	uncounted	train	100000	0.16
1789528063	5594	uncounted	train	100000	0.35
1789528063	5594	uncounted	train	100000	0.28
1789528064	5594	uncounted	train	100000	0.22
1789528064	5594	uncounted	train	100000	0.34
1789528065	5594	uncounted	train	100000	0.35
1789528065	5594	uncounted	train	100000	0.35
1789528066	5594	uncounted	train	100000	0.35
1789528066	5594	uncounted	train	100000	0.30
1789528066	5594	uncounted	train	100000	0.23
1789528067	5594	uncounted	train	100000	0.19
1789528067	5594	uncounted	train	100000	0.33
1789528068	5594	uncounted	train	100000	0.26
1789528068	5594	uncounted	train	100000	0.21
1789528068	5594	uncounted	train	100000	0.33
1789528069	5594	uncounted	train	100000	0.32
1789528069	5594	uncounted	train	100000	0.33
1789528070	5594	uncounted	train	100000	0.34
1789528070	5594	uncounted	train	100000	0.58
1789528071	5594	uncounted	train	100000	0.22
1789528071	5594	uncounted	train	100000	0.17
1789528072	5594	uncounted	train	100000	0.31
1789528072	5594	uncounted	train	100000	0.25
1789528072	5594	uncounted	train	100000	0.20
1789528073	5594	uncounted	train	100000	0.33
1789528073	5594	uncounted	train	100000	0.32
1789528074	5594	uncounted	train	100000	0.33
1789528074	5594	uncounted	train	100000	0.33
1789528074	5594	uncounted	train	100000	0.27
1789528075	5594	uncounted	train	100000	0.21
1789528075	5594	uncounted	train	100000	0.17
1789528076	5594	uncounted	train	100000	0.33
1789528076	5594	uncounted	train	100000	0.27
1789528076	5594	uncounted	train	100000	0.21
1789528077	5594	uncounted	train	100000	0.34
1789528077	5594	uncounted	train	100000	0.32
1789528078	5594	uncounted	train	100000	0.34
1789528078	5594	uncounted	train	100000	0.32
1789528079	5594	uncounted	train	100000	0.28
1789528079	5594	uncounted	train	100000	0.22
1789528079	5594	uncounted	train	100000	0.16
1789528080	5594	uncounted	train	100000	0.34
1789528080	5594	uncounted	train	100000	0.26
1789528081	5594	uncounted	train	100000	0.22
1789528081	5594	uncounted	train	100000	0.33
1789528082	5594	uncounted	train	100000	0.33
1789528082	5594	uncounted	train	100000	0.33
1789528083	5594	uncounted	train	100000	0.34
1789528083	5594	uncounted	train	100000	0.28
1789528083	5594	uncounted	train	100000	0.22
1789528084	5594	uncounted	train	100000	0.18
1789528085	5594	uncounted	train	100000	0.32
1789528085	5594	uncounted	train	100000	0.25
1789528085	5594	uncounted	train	100000	0.20
1789528086	5594	uncounted	train	100000	0.31
1789528086	5594	uncounted	train	100000	0.31
1789528086	5594	uncounted	train	100000	0.30
1789528087	5594	uncounted	train	100000	0.30
1789528087	5594	uncounted	train	100000	0.25
1789528088	5594	uncounted	train	100000	0.20
1789528088	5594	uncounted	train	100000	0.16
1789528088	5594	uncounted	train	100000	0.32
1789528089	5594	uncounted	train	100000	0.26
1789528089	5594	uncounted	train	100000	0.20
1789528090	5594	uncounted	train	100000	0.32
1789528090	5594	uncounted	train	100000	0.32
1789528090	5594	uncounted	train	100000	0.31
1789528091	5594	uncounted	train	100000	0.32
1789528091	5594	uncounted	train	100000	0.27
1789528091	5594	uncounted	train	100000	0.21
1789528092	5594	uncounted	train	100000	0.17
1789528319	5851	counted	train	100000	0.30
1789528320	5851	counted	train	100000	0.32
1789528320	5851	counted	train	100000	0.32
1789528321	5851	counted	train	100000	0.34
1789528321	5851	counted	train	100000	0.34
1789528321	5851	counted	train	100000	0.35
1789528322	5851	counted	train	100000	0.36
1789528322	5851	counted	train	100000	0.35
1789528323	5851	counted	train	100000	0.33
1789528323	5851	counted	train	100000	0.34
1789528323	5851	counted	train	100000	0.24
1789528324	5851	counted	train	100000	0.24
1789528324	5851	counted	train	100000	0.24
1789528324	5851	counted	train	100000	0.27
1789528324	5851	counted	train	100000	0.25
1789528325	5851	counted	train	100000	0.24
1789528325	5851	counted	train	100000	0.26
1789528325	5851	counted	train	100000	0.26
1789528326	5851	counted	train	100000	0.23
1789528326	5851	counted	train	100000	0.25
1789528326	5851	counted	train	100000	0.20
1789528326	5851	counted	train	100000	0.22
1789528327	5851	counted	train	100000	0.22
1789528327	5851	counted	train	100000	0.24
1789528327	5851	counted	train	100000	0.21
1789528328	5851	counted	train	100000	0.21
1789528328	5851	counted	train	100000	0.20
1789528328	5851	counted	train	100000	0.22
1789528328	5851	counted	train	100000	0.20
1789528329	5851	counted	train	100000	0.22
1789528329	5851	counted	train	100000	0.31
1789528329	5851	counted	train	100000	0.32
1789528330	5851	counted	train	100000	0.31
1789528330	5851	counted	train	100000	0.33
1789528330	5851	counted	train	100000	0.31
1789528331	5851	counted	train	100000	0.30
1789528331	5851	counted	train	100000	0.31
1789528332	5851	counted	train	100000	0.32
1789528332	5851	counted	train	100000	0.30
1789528332	5851	counted	train	100000	0.32
1789528333	5851	counted	train	100000	0.29
1789528333	5851	counted	train	100000	0.30
1789528333	5851	counted	train	100000	0.30
1789528334	5851	counted	train	100000	0.32
1789528334	5851	counted	train	100000	0.30
1789528334	5851	counted	train	100000	0.28
1789528335	5851	counted	train	100000	0.28
1789528335	5851	counted	train	100000	0.28
1789528335	5851	counted	train	100000	0.27
1789528336	5851	counted	train	100000	0.29
1789528336	5851	counted	train	100000	0.28
1789528336	5851	counted	train	100000	0.30
1789528337	5851	counted	train	100000	0.28
1789528337	5851	counted	train	100000	0.33
1789528337	5851	counted	train	100000	0.32
1789528338	5851	counted	train	100000	0.31
1789528338	5851	counted	train	100000	0.32
1789528338	5851	counted	train	100000	0.32
1789528339	5851	counted	train	100000	0.30
1789528339	5851	counted	train	100000	0.31
1789528340	5851	counted	train	100000	0.31
1789528340	5851	counted	train	100000	0.34
1789528340	5851	counted	train	100000	0.32
1789528341	5851	counted	train	100000	0.32
1789528341	5851	counted	train	100000	0.31
1789528341	5851	counted	train	100000	0.30
1789528342	5851	counted	train	100000	0.31
1789528342	5851	counted	train	100000	0.32
1789528342	5851	counted	train	100000	0.30
1789528343	5851	counted	train	100000	0.33
1789528343	5851	counted	train	100000	0.26
1789528343	5851	counted	train	100000	0.26
1789528344	5851	counted	train	100000	0.25
1789528344	5851	counted	train	100000	0.27
1789528344	5851	counted	train	100000	0.25
1789528345	5851	counted	train	100000	0.25
1789528345	5851	counted	train	100000	0.25
1789528345	5851	counted	train	100000	0.25
1789528346	5851	counted	train	100000	0.23
1789528346	5851	counted	train	100000	0.25
1789528346	5851	counted	train	100000	0.20
1789528346	5851	counted	train	100000	0.21
1789528347	5851	counted	train	100000	0.20
1789528347	5851	counted	train	100000	0.22
1789528347	5851	counted	train	100000	0.21
1789528347	5851	counted	train	100000	0.21
1789528348	5851	counted	train	100000	0.21
1789528348	5851	counted	train	100000	0.22
1789528348	5851	counted	train	100000	0.20
1789528348	5851	counted	train	100000	0.22
1789528349	5851	counted	train	100000	0.16
1789528349	5851	counted	train	100000	0.17
1789528349	5851	counted	train	100000	0.16
1789528349	5851	counted	train	100000	0.17
1789528350	5851	counted	train	100000	0.16
1789528350	5851	counted	train	100000	0.16
1789528350	5851	counted	train	100000	0.16
1789528350	5851	counted	train	100000	0.16
1789528350	5851	counted	train	100000	0.15
1789528351	5851	counted	train	100000	0.16
1789528386	5887	uncounted	train	100000	0.28
1789528386	5887	uncounted	train	100000	0.23
1789528387	5887	uncounted	train	100000	0.19
1789528387	5887	uncounted	train	100000	0.29
1789528387	5887	uncounted	train	100000	0.29
1789528388	5887	uncounted	train	100000	0.28
1789528388	5887	uncounted	train	100000	0.29
1789528389	5887	uncounted	train	100000	0.22
1789528389	5887	uncounted	train	100000	0.19
1789528389	5887	uncounted	train	100000	0.16
1789528390	5887	uncounted	train	100000	0.29
1789528390	5887	uncounted	train	100000	0.22
1789528390	5887	uncounted	train	100000	0.19
1789528391	5887	uncounted	train	100000	0.31
1789528391	5887	uncounted	train	100000	0.30
1789528391	5887	uncounted	train	100000	0.32
1789528392	5887	uncounted	train	100000	0.29
1789528392	5887	uncounted	train	100000	0.24
1789528393	5887	uncounted	train	100000	0.21
1789528393	5887	uncounted	train	100000	0.16
1789528393	5887	uncounted	train	100000	0.29
1789528394	5887	uncounted	train	100000	0.22
1789528394	5887	uncounted	train	100000	0.20
1789528394	5887	uncounted	train	100000	0.31
1789528395	5887	uncounted	train	100000	0.29
1789528395	5887	uncounted	train	100000	0.28
1789528396	5887	uncounted	train	100000	0.28
1789528396	5887	uncounted	train	100000	0.23
1789528396	5887	uncounted	train	100000	0.19
1789528396	5887	uncounted	train	100000	0.15
1789528397	5887	uncounted	train	100000	0.31
1789528397	5887	uncounted	train	100000	0.24
1789528398	5887	uncounted	train	100000	0.20
1789528398	5887	uncounted	train	100000	0.31
1789528398	5887	uncounted	train	100000	0.31
1789528399	5887	uncounted	train	100000	0.31
1789528399	5887	uncounted	train	100000	0.32
1789528400	5887	uncounted	train	100000	0.24
1789528400	5887	uncounted	train	100000	0.21
1789528400	5887	uncounted	train	100000	0.16
1789528401	5887	uncounted	train	100000	0.30
1789528401	5887	uncounted	train	100000	0.24
1789528402	5887	uncounted	train	100000	0.20
1789528402	5887	uncounted	train	100000	0.32
1789528402	5887	uncounted	train	100000	0.31
1789528403	5887	uncounted	train	100000	0.31
1789528403	5887	uncounted	train	100000	0.30
1789528404	5887	uncounted	train	100000	0.25
1789528404	5887	uncounted	train	100000	0.20
1789528404	5887	uncounted	train	100000	0.16
1789528405	5887	uncounted	train	100000	0.31
1789528405	5887	uncounted	train	100000	0.24
1789528405	5887	uncounted	train	100000	0.20
1789528406	5887	uncounted	train	100000	0.31
1789528406	5887	uncounted	train	100000	0.30
1789528407	5887	uncounted	train	100000	0.29
1789528407	5887	uncounted	train	100000	0.29
1789528407	5887	uncounted	train	100000	0.24
1789528408	5887	uncounted	train	100000	0.20
1789528408	5887	uncounted	train	100000	0.16
1789528409	5887	uncounted	train	100000	0.32
1789528409	5887	uncounted	train	100000	0.50
1789528410	5887	uncounted	train	100000	0.22
1789528410	5887	uncounted	train	100000	0.31
1789528410	5887	uncounted	train	100000	0.32
1789528411	5887	uncounted	train	100000	0.34
1789528411	5887	uncounted	train	100000	0.32
1789528412	5887	uncounted	train	100000	0.26
1789528412	5887	uncounted	train	100000	0.21
1789528412	5887	uncounted	train	100000	0.17
1789528413	5887	uncounted	train	100000	0.32
1789528414	5887	uncounted	train	100000	0.24
1789528414	5887	uncounted	train	100000	0.20
1789528414	5887	uncounted	train	100000	0.32
1789528415	5887	uncounted	train	100000	0.32
1789528415	5887	uncounted	train	100000	0.32
1789528416	5887	uncounted	train	100000	0.33
1789528416	5887	uncounted	train	100000	0.26
1789528416	5887	uncounted	train	100000	0.24
1789528417	5887	uncounted	train	100000	0.17
1789528418	5887	uncounted	train	100000	0.31
1789528418	5887	uncounted	train	100000	0.24
1789528418	5887	uncounted	train	100000	0.20
1789528419	5887	uncounted	train	100000	0.31
1789528419	5887	uncounted	train	100000	0.31
1789528420	5887	uncounted	train	100000	0.31
1789528420	5887	uncounted	train	100000	0.30
1789528420	5887	uncounted	train	100000	0.25
1789528421	5887	uncounted	train	100000	0.21
1789528421	5887	uncounted	train	100000	0.16
1789528422	5887	uncounted	train	100000	0.31
1789528422	5887	uncounted	train	100000	0.24
1789528422	5887	uncounted	train	100000	0.20
1789528423	5887	uncounted	train	100000	0.31
1789528423	5887	uncounted	train	100000	0.31
1789528423	5887	uncounted	train	100000	0.31
1789528424	5887	uncounted	train	100000	0.31
1789528424	5887	uncounted	train	100000	0.26
1789528425	5887	uncounted	train	100000	0.21
1789528425	5887	uncounted	train	100000	0.17
1789528425	5887	uncounted	train	100000	0.31
1789528426	5887	uncounted	train	100000	0.22
1789528426	5887	uncounted	train	100000	0.19
1789528426	5887	uncounted	train	100000	0.30
1789528427	5887	uncounted	train	100000	0.30
1789528427	5887	uncounted	train	100000	0.30
1789528428	5887	uncounted	train	100000	0.31
1789528428	5887	uncounted	train	100000	0.26
1789528428	5887	uncounted	train	100000	0.21
1789528428	5887	uncounted	train	100000	0.16
1789528429	5887	uncounted	train	100000	0.32
1789528429	5887	uncounted	train	100000	0.25
1789528430	5887	uncounted	train	100000	0.20
1789528430	5887	uncounted	train	100000	0.32
1789528431	5887	uncounted	train	100000	0.31
1789528431	5887	uncounted	train	100000	0.32
1789528431	5887	uncounted	train	100000	0.31
1789528432	5887	uncounted	train	100000	0.25
1789528432	5887	uncounted	train	100000	0.22
1789528432	5887	uncounted	train	100000	0.17
1789528433	5887	uncounted	train	100000	0.31
1789528433	5887	uncounted	train	100000	0.23
1789528434	5887	uncounted	train	100000	0.20
1789528434	5887	uncounted	train	100000	0.30
1789528434	5887	uncounted	train	100000	0.30
1789528435	5887	uncounted	train	100000	0.30
1789528435	5887	uncounted	train	100000	0.30
1789528436	5887	uncounted	train	100000	0.26
1789528436	5887	uncounted	train	100000	0.20
1789528436	5887	uncounted	train	100000	0.16
1789528437	5887	uncounted	train	100000	0.34
1789528437	5887	uncounted	train	100000	0.25
1789528437	5887	uncounted	train	100000	0.22
1789528438	5887	uncounted	train	100000	0.32
1789528438	5887	uncounted	train	100000	0.32
1789528439	5887	uncounted	train	100000	0.33
1789528439	5887	uncounted	train	100000	0.34
1789528440	5887	uncounted	train	100000	0.28
1789528440	5887	uncounted	train	100000	0.23
1789528440	5887	uncounted	train	100000	0.18
1789528441	5887	uncounted	train	100000	0.31
1789528441	5887	uncounted	train	100000	0.25
1789528442	5887	uncounted	train	100000	0.20
1789528442	5887	uncounted	train	100000	0.31
1789528442	5887	uncounted	train	100000	0.31
1789528443	5887	uncounted	train	100000	0.32
1789528443	5887	uncounted	train	100000	0.33
1789528444	5887	uncounted	train	100000	0.26
1789528444	5887	uncounted	train	100000	0.20
1789528444	5887	uncounted	train	100000	0.17
1789528445	5887	uncounted	train	100000	0.32
1789528445	5887	uncounted	train	100000	0.25
1789528445	5887	uncounted	train	100000	0.20
1789528446	5887	uncounted	train	100000	0.31
1789528446	5887	uncounted	train	100000	0.31
1789528447	5887	uncounted	train	100000	0.30
1789528447	5887	uncounted	train	100000	0.32
1789528448	5887	uncounted	train	100000	0.27
1789528448	5887	uncounted	train	100000	0.22
1789528448	5887	uncounted	train	100000	0.17
1789528449	5887	uncounted	train	100000	0.33
1789528449	5887	uncounted	train	100000	0.25
1789528450	5887	uncounted	train	100000	0.21
1789528450	5887	uncounted	train	100000	0.32
1789528450	5887	uncounted	train	100000	0.32
1789528451	5887	uncounted	train	100000	0.32
1789528451	5887	uncounted	train	100000	0.33
1789528452	5887	uncounted	train	100000	0.26
1789528452	5887	uncounted	train	100000	0.22
1789528452	5887	uncounted	train	100000	0.17
1789528453	5887	uncounted	train	100000	0.32
1789528453	5887	uncounted	train	100000	0.25
1789528454	5887	uncounted	train	100000	0.22
1789528454	5887	uncounted	train	100000	0.32
1789528455	5887	uncounted	train	100000	0.32
1789528455	5887	uncounted	train	100000	0.32
1789528456	5887	uncounted	train	100000	0.32
1789528456	5887	uncounted	train	100000	0.25
1789528456	5887	uncounted	train	100000	0.21
1789528457	5887	uncounted	train	100000	0.16
1789528457	5887	uncounted	train	100000	0.30
1789528458	5887	uncounted	train	100000	0.19
1789528458	5887	uncounted	train	100000	0.19
1789528458	5887	uncounted	train	100000	0.27
1789528459	5887	uncounted	train	100000	0.29
1789528459	5887	uncounted	train	100000	0.29
1789528460	5887	uncounted	train	100000	0.28
1789528460	5887	uncounted	train	100000	0.23
1789528460	5887	uncounted	train	100000	0.19
1789528461	5887	uncounted	train	100000	0.16
1789528461	5887	uncounted	train	100000	0.31
1789528462	5887	uncounted	train	100000	0.25
1789528462	5887	uncounted	train	100000	0.20
1789528462	5887	uncounted	train	100000	0.33
1789528463	5887	uncounted	train	100000	0.32
1789528463	5887	uncounted	train	100000	0.32
1789528464	5887	uncounted	train	100000	0.32
1789528464	5887	uncounted	train	100000	0.27
1789528464	5887	uncounted	train	100000	0.21
1789528464	5887	uncounted	train	100000	0.17
1789528465	5887	uncounted	train	100000	0.31
1789528466	5887	uncounted	train	100000	0.26
1789528466	5887	uncounted	train	100000	0.21
1789528466	5887	uncounted	train	100000	0.32
1789528467	5887	uncounted	train	100000	0.33
1789528467	5887	uncounted	train	100000	0.33
1789528468	5887	uncounted	train	100000	0.33
1789528468	5887	uncounted	train	100000	0.26
1789528468	5887	uncounted	train	100000	0.21
1789528469	5887	uncounted	train	100000	0.18
1789528469	5887	uncounted	train	100000	0.32
1789528469	5887	uncounted	train	100000	0.25
1789528470	5887	uncounted	train	100000	0.20
1789528470	5887	uncounted	train	100000	0.31
1789528471	5887	uncounted	train	100000	0.31
1789528471	5887	uncounted	train	100000	0.31
1789528471	5887	uncounted	train	100000	0.32
1789528472	5887	uncounted	train	100000	0.25
1789528472	5887	uncounted	train	100000	0.20
1789528472	5887	uncounted	train	100000	0.16
1789528473	5887	uncounted	train	100000	0.31
1789528473	5887	uncounted	train	100000	0.25
1789528473	5887	uncounted	train	100000	0.21
1789528474	5887	uncounted	train	100000	0.35
1789528474	5887	uncounted	train	100000	0.33
1789528475	5887	uncounted	train	100000	0.33
1789528475	5887	uncounted	train	100000	0.32
1789528476	5887	uncounted	train	100000	0.25
1789528476	5887	uncounted	train	100000	0.22
1789528476	5887	uncounted	train	100000	0.17
1789528477	5887	uncounted	train	100000	0.31
1789528477	5887	uncounted	train	100000	0.25
1789528477	5887	uncounted	train	100000	0.21
1789528478	5887	uncounted	train	100000	0.31
1789528478	5887	uncounted	train	100000	0.31
1789528479	5887	uncounted	train	100000	0.31
1789528479	5887	uncounted	train	100000	0.30
1789528479	5887	uncounted	train	100000	0.24
1789528480	5887	uncounted	train	100000	0.21
1789528480	5887	uncounted	train	100000	0.16
1789528481	5887	uncounted	train	100000	0.33
1789528481	5887	uncounted	train	100000	0.25
1789528481	5887	uncounted	train	100000	0.22
1789528482	5887	uncounted	train	100000	0.32
1789528482	5887	uncounted	train	100000	0.32
1789528483	5887	uncounted	train	100000	0.32
1789528483	5887	uncounted	train	100000	0.32
1789528483	5887	uncounted	train	100000	0.25
1789528484	5887	uncounted	train	100000	0.21
1789528484	5887	uncounted	train	100000	0.16
1789528485	5887	uncounted	train	100000	0.32
1789528485	5887	uncounted	train	100000	0.24
1789528485	5887	uncounted	train	100000	0.20
1789528486	5887	uncounted	train	100000	0.32
1789528486	5887	uncounted	train	100000	0.32
1789528487	5887	uncounted	train	100000	0.31
1789528487	5887	uncounted	train	100000	0.31
1789528487	5887	uncounted	train	100000	0.24
1789528488	5887	uncounted	train	100000	0.20
1789528488	5887	uncounted	train	100000	0.16
1789528488	5887	uncounted	train	100000	0.30
1789528489	5887	uncounted	train	100000	0.23
1789528489	5887	uncounted	train	100000	0.20
1789528489	5887	uncounted	train	100000	0.30
1789528490	5887	uncounted	train	100000	0.32
1789528490	5887	uncounted	train	100000	0.31
1789528491	5887	uncounted	train	100000	0.31
1789528491	5887	uncounted	train	100000	0.27
1789528491	5887	uncounted	train	100000	0.20
1789528492	5887	uncounted	train	100000	0.16
1789528492	5887	uncounted	train	100000	0.33
1789528493	5887	uncounted	train	100000	0.27
1789528493	5887	uncounted	train	100000	0.21
1789528493	5887	uncounted	train	100000	0.34
1789528494	5887	uncounted	train	100000	0.34
1789528494	5887	uncounted	train	100000	0.34
1789528495	5887	uncounted	train	100000	0.34
1789528495	5887	uncounted	train	100000	0.28
1789528496	5887	uncounted	train	100000	0.23
1789528496	5887	uncounted	train	100000	0.17
1789528497	5887	uncounted	train	100000	0.33
1789528497	5887	uncounted	train	100000	0.27
1789528497	5887	uncounted	train	100000	0.22
1789528498	5887	uncounted	train	100000	0.32
1789528498	5887	uncounted	train	100000	0.32
1789528499	5887	uncounted	train	100000	0.34
1789528499	5887	uncounted	train	100000	0.34
1789528500	5887	uncounted	train	100000	0.28
1789528500	5887	uncounted	train	100000	0.23
1789528500	5887	uncounted	train	100000	0.18
1789528501	5887	uncounted	train	100000	0.32
1789528502	5887	uncounted	train	100000	0.26
1789528502	5887	uncounted	train	100000	0.23
1789528502	5887	uncounted	train	100000	0.34
1789528503	5887	uncounted	train	100000	0.31
1789528503	5887	uncounted	train	100000	0.30
1789528504	5887	uncounted	train	100000	0.30
1789528504	5887	uncounted	train	100000	0.26
1789528504	5887	uncounted	train	100000	0.22
1789528505	5887	uncounted	train	100000	0.17
1789528505	5887	uncounted	train	100000	0.33
1789528506	5887	uncounted	train	100000	0.26
1789528506	5887	uncounted	train	100000	0.20
1789528506	5887	uncounted	train	100000	0.31
1789528507	5887	uncounted	train	100000	0.31
1789528507	5887	uncounted	train	100000	0.31
1789528508	5887	uncounted	train	100000	0.32
1789528508	5887	uncounted	train	100000	0.37
1789528508	5887	uncounted	train	100000	0.22
1789528509	5887	uncounted	train	100000	0.18
1789528510	5887	uncounted	train	100000	0.35
1789528510	5887	uncounted	train	100000	0.25
1789528511	5887	uncounted	train	100000	0.22
1789528511	5887	uncounted	train	100000	0.32
1789528512	5887	uncounted	train	100000	0.63
1789528512	5887	uncounted	train	100000	0.34
1789528513	5887	uncounted	train	100000	0.35
1789528513	5887	uncounted	train	100000	0.27
1789528513	5887	uncounted	train	100000	0.24
1789528514	5887	uncounted	train	100000	0.19
1789528799	5929	uncounted	train	100000	0.30
1789528800	5929	uncounted	train	100000	0.23
1789528800	5929	uncounted	train	100000	0.29
1789528801	5929	uncounted	train	100000	0.30
1789528801	5929	uncounted	train	100000	0.30
1789528801	5929	uncounted	train	100000	0.29
1789528802	5929	uncounted	train	100000	0.30
1789528802	5929	uncounted	train	100000	0.23
1789528802	5929	uncounted	train	100000	0.20
1789528803	5929	uncounted	train	100000	0.16
1789528803	5929	uncounted	train	100000	0.31
1789528804	5929	uncounted	train	100000	0.23
1789528804	5929	uncounted	train	100000	0.22
1789528804	5929	uncounted	train	100000	0.32
1789528805	5929	uncounted	train	100000	0.32
1789528805	5929	uncounted	train	100000	0.34
1789528806	5929	uncounted	train	100000	0.33
1789528806	5929	uncounted	train	100000	0.26
1789528806	5929	uncounted	train	100000	0.21
1789528807	5929	uncounted	train	100000	0.17
1789528807	5929	uncounted	train	100000	0.32
1789528808	5929	uncounted	train	100000	0.25
1789528808	5929	uncounted	train	100000	0.21
1789528808	5929	uncounted	train	100000	0.31
1789528809	5929	uncounted	train	100000	0.32
1789528809	5929	uncounted	train	100000	0.34
1789528810	5929	uncounted	train	100000	0.32
1789528810	5929	uncounted	train	100000	0.25
1789528810	5929	uncounted	train	100000	0.20
1789528810	5929	uncounted	train	100000	0.16
1789528811	5929	uncounted	train	100000	0.34
1789528812	5929	uncounted	train	100000	0.27
1789528812	5929	uncounted	train	100000	0.21
1789528812	5929	uncounted	train	100000	0.32
1789528813	5929	uncounted	train	100000	0.31
1789528813	5929	uncounted	train	100000	0.32
1789528814	5929	uncounted	train	100000	0.31
1789528814	5929	uncounted	train	100000	0.26
1789528814	5929	uncounted	train	100000	0.21
1789528815	5929	uncounted	train	100000	0.17
1789528815	5929	uncounted	train	100000	0.30
1789528816	5929	uncounted	train	100000	0.25
1789528816	5929	uncounted	train	100000	0.20
1789528816	5929	uncounted	train	100000	0.30
1789528817	5929	uncounted	train	100000	0.30
1789528817	5929	uncounted	train	100000	0.30
1789528817	5929	uncounted	train	100000	0.31
1789528818	5929	uncounted	train	100000	0.24
1789528818	5929	uncounted	train	100000	0.20
1789528818	5929	uncounted	train	100000	0.16
1789528819	5929	uncounted	train	100000	0.32
1789528819	5929	uncounted	train	100000	0.25
1789528820	5929	uncounted	train	100000	0.20
1789528820	5929	uncounted	train	100000	0.30
1789528820	5929	uncounted	train	100000	0.30
1789528821	5929	uncounted	train	100000	0.30
1789528821	5929	uncounted	train	100000	0.31
1789528822	5929	uncounted	train	100000	0.24
1789528822	5929	uncounted	train	100000	0.21
1789528822	5929	uncounted	train	100000	0.16
1789528823	5929	uncounted	train	100000	0.32
1789528823	5929	uncounted	train	100000	0.26
1789528824	5929	uncounted	train	100000	0.22
1789528824	5929	uncounted	train	100000	0.33
1789528824	5929	uncounted	train	100000	0.32
1789528825	5929	uncounted	train	100000	0.32
1789528825	5929	uncounted	train	100000	0.32
1789528826	5929	uncounted	train	100000	0.26
1789528826	5929	uncounted	train	100000	0.21
1789528826	5929	uncounted	train	100000	0.18
1789528827	5929	uncounted	train	100000	0.32
1789528827	5929	uncounted	train	100000	0.25
1789528827	5929	uncounted	train	100000	0.21
1789528828	5929	uncounted	train	100000	0.32
1789528828	5929	uncounted	train	100000	0.33
1789528829	5929	uncounted	train	100000	0.32
1789528829	5929	uncounted	train	100000	0.33
1789528830	5929	uncounted	train	100000	0.26
1789528830	5929	uncounted	train	100000	0.22
1789528830	5929	uncounted	train	100000	0.17
1789528831	5929	uncounted	train	100000	0.32
1789528831	5929	uncounted	train	100000	0.23
1789528831	5929	uncounted	train	100000	0.19
1789528832	5929	uncounted	train	100000	0.31
1789528832	5929	uncounted	train	100000	0.30
1789528833	5929	uncounted	train	100000	0.31
1789528833	5929	uncounted	train	100000	0.30
1789528833	5929	uncounted	train	100000	0.23
1789528834	5929	uncounted	train	100000	0.20
1789528834	5929	uncounted	train	100000	0.16
1789528835	5929	uncounted	train	100000	0.33
1789528835	5929	uncounted	train	100000	0.27
1789528835	5929	uncounted	train	100000	0.20
1789528836	5929	uncounted	train	100000	0.31
1789528836	5929	uncounted	train	100000	0.31
1789528837	5929	uncounted	train	100000	0.33
1789528837	5929	uncounted	train	100000	0.32
1789528837	5929	uncounted	train	100000	0.25
1789528838	5929	uncounted	train	100000	0.22
1789528838	5929	uncounted	train	100000	0.17
1789528838	5929	uncounted	train	100000	0.31
1789528839	5929	uncounted	train	100000	0.24
1789528839	5929	uncounted	train	100000	0.19
1789528839	5929	uncounted	train	100000	0.30
1789528840	5929	uncounted	train	100000	0.30
1789528840	5929	uncounted	train	100000	0.31
1789528841	5929	uncounted	train	100000	0.32
1789528841	5929	uncounted	train	100000	0.24
1789528841	5929	uncounted	train	100000	0.20
1789528842	5929	uncounted	train	100000	0.16
1789528842	5929	uncounted	train	100000	0.32
1789528842	5929	uncounted	train	100000	0.24
1789528843	5929	uncounted	train	100000	0.20
1789528843	5929	uncounted	train	100000	0.32
1789528844	5929	uncounted	train	100000	0.32
1789528844	5929	uncounted	train	100000	0.32
1789528844	5929	uncounted	train	100000	0.31
1789528845	5929	uncounted	train	100000	0.25
1789528845	5929	uncounted	train	100000	0.21
1789528845	5929	uncounted	train	100000	0.17
1789528846	5929	uncounted	train	100000	0.31
1789528846	5929	uncounted	train	100000	0.24
1789528847	5929	uncounted	train	100000	0.20
1789528847	5929	uncounted	train	100000	0.31
1789528847	5929	uncounted	train	100000	0.31
1789528848	5929	uncounted	train	100000	0.31
1789528848	5929	uncounted	train	100000	0.31
1789528849	5929	uncounted	train	100000	0.25
1789528849	5929	uncounted	train	100000	0.20
1789528849	5929	uncounted	train	100000	0.16
1789528850	5929	uncounted	train	100000	0.32
1789528850	5929	uncounted	train	100000	0.27
1789528850	5929	uncounted	train	100000	0.22
1789528851	5929	uncounted	train	100000	0.34
1789528851	5929	uncounted	train	100000	0.34
1789528852	5929	uncounted	train	100000	0.34
1789528852	5929	uncounted	train	100000	0.35
1789528853	5929	uncounted	train	100000	0.27
1789528853	5929	uncounted	train	100000	0.22
1789528853	5929	uncounted	train	100000	0.18
1789528854	5929	uncounted	train	100000	0.33
1789528854	5929	uncounted	train	100000	0.25
1789528855	5929	uncounted	train	100000	0.21
1789528855	5929	uncounted	train	100000	0.32
1789528855	5929	uncounted	train	100000	0.31
1789528856	5929	uncounted	train	100000	0.32
1789528856	5929	uncounted	train	100000	0.33
1789528857	5929	uncounted	train	100000	0.26
1789528857	5929	uncounted	train	100000	0.21
1789528857	5929	uncounted	train	100000	0.17
1789528858	5929	uncounted	train	100000	0.31
1789528858	5929	uncounted	train	100000	0.25
1789528858	5929	uncounted	train	100000	0.19
1789528859	5929	uncounted	train	100000	0.31
1789528859	5929	uncounted	train	100000	0.32
1789528860	5929	uncounted	train	100000	0.31
1789528860	5929	uncounted	train	100000	0.32
1789528860	5929	uncounted	train	100000	0.25
1789528861	5929	uncounted	train	100000	0.20
1789528861	5929	uncounted	train	100000	0.17
1789528862	5929	uncounted	train	100000	0.33
1789528862	5929	uncounted	train	100000	0.26
1789528862	5929	uncounted	train	100000	0.21
1789528863	5929	uncounted	train	100000	0.32
1789528863	5929	uncounted	train	100000	0.32
1789528864	5929	uncounted	train	100000	0.34
1789528864	5929	uncounted	train	100000	0.32
1789528865	5929	uncounted	train	100000	0.25
1789528865	5929	uncounted	train	100000	0.21
1789528865	5929	uncounted	train	100000	0.17
1789528866	5929	uncounted	train	100000	0.31
1789528866	5929	uncounted	train	100000	0.24
1789528866	5929	uncounted	train	100000	0.20
1789528867	5929	uncounted	train	100000	0.31
1789528867	5929	uncounted	train	100000	0.32
1789528868	5929	uncounted	train	100000	0.33
1789528868	5929	uncounted	train	100000	0.33
1789528868	5929	uncounted	train	100000	0.25
1789528869	5929	uncounted	train	100000	0.20
1789528869	5929	uncounted	train	100000	0.16
1789528870	5929	uncounted	train	100000	0.29
1789528870	5929	uncounted	train	100000	0.24
1789528870	5929	uncounted	train	100000	0.19
1789528871	5929	uncounted	train	100000	0.30
1789528871	5929	uncounted	train	100000	0.30
1789528871	5929	uncounted	train	100000	0.31
1789528872	5929	uncounted	train	100000	0.30
1789528872	5929	uncounted	train	100000	0.24
1789528872	5929	uncounted	train	100000	0.19
1789528873	5929	uncounted	train	100000	0.16
1789528873	5929	uncounted	train	100000	0.29
1789528874	5929	uncounted	train	100000	0.22
1789528874	5929	uncounted	train	100000	0.19
1789528874	5929	uncounted	train	100000	0.29
1789528875	5929	uncounted	train	100000	0.29
1789528875	5929	uncounted	train	100000	0.29
1789528875	5929	uncounted	train	100000	0.30
1789528876	5929	uncounted	train	100000	0.24
1789528876	5929	uncounted	train	100000	0.20
1789528876	5929	uncounted	train	100000	0.17
1789528877	5929	uncounted	train	100000	0.31
1789528877	5929	uncounted	train	100000	0.24
1789528878	5929	uncounted	train	100000	0.19
1789528878	5929	uncounted	train	100000	0.32
1789528878	5929	uncounted	train	100000	0.32
1789528879	5929	uncounted	train	100000	0.32
1789528879	5929	uncounted	train	100000	0.32
1789528880	5929	uncounted	train	100000	0.24
1789528880	5929	uncounted	train	100000	0.20
1789528880	5929	uncounted	train	100000	0.17
1789528881	5929	uncounted	train	100000	0.34
1789528881	5929	uncounted	train	100000	0.25
1789528881	5929	uncounted	train	100000	0.20
1789528882	5929	uncounted	train	100000	0.33
1789528882	5929	uncounted	train	100000	0.33
1789528883	5929	uncounted	train	100000	0.33
1789528883	5929	uncounted	train	100000	0.32
1789528883	5929	uncounted	train	100000	0.26
1789528884	5929	uncounted	train	100000	0.21
1789528884	5929	uncounted	train	100000	0.17
1789528885	5929	uncounted	train	100000	0.33
1789528885	5929	uncounted	train	100000	0.26
1789528885	5929	uncounted	train	100000	0.20
1789528886	5929	uncounted	train	100000	0.32
1789528886	5929	uncounted	train	100000	0.35
1789528887	5929	uncounted	train	100000	0.34
1789528887	5929	uncounted	train	100000	0.33
1789528887	5929	uncounted	train	100000	0.25
1789528888	5929	uncounted	train	100000	0.22
1789528888	5929	uncounted	train	100000	0.16
1789528889	5929	uncounted	train	100000	0.32
1789528889	5929	uncounted	train	100000	0.24
1789528889	5929	uncounted	train	100000	0.20
1789528890	5929	uncounted	train	100000	0.32
1789528890	5929	uncounted	train	100000	0.35
1789528891	5929	uncounted	train	100000	0.34
1789528891	5929	uncounted	train	100000	0.33
1789528891	5929	uncounted	train	100000	0.26
1789528892	5929	uncounted	train	100000	0.22
1789528892	5929	uncounted	train	100000	0.18
1789528893	5929	uncounted	train	100000	0.31
1789528893	5929	uncounted	train	100000	0.24
1789528893	5929	uncounted	train	100000	0.19
1789528894	5929	uncounted	train	100000	0.32
1789528894	5929	uncounted	train	100000	0.30
1789528894	5929	uncounted	train	100000	0.32
1789528895	5929	uncounted	train	100000	0.30
1789528895	5929	uncounted	train	100000	0.24
1789528895	5929	uncounted	train	100000	0.19
1789528896	5929	uncounted	train	100000	0.16
1789528896	5929	uncounted	train	100000	0.33
1789528897	5929	uncounted	train	100000	0.24
1789528897	5929	uncounted	train	100000	0.20
1789528897	5929	uncounted	train	100000	0.31
1789528898	5929	uncounted	train	100000	0.31
1789528898	5929	uncounted	train	100000	0.32
1789528899	5929	uncounted	train	100000	0.33
1789528899	5929	uncounted	train	100000	0.25
1789528899	5929	uncounted	train	100000	0.20
1789528900	5929	uncounted	train	100000	0.17
1789528900	5929	uncounted	train	100000	0.31
1789528901	5929	uncounted	train	100000	0.24
1789528901	5929	uncounted	train	100000	0.19
1789528901	5929	uncounted	train	100000	0.28
1789528902	5929	uncounted	train	100000	0.28
1789528902	5929	uncounted	train	100000	0.29
1789528902	5929	uncounted	train	100000	0.30
1789528903	5929	uncounted	train	100000	0.23
1789528903	5929	uncounted	train	100000	0.20
1789528903	5929	uncounted	train	100000	0.16
1789528904	5929	uncounted	train	100000	0.29
1789528904	5929	uncounted	train	100000	0.23
1789528904	5929	uncounted	train	100000	0.19
1789528905	5929	uncounted	train	100000	0.28
1789528905	5929	uncounted	train	100000	0.28
1789528906	5929	uncounted	train	100000	0.28
1789528906	5929	uncounted	train	100000	0.28
1789528906	5929	uncounted	train	100000	0.23
1789528907	5929	uncounted	train	100000	0.19
1789528907	5929	uncounted	train	100000	0.15
1789528907	5929	uncounted	train	100000	0.28
1789528908	5929	uncounted	train	100000	0.22
1789528908	5929	uncounted	train	100000	0.18
1789528908	5929	uncounted	train	100000	0.28
1789528909	5929	uncounted	train	100000	0.28
1789528909	5929	uncounted	train	100000	0.28
1789528909	5929	uncounted	train	100000	0.31
1789528910	5929	uncounted	train	100000	0.24
1789528910	5929	uncounted	train	100000	0.20
1789528911	5929	uncounted	train	100000	0.31
1789528911	5929	uncounted	train	100000	0.32
1789528911	5929	uncounted	train	100000	0.31
1789528912	5929	uncounted	train	100000	0.29
1789528912	5929	uncounted	train	100000	0.22
1789528913	5929	uncounted	train	100000	0.19
1789528913	5929	uncounted	train	100000	0.28
1789528913	5929	uncounted	train	100000	0.29
1789528914	5929	uncounted	train	100000	0.30
1789528914	5929	uncounted	train	100000	0.33
1789528915	5929	uncounted	train	100000	0.24
1789528915	5929	uncounted	train	100000	0.22
1789528915	5929	uncounted	train	100000	0.32
1789528916	5929	uncounted	train	100000	0.31
1789528916	5929	uncounted	train	100000	0.30
1789528917	5929	uncounted	train	100000	0.29
1789528917	5929	uncounted	train	100000	0.24
1789528918	5929	uncounted	train	100000	0.20
1789528918	5929	uncounted	train	100000	0.29
1789528918	5929	uncounted	train	100000	0.29
1789528919	5929	uncounted	train	100000	0.29
1789529236	5991	uncounted	train	100000	0.29
1789529236	5991	uncounted	train	100000	0.22
1789529236	5991	uncounted	train	100000	0.21
1789529236	5991	uncounted	train	100000	0.30
1789529237	5991	uncounted	train	100000	0.30
1789529237	5991	uncounted	train	100000	0.31
1789529238	5991	uncounted	train	100000	0.31
1789529238	5991	uncounted	train	100000	0.24
1789529238	5991	uncounted	train	100000	0.20
1789529239	5991	uncounted	train	100000	0.16
1789529239	5991	uncounted	train	100000	0.31
1789529239	5991	uncounted	train	100000	0.23
1789529240	5991	uncounted	train	100000	0.20
1789529240	5991	uncounted	train	100000	0.31
1789529241	5991	uncounted	train	100000	0.32
1789529241	5991	uncounted	train	100000	0.32
1789529242	5991	uncounted	train	100000	0.32
1789529242	5991	uncounted	train	100000	0.26
1789529242	5991	uncounted	train	100000	0.20
1789529242	5991	uncounted	train	100000	0.16
1789529243	5991	uncounted	train	100000	0.29
1789529243	5991	uncounted	train	100000	0.22
1789529244	5991	uncounted	train	100000	0.20
1789529244	5991	uncounted	train	100000	0.29
1789529244	5991	uncounted	train	100000	0.28
1789529245	5991	uncounted	train	100000	0.30
1789529245	5991	uncounted	train	100000	0.29
1789529246	5991	uncounted	train	100000	0.25
1789529246	5991	uncounted	train	100000	0.21
1789529246	5991	uncounted	train	100000	0.18
1789529247	5991	uncounted	train	100000	0.33
1789529247	5991	uncounted	train	100000	0.27
1789529247	5991	uncounted	train	100000	0.22
1789529248	5991	uncounted	train	100000	0.33
1789529248	5991	uncounted	train	100000	0.33
1789529249	5991	uncounted	train	100000	0.33
1789529249	5991	uncounted	train	100000	0.36
1789529250	5991	uncounted	train	100000	0.28
1789529250	5991	uncounted	train	100000	0.23
1789529250	5991	uncounted	train	100000	0.18
1789529251	5991	uncounted	train	100000	0.33
1789529251	5991	uncounted	train	100000	0.24
1789529252	5991	uncounted	train	100000	0.20
1789529252	5991	uncounted	train	100000	0.32
1789529253	5991	uncounted	train	100000	0.33
1789529253	5991	uncounted	train	100000	0.32
1789529253	5991	uncounted	train	100000	0.33
1789529254	5991	uncounted	train	100000	0.28
1789529254	5991	uncounted	train	100000	0.22
1789529254	5991	uncounted	train	100000	0.17
1789529255	5991	uncounted	train	100000	0.31
1789529255	5991	uncounted	train	100000	0.25
1789529256	5991	uncounted	train	100000	0.20
1789529256	5991	uncounted	train	100000	0.31
1789529256	5991	uncounted	train	100000	0.31
1789529257	5991	uncounted	train	100000	0.30
1789529257	5991	uncounted	train	100000	0.31
1789529258	5991	uncounted	train	100000	0.26
1789529258	5991	uncounted	train	100000	0.22
1789529258	5991	uncounted	train	100000	0.17
1789529259	5991	uncounted	train	100000	0.29
1789529259	5991	uncounted	train	100000	0.23
1789529260	5991	uncounted	train	100000	0.20
1789529260	5991	uncounted	train	100000	0.31
1789529260	5991	uncounted	train	100000	0.30
1789529261	5991	uncounted	train	100000	0.30
1789529261	5991	uncounted	train	100000	0.30
1789529262	5991	uncounted	train	100000	0.23
1789529262	5991	uncounted	train	100000	0.21
1789529262	5991	uncounted	train	100000	0.16
1789529263	5991	uncounted	train	100000	0.29
1789529263	5991	uncounted	train	100000	0.23
1789529263	5991	uncounted	train	100000	0.19
1789529264	5991	uncounted	train	100000	0.29
1789529264	5991	uncounted	train	100000	0.30
1789529264	5991	uncounted	train	100000	0.32
1789529265	5991	uncounted	train	100000	0.30
1789529265	5991	uncounted	train	100000	0.24
1789529266	5991	uncounted	train	100000	0.20
1789529266	5991	uncounted	train	100000	0.16
1789529266	5991	uncounted	train	100000	0.28
1789529267	5991	uncounted	train	100000	0.21
1789529267	5991	uncounted	train	100000	0.18
1789529267	5991	uncounted	train	100000	0.27
1789529268	5991	uncounted	train	100000	0.27
1789529268	5991	uncounted	train	100000	0.28
1789529269	5991	uncounted	train	100000	0.28
1789529269	5991	uncounted	train	100000	0.23
1789529269	5991	uncounted	train	100000	0.19
1789529269	5991	uncounted	train	100000	0.14
1789529270	5991	uncounted	train	100000	0.30
1789529270	5991	uncounted	train	100000	0.23
1789529271	5991	uncounted	train	100000	0.20
1789529271	5991	uncounted	train	100000	0.32
1789529272	5991	uncounted	train	100000	0.32
1789529272	5991	uncounted	train	100000	0.32
1789529272	5991	uncounted	train	100000	0.33
1789529273	5991	uncounted	train	100000	0.26
1789529273	5991	uncounted	train	100000	0.22
1789529273	5991	uncounted	train	100000	0.17
1789529274	5991	uncounted	train	100000	0.31
1789529274	5991	uncounted	train	100000	0.24
1789529274	5991	uncounted	train	100000	0.19
1789529275	5991	uncounted	train	100000	0.30
1789529275	5991	uncounted	train	100000	0.31
1789529276	5991	uncounted	train	100000	0.31
1789529276	5991	uncounted	train	100000	0.32
1789529276	5991	uncounted	train	100000	0.24
1789529277	5991	uncounted	train	100000	0.20
1789529277	5991	uncounted	train	100000	0.16
1789529278	5991	uncounted	train	100000	0.33
1789529278	5991	uncounted	train	100000	0.25
1789529278	5991	uncounted	train	100000	0.21
1789529279	5991	uncounted	train	100000	0.32
1789529279	5991	uncounted	train	100000	0.31
1789529280	5991	uncounted	train	100000	0.32
1789529280	5991	uncounted	train	100000	0.32
1789529280	5991	uncounted	train	100000	0.27
1789529281	5991	uncounted	train	100000	0.22
1789529281	5991	uncounted	train	100000	0.18
1789529282	5991	uncounted	train	100000	0.32
1789529282	5991	uncounted	train	100000	0.24
1789529282	5991	uncounted	train	100000	0.20
1789529283	5991	uncounted	train	100000	0.30
1789529283	5991	uncounted	train	100000	0.33
1789529283	5991	uncounted	train	100000	0.32
1789529284	5991	uncounted	train	100000	0.32
1789529284	5991	uncounted	train	100000	0.25
1789529285	5991	uncounted	train	100000	0.21
1789529285	5991	uncounted	train	100000	0.16
1789529285	5991	uncounted	train	100000	0.34
1789529286	5991	uncounted	train	100000	0.26
1789529286	5991	uncounted	train	100000	0.21
1789529287	5991	uncounted	train	100000	0.33
1789529287	5991	uncounted	train	100000	0.35
1789529287	5991	uncounted	train	100000	0.35
1789529288	5991	uncounted	train	100000	0.36
1789529288	5991	uncounted	train	100000	0.28
1789529289	5991	uncounted	train	100000	0.24
1789529289	5991	uncounted	train	100000	0.18
1789529290	5991	uncounted	train	100000	0.33
1789529290	5991	uncounted	train	100000	0.26
1789529290	5991	uncounted	train	100000	0.22
1789529291	5991	uncounted	train	100000	0.35
1789529291	5991	uncounted	train	100000	0.34
1789529292	5991	uncounted	train	100000	0.33
1789529292	5991	uncounted	train	100000	0.33
1789529293	5991	uncounted	train	100000	0.28
1789529293	5991	uncounted	train	100000	0.23
1789529293	5991	uncounted	train	100000	0.17
1789529294	5991	uncounted	train	100000	0.34
1789529294	5991	uncounted	train	100000	0.28
1789529294	5991	uncounted	train	100000	0.21
1789529295	5991	uncounted	train	100000	0.33
1789529295	5991	uncounted	train	100000	0.32
1789529296	5991	uncounted	train	100000	0.32
1789529296	5991	uncounted	train	100000	0.33
1789529297	5991	uncounted	train	100000	0.27
1789529297	5991	uncounted	train	100000	0.21
1789529297	5991	uncounted	train	100000	0.16
1789529298	5991	uncounted	train	100000	0.33
1789529298	5991	uncounted	train	100000	0.24
1789529298	5991	uncounted	train	100000	0.21
1789529299	5991	uncounted	train	100000	0.32
1789529299	5991	uncounted	train	100000	0.32
1789529300	5991	uncounted	train	100000	0.33
1789529300	5991	uncounted	train	100000	0.33
1789529301	5991	uncounted	train	100000	0.26
1789529301	5991	uncounted	train	100000	0.22
1789529301	5991	uncounted	train	100000	0.16
1789529302	5991	uncounted	train	100000	0.31
1789529302	5991	uncounted	train	100000	0.24
1789529302	5991	uncounted	train	100000	0.20
1789529303	5991	uncounted	train	100000	0.32
1789529303	5991	uncounted	train	100000	0.34
1789529304	5991	uncounted	train	100000	0.33
1789529304	5991	uncounted	train	100000	0.34
1789529305	5991	uncounted	train	100000	0.27
1789529305	5991	uncounted	train	100000	0.21
1789529305	5991	uncounted	train	100000	0.17
1789529306	5991	uncounted	train	100000	0.32
1789529306	5991	uncounted	train	100000	0.25
1789529306	5991	uncounted	train	100000	0.21
1789529307	5991	uncounted	train	100000	0.33
1789529307	5991	uncounted	train	100000	0.33
1789529308	5991	uncounted	train	100000	0.32
1789529308	5991	uncounted	train	100000	0.32
1789529309	5991	uncounted	train	100000	0.26
1789529309	5991	uncounted	train	100000	0.22
1789529309	5991	uncounted	train	100000	0.17
1789529310	5991	uncounted	train	100000	0.33
1789529310	5991	uncounted	train	100000	0.26
1789529310	5991	uncounted	train	100000	0.21
1789529311	5991	uncounted	train	100000	0.32
1789529311	5991	uncounted	train	100000	0.33
1789529312	5991	uncounted	train	100000	0.32
1789529312	5991	uncounted	train	100000	0.33
1789529312	5991	uncounted	train	100000	0.26
1789529313	5991	uncounted	train	100000	0.22
1789529313	5991	uncounted	train	100000	0.17
1789529314	5991	uncounted	train	100000	0.30
1789529314	5991	uncounted	train	100000	0.24
1789529314	5991	uncounted	train	100000	0.20
1789529315	5991	uncounted	train	100000	0.30
1789529315	5991	uncounted	train	100000	0.30
1789529315	5991	uncounted	train	100000	0.30
1789529316	5991	uncounted	train	100000	0.31
1789529316	5991	uncounted	train	100000	0.26
1789529316	5991	uncounted	train	100000	0.20
1789529317	5991	uncounted	train	100000	0.16
1789529317	5991	uncounted	train	100000	0.29
1789529318	5991	uncounted	train	100000	0.24
1789529318	5991	uncounted	train	100000	0.20
1789529318	5991	uncounted	train	100000	0.31
1789529319	5991	uncounted	train	100000	0.31
1789529319	5991	uncounted	train	100000	0.31
1789529320	5991	uncounted	train	100000	0.30
1789529320	5991	uncounted	train	100000	0.25
1789529320	5991	uncounted	train	100000	0.20
1789529320	5991	uncounted	train	100000	0.17
1789529321	5991	uncounted	train	100000	0.30
1789529321	5991	uncounted	train	100000	0.24
1789529321	5991	uncounted	train	100000	0.19
1789529322	5991	uncounted	train	100000	0.33
1789529322	5991	uncounted	train	100000	0.31
1789529323	5991	uncounted	train	100000	0.31
1789529323	5991	uncounted	train	100000	0.32
1789529324	5991	uncounted	train	100000	0.27
1789529324	5991	uncounted	train	100000	0.20
1789529324	5991	uncounted	train	100000	0.16
1789529325	5991	uncounted	train	100000	0.31
1789529325	5991	uncounted	train	100000	0.25
1789529325	5991	uncounted	train	100000	0.20
1789529326	5991	uncounted	train	100000	0.33
1789529326	5991	uncounted	train	100000	0.33
1789529327	5991	uncounted	train	100000	0.33
1789529327	5991	uncounted	train	100000	0.32
1789529327	5991	uncounted	train	100000	0.26
1789529328	5991	uncounted	train	100000	0.21
1789529328	5991	uncounted	train	100000	0.17
1789529328	5991	uncounted	train	100000	0.31
1789529329	5991	uncounted	train	100000	0.24
1789529329	5991	uncounted	train	100000	0.20
1789529329	5991	uncounted	train	100000	0.31
1789529330	5991	uncounted	train	100000	0.32
1789529330	5991	uncounted	train	100000	0.33
1789529331	5991	uncounted	train	100000	0.33
1789529331	5991	uncounted	train	100000	0.26
1789529331	5991	uncounted	train	100000	0.20
1789529332	5991	uncounted	train	100000	0.16
1789529332	5991	uncounted	train	100000	0.33
1789529333	5991	uncounted	train	100000	0.27
1789529333	5991	uncounted	train	100000	0.21
1789529333	5991	uncounted	train	100000	0.33
1789529334	5991	uncounted	train	100000	0.33
1789529334	5991	uncounted	train	100000	0.34
1789529335	5991	uncounted	train	100000	0.33
1789529335	5991	uncounted	train	100000	0.27
1789529336	5991	uncounted	train	100000	0.23
1789529336	5991	uncounted	train	100000	0.17
1789529336	5991	uncounted	train	100000	0.32
1789529337	5991	uncounted	train	100000	0.26
1789529337	5991	uncounted	train	100000	0.20
1789529337	5991	uncounted	train	100000	0.32
1789529338	5991	uncounted	train	100000	0.31
1789529338	5991	uncounted	train	100000	0.31
1789529339	5991	uncounted	train	100000	0.32
1789529339	5991	uncounted	train	100000	0.26
1789529339	5991	uncounted	train	100000	0.22
1789529340	5991	uncounted	train	100000	0.17
1789529340	5991	uncounted	train	100000	0.31
1789529341	5991	uncounted	train	100000	0.26
1789529341	5991	uncounted	train	100000	0.21
1789529341	5991	uncounted	train	100000	0.32
1789529342	5991	uncounted	train	100000	0.31
1789529342	5991	uncounted	train	100000	0.32
1789529343	5991	uncounted	train	100000	0.32
1789529343	5991	uncounted	train	100000	0.27
1789529343	5991	uncounted	train	100000	0.21
1789529344	5991	uncounted	train	100000	0.17
1789529344	5991	uncounted	train	100000	0.35
1789529345	5991	uncounted	train	100000	0.27
1789529345	5991	uncounted	train	100000	0.21
1789529345	5991	uncounted	train	100000	0.33
1789529346	5991	uncounted	train	100000	0.33
1789529346	5991	uncounted	train	100000	0.33
1789529347	5991	uncounted	train	100000	0.33
1789529347	5991	uncounted	train	100000	0.27
1789529348	5991	uncounted	train	100000	0.22
1789529348	5991	uncounted	train	100000	0.17
1789529348	5991	uncounted	train	100000	0.31
1789529349	5991	uncounted	train	100000	0.25
1789529349	5991	uncounted	train	100000	0.20
1789529349	5991	uncounted	train	100000	0.33
1789529350	5991	uncounted	train	100000	0.33
1789529350	5991	uncounted	train	100000	0.32
1789529351	5991	uncounted	train	100000	0.32
1789529351	5991	uncounted	train	100000	0.27
1789529351	5991	uncounted	train	100000	0.22
1789529352	5991	uncounted	train	100000	0.17
1789529352	5991	uncounted	train	100000	0.32
1789529353	5991	uncounted	train	100000	0.25
1789529353	5991	uncounted	train	100000	0.20
1789529353	5991	uncounted	train	100000	0.32
1789529354	5991	uncounted	train	100000	0.32
1789529354	5991	uncounted	train	100000	0.32
1789529355	5991	uncounted	train	100000	0.31
1789529355	5991	uncounted	train	100000	0.25
1789529355	5991	uncounted	train	100000	0.20
1789529356	5991	uncounted	train	100000	0.16
1789529356	5991	uncounted	train	100000	0.32
1789529357	5991	uncounted	train	100000	0.26
1789529357	5991	uncounted	train	100000	0.21
1789529357	5991	uncounted	train	100000	0.32
1789529358	5991	uncounted	train	100000	0.32
1789529358	5991	uncounted	train	100000	0.33
1789529359	5991	uncounted	train	100000	0.33
1789529359	5991	uncounted	train	100000	0.27
1789529359	5991	uncounted	train	100000	0.21
1789529359	5991	uncounted	train	100000	0.17
1789529360	5991	uncounted	train	100000	0.30
1789529360	5991	uncounted	train	100000	0.25
1789529361	5991	uncounted	train	100000	0.21
1789529361	5991	uncounted	train	100000	0.30
1789529361	5991	uncounted	train	100000	0.31
1789529362	5991	uncounted	train	100000	0.31
1789529362	5991	uncounted	train	100000	0.31
1789529363	5991	uncounted	train	100000	0.26
1789529363	5991	uncounted	train	100000	0.21
1789529363	5991	uncounted	train	100000	0.16
1789529364	5991	uncounted	train	100000	0.29
1789529364	5991	uncounted	train	100000	0.24
1789529364	5991	uncounted	train	100000	0.19
1789529365	5991	uncounted	train	100000	0.30
1789529365	5991	uncounted	train	100000	0.30
1789529366	5991	uncounted	train	100000	0.31
1789529366	5991	uncounted	train	100000	0.31
1789529366	5991	uncounted	train	100000	0.25
1789529367	5991	uncounted	train	100000	0.20
1789529367	5991	uncounted	train	100000	0.16
1789529368	5991	uncounted	train	100000	1.07
1789529369	5991	uncounted	train	100000	0.24
1789529369	5991	uncounted	train	100000	0.19
1789529369	5991	uncounted	train	100000	0.29
1789529370	5991	uncounted	train	100000	0.31
1789529370	5991	uncounted	train	100000	0.29
1789529371	5991	uncounted	train	100000	0.30
1789529371	5991	uncounted	train	100000	0.25
1789529371	5991	uncounted	train	100000	0.19
1789529371	5991	uncounted	train	100000	0.15
1789529372	5991	uncounted	train	100000	0.29
1789529372	5991	uncounted	train	100000	0.23
1789529373	5991	uncounted	train	100000	0.19
1789529373	5991	uncounted	train	100000	0.29
1789529373	5991	uncounted	train	100000	0.29
1789529374	5991	uncounted	train	100000	0.29
1789529374	5991	uncounted	train	100000	0.29
1789529374	5991	uncounted	train	100000	0.26
1789529375	5991	uncounted	train	100000	0.20
1789529375	5991	uncounted	train	100000	0.16
1789529375	5991	uncounted	train	100000	0.30
1789529376	5991	uncounted	train	100000	0.24
1789529376	5991	uncounted	train	100000	0.21
1789529376	5991	uncounted	train	100000	0.33
1789529377	5991	uncounted	train	100000	0.33
1789529377	5991	uncounted	train	100000	0.32
1789529378	5991	uncounted	train	100000	0.32
1789529378	5991	uncounted	train	100000	0.25
1789529378	5991	uncounted	train	100000	0.20
1789529379	5991	uncounted	train	100000	0.17
1789529379	5991	uncounted	train	100000	0.31
1789529380	5991	uncounted	train	100000	0.25
1789529380	5991	uncounted	train	100000	0.20
1789529380	5991	uncounted	train	100000	0.32
1789529381	5991	uncounted	train	100000	0.33
1789529381	5991	uncounted	train	100000	0.32
1789529382	5991	uncounted	train	100000	0.33
1789529382	5991	uncounted	train	100000	0.27
1789529382	5991	uncounted	train	100000	0.22
1789529383	5991	uncounted	train	100000	0.17
1789529383	5991	uncounted	train	100000	0.32
1789529384	5991	uncounted	train	100000	0.26
1789529384	5991	uncounted	train	100000	0.21
1789529384	5991	uncounted	train	100000	0.31
1789529385	5991	uncounted	train	100000	0.32
1789529385	5991	uncounted	train	100000	0.33
1789529386	5991	uncounted	train	100000	0.31
1789529386	5991	uncounted	train	100000	0.26
1789529386	5991	uncounted	train	100000	0.22
1789529386	5991	uncounted	train	100000	0.16
1789529387	5991	uncounted	train	100000	0.35
1789529387	5991	uncounted	train	100000	0.27
1789529388	5991	uncounted	train	100000	0.22
1789529388	5991	uncounted	train	100000	0.35
1789529389	5991	uncounted	train	100000	0.35
1789529389	5991	uncounted	train	100000	0.34
1789529390	5991	uncounted	train	100000	0.33
1789529390	5991	uncounted	train	100000	0.27
1789529390	5991	uncounted	train	100000	0.22
1789529391	5991	uncounted	train	100000	0.17
1789529391	5991	uncounted	train	100000	0.33
1789529392	5991	uncounted	train	100000	0.26
1789529392	5991	uncounted	train	100000	0.21
1789529392	5991	uncounted	train	100000	0.33
1789529393	5991	uncounted	train	100000	0.33
1789529393	5991	uncounted	train	100000	0.32
1789529394	5991	uncounted	train	100000	0.32
1789529394	5991	uncounted	train	100000	0.25
1789529394	5991	uncounted	train	100000	0.21
1789529395	5991	uncounted	train	100000	0.17
1789529395	5991	uncounted	train	100000	0.32
1789529396	5991	uncounted	train	100000	0.24
1789529396	5991	uncounted	train	100000	0.21
1789529396	5991	uncounted	train	100000	0.30
1789529397	5991	uncounted	train	100000	0.31
1789529397	5991	uncounted	train	100000	0.31
1789529397	5991	uncounted	train	100000	0.30
1789529398	5991	uncounted	train	100000	0.25
1789529398	5991	uncounted	train	100000	0.21
1789529398	5991	uncounted	train	100000	0.16
1789529399	5991	uncounted	train	100000	0.32
1789529399	5991	uncounted	train	100000	0.26
1789529400	5991	uncounted	train	100000	0.22
1789529400	5991	uncounted	train	100000	0.34
1789529401	5991	uncounted	train	100000	0.34
1789529401	5991	uncounted	train	100000	0.34
1789529402	5991	uncounted	train	100000	0.33
1789529402	5991	uncounted	train	100000	0.26
1789529402	5991	uncounted	train	100000	0.21
1789529403	5991	uncounted	train	100000	0.17
1789529403	5991	uncounted	train	100000	0.32
1789529403	5991	uncounted	train	100000	0.25
1789529404	5991	uncounted	train	100000	0.21
1789529404	5991	uncounted	train	100000	0.32
1789529405	5991	uncounted	train	100000	0.33
1789529405	5991	uncounted	train	100000	0.32
1789529406	5991	uncounted	train	100000	0.39
1789529406	5991	uncounted	train	100000	0.26
1789529406	5991	uncounted	train	100000	0.22
1789529407	5991	uncounted	train	100000	0.17
1789529407	5991	uncounted	train	100000	0.31
1789529408	5991	uncounted	train	100000	0.23
1789529408	5991	uncounted	train	100000	0.19
1789529408	5991	uncounted	train	100000	0.31
1789529409	5991	uncounted	train	100000	0.30
1789529409	5991	uncounted	train	100000	0.29
1789529409	5991	uncounted	train	100000	0.30
1789529410	5991	uncounted	train	100000	0.24
1789529410	5991	uncounted	train	100000	0.20
1789529410	5991	uncounted	train	100000	0.16
1789529411	5991	uncounted	train	100000	0.36
1789529411	5991	uncounted	train	100000	0.26
1789529412	5991	uncounted	train	100000	0.22
1789529412	5991	uncounted	train	100000	0.33
1789529412	5991	uncounted	train	100000	0.33
1789529413	5991	uncounted	train	100000	0.32
1789529413	5991	uncounted	train	100000	0.32
1789529414	5991	uncounted	train	100000	0.32
1789529414	5991	uncounted	train	100000	0.23
1789529414	5991	uncounted	train	100000	0.17
1789529415	5991	uncounted	train	100000	0.30
1789529415	5991	uncounted	train	100000	0.25
1789529416	5991	uncounted	train	100000	0.22
1789529416	5991	uncounted	train	100000	0.35
1789529416	5991	uncounted	train	100000	0.31
1789529417	5991	uncounted	train	100000	0.30
1789529417	5991	uncounted	train	100000	0.31
1789529418	5991	uncounted	train	100000	0.27
1789529418	5991	uncounted	train	100000	0.20
1789529418	5991	uncounted	train	100000	0.16
1789529419	5991	uncounted	train	100000	0.31
1789529419	5991	uncounted	train	100000	0.24
1789529419	5991	uncounted	train	100000	0.21
1789529420	5991	uncounted	train	100000	0.32
1789529420	5991	uncounted	train	100000	0.30
1789529421	5991	uncounted	train	100000	0.31
1789529421	5991	uncounted	train	100000	0.30
1789529421	5991	uncounted	train	100000	0.25
1789529422	5991	uncounted	train	100000	0.20
1789529422	5991	uncounted	train	100000	0.16
1789529422	5991	uncounted	train	100000	0.30
1789529423	5991	uncounted	train	100000	0.24
1789529423	5991	uncounted	train	100000	0.20
1789529423	5991	uncounted	train	100000	0.30
1789529424	5991	uncounted	train	100000	0.29
1789529424	5991	uncounted	train	100000	0.28
1789529425	5991	uncounted	train	100000	0.29
1789529425	5991	uncounted	train	100000	0.23
1789529425	5991	uncounted	train	100000	0.19
1789529426	5991	uncounted	train	100000	0.16
1789529426	5991	uncounted	train	100000	0.30
1789529426	5991	uncounted	train	100000	0.22
1789529427	5991	uncounted	train	100000	0.18
1789529427	5991	uncounted	train	100000	0.29
1789529427	5991	uncounted	train	100000	0.28
1789529428	5991	uncounted	train	100000	0.28
1789529428	5991	uncounted	train	100000	0.29
1789529429	5991	uncounted	train	100000	0.24
1789529429	5991	uncounted	train	100000	0.21
1789529429	5991	uncounted	train	100000	0.16
1789529430	5991	uncounted	train	100000	0.31
1789529430	5991	uncounted	train	100000	0.24
1789529431	5991	uncounted	train	100000	0.19
1789529431	5991	uncounted	train	100000	0.31
1789529432	5991	uncounted	train	100000	0.32
1789529432	5991	uncounted	train	100000	0.31
1789529432	5991	uncounted	train	100000	0.30
1789529433	5991	uncounted	train	100000	0.26
1789529433	5991	uncounted	train	100000	0.20
1789529433	5991	uncounted	train	100000	0.16
1789529673	6029	uncounted	train	100000	0.32
1789529674	6029	uncounted	train	100000	0.24
1789529674	6029	uncounted	train	100000	0.19
1789529674	6029	uncounted	train	100000	0.36
1789529695	6029	uncounted	train	100000	20.12
1789529698	6029	uncounted	train	100000	2.59
1789529698	6029	uncounted	train	100000	0.31
1789529698	6029	uncounted	train	100000	0.26
1789529699	6029	uncounted	train	100000	0.20
1789529699	6029	uncounted	train	100000	0.16
1789529699	6029	uncounted	train	100000	0.31
1789529700	6029	uncounted	train	100000	0.26
1789529700	6029	uncounted	train	100000	0.22
1789529701	6029	uncounted	train	100000	0.34
1789529701	6029	uncounted	train	100000	0.34
1789529702	6029	uncounted	train	100000	0.36
1789529702	6029	uncounted	train	100000	0.34
1789529702	6029	uncounted	train	100000	0.26
1789529703	6029	uncounted	train	100000	0.23
1789529703	6029	uncounted	train	100000	0.17
1789529704	6029	uncounted	train	100000	0.31
1789529704	6029	uncounted	train	100000	0.23
1789529704	6029	uncounted	train	100000	0.19
1789529705	6029	uncounted	train	100000	0.30
1789529705	6029	uncounted	train	100000	0.31
1789529705	6029	uncounted	train	100000	0.31
1789529706	6029	uncounted	train	100000	0.34
1789529706	6029	uncounted	train	100000	0.27
1789529707	6029	uncounted	train	100000	0.22
1789529707	6029	uncounted	train	100000	0.17
1789529707	6029	uncounted	train	100000	0.34
1789529708	6029	uncounted	train	100000	0.26
1789529708	6029	uncounted	train	100000	0.21
1789529709	6029	uncounted	train	100000	0.32
1789529709	6029	uncounted	train	100000	0.33
1789529709	6029	uncounted	train	100000	0.34
1789529710	6029	uncounted	train	100000	0.33
1789529710	6029	uncounted	train	100000	0.26
1789529711	6029	uncounted	train	100000	0.22
1789529711	6029	uncounted	train	100000	0.17
1789529712	6029	uncounted	train	100000	0.32
1789529712	6029	uncounted	train	100000	0.24
1789529712	6029	uncounted	train	100000	0.20
1789529713	6029	uncounted	train	100000	0.32
1789529713	6029	uncounted	train	100000	0.31
1789529713	6029	uncounted	train	100000	0.32
1789529714	6029	uncounted	train	100000	0.31
1789529714	6029	uncounted	train	100000	0.25
1789529715	6029	uncounted	train	100000	0.21
1789529715	6029	uncounted	train	100000	0.17
1789529715	6029	uncounted	train	100000	0.31
1789529716	6029	uncounted	train	100000	0.24
1789529716	6029	uncounted	train	100000	0.20
1789529716	6029	uncounted	train	100000	0.30
1789529717	6029	uncounted	train	100000	0.30
1789529717	6029	uncounted	train	100000	0.31
1789529718	6029	uncounted	train	100000	0.33
1789529718	6029	uncounted	train	100000	0.27
1789529718	6029	uncounted	train	100000	0.23
1789529719	6029	uncounted	train	100000	0.16
1789529719	6029	uncounted	train	100000	0.33
1789529720	6029	uncounted	train	100000	0.26
1789529720	6029	uncounted	train	100000	0.21
1789529720	6029	uncounted	train	100000	0.32
1789529721	6029	uncounted	train	100000	0.33
1789529721	6029	uncounted	train	100000	0.32
1789529722	6029	uncounted	train	100000	0.32
1789529722	6029	uncounted	train	100000	0.27
1789529722	6029	uncounted	train	100000	0.21
1789529723	6029	uncounted	train	100000	0.17
1789529723	6029	uncounted	train	100000	0.30
1789529724	6029	uncounted	train	100000	0.24
1789529724	6029	uncounted	train	100000	0.20
1789529724	6029	uncounted	train	100000	0.31
1789529725	6029	uncounted	train	100000	0.32
1789529725	6029	uncounted	train	100000	0.32
1789529725	6029	uncounted	train	100000	0.32
1789529726	6029	uncounted	train	100000	0.28
1789529726	6029	uncounted	train	100000	0.20
1789529726	6029	uncounted	train	100000	0.16
1789529727	6029	uncounted	train	100000	0.32
1789529727	6029	uncounted	train	100000	0.24
1789529727	6029	uncounted	train	100000	0.19
1789529728	6029	uncounted	train	100000	0.31
1789529728	6029	uncounted	train	100000	0.31
1789529729	6029	uncounted	train	100000	0.32
1789529729	6029	uncounted	train	100000	0.32
1789529729	6029	uncounted	train	100000	0.26
1789529730	6029	uncounted	train	100000	0.21
1789529730	6029	uncounted	train	100000	0.17
1789529731	6029	uncounted	train	100000	0.32
1789529731	6029	uncounted	train	100000	0.25
1789529731	6029	uncounted	train	100000	0.20
1789529732	6029	uncounted	train	100000	0.32
1789529732	6029	uncounted	train	100000	0.33
1789529733	6029	uncounted	train	100000	0.33
1789529733	6029	uncounted	train	100000	0.32
1789529733	6029	uncounted	train	100000	0.28
1789529734	6029	uncounted	train	100000	0.22
1789529734	6029	uncounted	train	100000	0.16
1789529734	6029	uncounted	train	100000	0.30
1789529735	6029	uncounted	train	100000	0.23
1789529735	6029	uncounted	train	100000	0.19
1789529735	6029	uncounted	train	100000	0.31
1789529736	6029	uncounted	train	100000	0.32
1789529736	6029	uncounted	train	100000	0.32
1789529737	6029	uncounted	train	100000	0.33
1789529737	6029	uncounted	train	100000	0.26
1789529737	6029	uncounted	train	100000	0.21
1789529738	6029	uncounted	train	100000	0.17
1789529738	6029	uncounted	train	100000	0.32
1789529739	6029	uncounted	train	100000	0.26
1789529739	6029	uncounted	train	100000	0.21
1789529739	6029	uncounted	train	100000	0.33
1789529740	6029	uncounted	train	100000	0.33
1789529740	6029	uncounted	train	100000	0.33
1789529741	6029	uncounted	train	100000	0.33
1789529741	6029	uncounted	train	100000	0.27
1789529741	6029	uncounted	train	100000	0.22
1789529742	6029	uncounted	train	100000	0.17
1789529742	6029	uncounted	train	100000	0.32
1789529743	6029	uncounted	train	100000	0.26
1789529743	6029	uncounted	train	100000	0.20
1789529743	6029	uncounted	train	100000	0.32
1789529744	6029	uncounted	train	100000	0.33
1789529744	6029	uncounted	train	100000	0.31
1789529745	6029	uncounted	train	100000	0.32
1789529745	6029	uncounted	train	100000	0.26
1789529745	6029	uncounted	train	100000	0.22
1789529745	6029	uncounted	train	100000	0.17
1789529746	6029	uncounted	train	100000	0.34
1789529746	6029	uncounted	train	100000	0.26
1789529747	6029	uncounted	train	100000	0.21
1789529747	6029	uncounted	train	100000	0.32
1789529748	6029	uncounted	train	100000	0.33
1789529748	6029	uncounted	train	100000	0.34
1789529749	6029	uncounted	train	100000	0.35
1789529749	6029	uncounted	train	100000	0.29
1789529749	6029	uncounted	train	100000	0.24
1789529750	6029	uncounted	train	100000	0.18
1789529750	6029	uncounted	train	100000	0.32
1789529751	6029	uncounted	train	100000	0.26
1789529751	6029	uncounted	train	100000	0.20
1789529751	6029	uncounted	train	100000	0.32
1789529752	6029	uncounted	train	100000	0.32
1789529752	6029	uncounted	train	100000	0.32
1789529753	6029	uncounted	train	100000	0.32
1789529753	6029	uncounted	train	100000	0.27
1789529753	6029	uncounted	train	100000	0.21
1789529754	6029	uncounted	train	100000	0.17
1789529754	6029	uncounted	train	100000	0.32
1789529755	6029	uncounted	train	100000	0.25
1789529755	6029	uncounted	train	100000	0.20
1789529755	6029	uncounted	train	100000	0.31
1789529756	6029	uncounted	train	100000	0.32
1789529756	6029	uncounted	train	100000	0.32
1789529757	6029	uncounted	train	100000	0.32
1789529757	6029	uncounted	train	100000	0.27
1789529757	6029	uncounted	train	100000	0.21
1789529758	6029	uncounted	train	100000	0.17
1789529758	6029	uncounted	train	100000	0.33
1789529759	6029	uncounted	train	100000	0.28
1789529759	6029	uncounted	train	100000	0.22
1789529759	6029	uncounted	train	100000	0.33
1789529760	6029	uncounted	train	100000	0.34
1789529760	6029	uncounted	train	100000	0.34
1789529761	6029	uncounted	train	100000	0.33
1789529761	6029	uncounted	train	100000	0.27
1789529761	6029	uncounted	train	100000	0.22
1789529762	6029	uncounted	train	100000	0.17
1789529762	6029	uncounted	train	100000	0.30
1789529763	6029	uncounted	train	100000	0.24
1789529763	6029	uncounted	train	100000	0.21
1789529763	6029	uncounted	train	100000	0.32
1789529764	6029	uncounted	train	100000	0.32
1789529764	6029	uncounted	train	100000	0.32
1789529765	6029	uncounted	train	100000	0.31
1789529765	6029	uncounted	train	100000	0.25
1789529765	6029	uncounted	train	100000	0.20
1789529765	6029	uncounted	train	100000	0.16
1789529766	6029	uncounted	train	100000	0.32
1789529766	6029	uncounted	train	100000	0.24
1789529766	6029	uncounted	train	100000	0.19
1789529767	6029	uncounted	train	100000	0.32
1789529767	6029	uncounted	train	100000	0.31
1789529768	6029	uncounted	train	100000	0.31
1789529768	6029	uncounted	train	100000	0.31
1789529768	6029	uncounted	train	100000	0.25
1789529769	6029	uncounted	train	100000	0.20
1789529769	6029	uncounted	train	100000	0.16
1789529770	6029	uncounted	train	100000	0.32
1789529770	6029	uncounted	train	100000	0.26
1789529770	6029	uncounted	train	100000	0.21
1789529771	6029	uncounted	train	100000	0.32
1789529771	6029	uncounted	train	100000	0.32
1789529771	6029	uncounted	train	100000	0.32
1789529772	6029	uncounted	train	100000	0.33
1789529772	6029	uncounted	train	100000	0.27
1789529773	6029	uncounted	train	100000	0.22
1789529773	6029	uncounted	train	100000	0.17
1789529774	6029	uncounted	train	100000	0.30
1789529774	6029	uncounted	train	100000	0.24
1789529774	6029	uncounted	train	100000	0.19
1789529775	6029	uncounted	train	100000	0.31
1789529775	6029	uncounted	train	100000	0.33
1789529776	6029	uncounted	train	100000	0.33
1789529776	6029	uncounted	train	100000	0.32
1789529776	6029	uncounted	train	100000	0.26
1789529777	6029	uncounted	train	100000	0.21
1789529777	6029	uncounted	train	100000	0.16
1789529777	6029	uncounted	train	100000	0.31
1789529778	6029	uncounted	train	100000	0.24
1789529778	6029	uncounted	train	100000	0.21
1789529778	6029	uncounted	train	100000	0.32
1789529779	6029	uncounted	train	100000	0.32
1789529779	6029	uncounted	train	100000	0.31
1789529780	6029	uncounted	train	100000	0.32
1789529780	6029	uncounted	train	100000	0.25
1789529780	6029	uncounted	train	100000	0.20
1789529781	6029	uncounted	train	100000	0.16
1789529785	6029	uncounted	train	100000	4.04
1789529785	6029	uncounted	train	100000	0.27
1789529798	6029	uncounted	train	100000	12.27
1789529816	6029	uncounted	train	100000	18.16
1789529817	6029	uncounted	train	100000	0.32
1789529817	6029	uncounted	train	100000	0.32
1789529818	6029	uncounted	train	100000	0.33
1789529818	6029	uncounted	train	100000	0.27
1789529818	6029	uncounted	train	100000	0.21
1789529818	6029	uncounted	train	100000	0.17
1789529819	6029	uncounted	train	100000	0.31
1789529819	6029	uncounted	train	100000	0.24
1789529820	6029	uncounted	train	100000	0.20
1789529820	6029	uncounted	train	100000	0.33
1789529820	6029	uncounted	train	100000	0.31
1789529821	6029	uncounted	train	100000	0.31
1789529821	6029	uncounted	train	100000	0.32
1789529822	6029	uncounted	train	100000	0.26
1789529822	6029	uncounted	train	100000	0.21
1789529822	6029	uncounted	train	100000	0.16
1789529823	6029	uncounted	train	100000	0.34
1789529823	6029	uncounted	train	100000	0.27
1789529824	6029	uncounted	train	100000	0.22
1789529824	6029	uncounted	train	100000	0.33
1789529824	6029	uncounted	train	100000	0.34
1789529825	6029	uncounted	train	100000	0.33
1789529825	6029	uncounted	train	100000	0.35
1789529826	6029	uncounted	train	100000	0.29
1789529826	6029	uncounted	train	100000	0.23
1789529827	6029	uncounted	train	100000	0.17
1789529827	6029	uncounted	train	100000	0.33
1789529827	6029	uncounted	train	100000	0.26
1789529828	6029	uncounted	train	100000	0.20
1789529828	6029	uncounted	train	100000	0.35
1789529829	6029	uncounted	train	100000	0.34
1789529829	6029	uncounted	train	100000	0.33
1789529830	6029	uncounted	train	100000	0.32
1789529830	6029	uncounted	train	100000	0.27
1789529830	6029	uncounted	train	100000	0.22
1789529831	6029	uncounted	train	100000	0.17
1789529831	6029	uncounted	train	100000	0.31
1789529831	6029	uncounted	train	100000	0.26
1789529832	6029	uncounted	train	100000	0.20
1789529832	6029	uncounted	train	100000	0.31
1789529833	6029	uncounted	train	100000	0.30
1789529833	6029	uncounted	train	100000	0.32
1789529833	6029	uncounted	train	100000	0.31
1789529834	6029	uncounted	train	100000	0.26
1789529834	6029	uncounted	train	100000	0.21
1789529834	6029	uncounted	train	100000	0.17
1789529835	6029	uncounted	train	100000	0.34
1789529835	6029	uncounted	train	100000	0.26
1789529836	6029	uncounted	train	100000	0.23
1789529836	6029	uncounted	train	100000	0.33
1789529837	6029	uncounted	train	100000	0.35
1789529837	6029	uncounted	train	100000	0.34
1789529838	6029	uncounted	train	100000	0.33
1789529838	6029	uncounted	train	100000	0.27
1789529838	6029	uncounted	train	100000	0.21
1789529839	6029	uncounted	train	100000	0.17
1789529839	6029	uncounted	train	100000	0.31
1789529839	6029	uncounted	train	100000	0.24
1789529840	6029	uncounted	train	100000	0.20
1789529840	6029	uncounted	train	100000	0.32
1789529840	6029	uncounted	train	100000	0.33
1789529841	6029	uncounted	train	100000	0.34
1789529841	6029	uncounted	train	100000	0.32
1789529842	6029	uncounted	train	100000	0.26
1789529842	6029	uncounted	train	100000	0.21
1789529842	6029	uncounted	train	100000	0.17
1789529843	6029	uncounted	train	100000	0.31
1789529843	6029	uncounted	train	100000	0.24
1789529843	6029	uncounted	train	100000	0.19
1789529844	6029	uncounted	train	100000	0.31
1789529844	6029	uncounted	train	100000	0.32
1789529845	6029	uncounted	train	100000	0.32
1789529845	6029	uncounted	train	100000	0.32
1789529845	6029	uncounted	train	100000	0.24
1789529846	6029	uncounted	train	100000	0.19
1789529846	6029	uncounted	train	100000	0.16
1789529846	6029	uncounted	train	100000	0.30
1789529847	6029	uncounted	train	100000	0.25
1789529847	6029	uncounted	train	100000	0.20
1789529847	6029	uncounted	train	100000	0.31
1789529848	6029	uncounted	train	100000	0.31
1789529848	6029	uncounted	train	100000	0.31
1789529849	6029	uncounted	train	100000	0.32
1789529849	6029	uncounted	train	100000	0.26
1789529849	6029	uncounted	train	100000	0.20
1789529850	6029	uncounted	train	100000	0.16
1789529850	6029	uncounted	train	100000	0.30
1789529850	6029	uncounted	train	100000	0.24
1789529851	6029	uncounted	train	100000	0.20
1789529851	6029	uncounted	train	100000	0.31
1789529852	6029	uncounted	train	100000	0.30
1789529852	6029	uncounted	train	100000	0.31
1789529852	6029	uncounted	train	100000	0.30
1789529853	6029	uncounted	train	100000	0.24
1789529853	6029	uncounted	train	100000	0.21
1789529853	6029	uncounted	train	100000	0.16
1789529854	6029	uncounted	train	100000	0.29
1789529854	6029	uncounted	train	100000	0.23
1789529854	6029	uncounted	train	100000	0.19
1789529855	6029	uncounted	train	100000	0.31
1789529855	6029	uncounted	train	100000	0.30
1789529855	6029	uncounted	train	100000	0.30
1789529856	6029	uncounted	train	100000	0.31
1789529856	6029	uncounted	train	100000	0.24
1789529856	6029	uncounted	train	100000	0.19
1789529857	6029	uncounted	train	100000	0.16
1789529857	6029	uncounted	train	100000	0.40
1789529858	6029	uncounted	train	100000	0.59
1789529859	6029	uncounted	train	100000	0.32
1789529859	6029	uncounted	train	100000	0.24
1789529859	6029	uncounted	train	100000	0.20
1789529860	6029	uncounted	train	100000	0.31
1789529860	6029	uncounted	train	100000	0.31
1789529860	6029	uncounted	train	100000	0.30
1789529861	6029	uncounted	train	100000	0.33
1789529861	6029	uncounted	train	100000	0.25
1789529861	6029	uncounted	train	100000	0.20
1789529862	6029	uncounted	train	100000	0.16
1789529862	6029	uncounted	train	100000	0.41
1789529863	6029	uncounted	train	100000	0.61
1789529863	6029	uncounted	train	100000	0.30
1789529864	6029	uncounted	train	100000	0.23
1789529864	6029	uncounted	train	100000	0.19
1789529864	6029	uncounted	train	100000	0.30
1789529865	6029	uncounted	train	100000	0.31
1789529865	6029	uncounted	train	100000	0.34
1789529866	6029	uncounted	train	100000	0.30
1789529866	6029	uncounted	train	100000	0.24
1789529866	6029	uncounted	train	100000	0.20
1789529867	6029	uncounted	train	100000	0.17
1789529867	6029	uncounted	train	100000	0.41
1789529868	6029	uncounted	train	100000	0.59
1789529868	6029	uncounted	train	100000	0.31
1789529869	6029	uncounted	train	100000	0.24
1789529869	6029	uncounted	train	100000	0.20
1789529870	6029	uncounted	train	100000	0.31
1789529870	6029	uncounted	train	100000	0.32
1789529870	6029	uncounted	train	100000	0.31
1789529871	6029	uncounted	train	100000	0.31
1789529871	6029	uncounted	train	100000	0.27
1789529872	6029	uncounted	train	100000	0.21
1789529872	6029	uncounted	train	100000	0.17
1789529872	6029	uncounted	train	100000	0.42
1789529873	6029	uncounted	train	100000	0.62
1789529874	6029	uncounted	train	100000	0.31
1789529874	6029	uncounted	train	100000	0.24
1789529874	6029	uncounted	train	100000	0.20
1789529875	6029	uncounted	train	100000	0.31
1789529875	6029	uncounted	train	100000	0.33
1789529875	6029	uncounted	train	100000	0.31
1789529876	6029	uncounted	train	100000	0.32
1789529876	6029	uncounted	train	100000	0.26
1789529877	6029	uncounted	train	100000	0.21
1789529877	6029	uncounted	train	100000	0.16
1789529877	6029	uncounted	train	100000	0.32
1789529878	6029	uncounted	train	100000	0.25
1789529878	6029	uncounted	train	100000	0.21
1789529878	6029	uncounted	train	100000	0.34
1789529879	6029	uncounted	train	100000	0.35
1789529879	6029	uncounted	train	100000	0.32
1789529880	6029	uncounted	train	100000	0.33
1789529880	6029	uncounted	train	100000	0.26
1789529881	6029	uncounted	train	100000	0.22
1789529881	6029	uncounted	train	100000	0.17
1789529881	6029	uncounted	train	100000	0.32
1789529882	6029	uncounted	train	100000	0.25
1789529882	6029	uncounted	train	100000	0.21
1789529882	6029	uncounted	train	100000	0.34
1789529883	6029	uncounted	train	100000	0.31
1789529883	6029	uncounted	train	100000	0.31
1789529884	6029	uncounted	train	100000	0.31
1789529884	6029	uncounted	train	100000	0.26
1789529884	6029	uncounted	train	100000	0.20
1789529885	6029	uncounted	train	100000	0.17
1789529885	6029	uncounted	train	100000	0.37
1789529886	6029	uncounted	train	100000	0.27
1789529886	6029	uncounted	train	100000	0.24
1789529887	6029	uncounted	train	100000	0.34
1789529887	6029	uncounted	train	100000	0.33
1789529887	6029	uncounted	train	100000	0.34
1789529888	6029	uncounted	train	100000	0.33
1789529888	6029	uncounted	train	100000	0.27
1789529889	6029	uncounted	train	100000	0.22
1789529889	6029	uncounted	train	100000	0.17
1789529890	6029	uncounted	train	100000	0.32
1789529890	6029	uncounted	train	100000	0.26
1789529890	6029	uncounted	train	100000	0.21
1789529891	6029	uncounted	train	100000	0.33
1789529891	6029	uncounted	train	100000	0.31
1789529892	6029	uncounted	train	100000	0.32
1789529892	6029	uncounted	train	100000	0.31
1789529892	6029	uncounted	train	100000	0.26
1789529893	6029	uncounted	train	100000	0.21
1789529893	6029	uncounted	train	100000	0.17
1789529893	6029	uncounted	train	100000	0.33
1789529894	6029	uncounted	train	100000	0.25
1789529894	6029	uncounted	train	100000	0.20
1789529894	6029	uncounted	train	100000	0.30
1789529895	6029	uncounted	train	100000	0.30
1789529895	6029	uncounted	train	100000	0.30
1789529896	6029	uncounted	train	100000	0.30
1789529896	6029	uncounted	train	100000	0.26
1789529896	6029	uncounted	train	100000	0.21
1789529897	6029	uncounted	train	100000	0.17
1789530135	6152	counted	train	100000	0.30
1789530136	6152	counted	train	100000	0.30
1789530136	6152	counted	train	100000	0.31
1789530136	6152	counted	train	100000	0.33
1789530137	6152	counted	train	100000	0.30
1789530137	6152	counted	train	100000	0.31
1789530137	6152	counted	train	100000	0.32
1789530138	6152	counted	train	100000	0.31
1789530138	6152	counted	train	100000	0.30
1789530139	6152	counted	train	100000	0.31
1789530139	6152	counted	train	100000	0.31
1789530139	6152	counted	train	100000	0.23
1789530139	6152	counted	train	100000	0.24
1789530140	6152	counted	train	100000	0.24
1789530140	6152	counted	train	100000	0.25
1789530140	6152	counted	train	100000	0.26
1789530141	6152	counted	train	100000	0.24
1789530141	6152	counted	train	100000	0.25
1789530141	6152	counted	train	100000	0.26
1789530142	6152	counted	train	100000	0.22
1789530142	6152	counted	train	100000	0.25
1789530142	6152	counted	train	100000	0.23
1789530142	6152	counted	train	100000	0.20
1789530143	6152	counted	train	100000	0.20
1789530143	6152	counted	train	100000	0.19
1789530143	6152	counted	train	100000	0.21
1789530143	6152	counted	train	100000	0.20
1789530144	6152	counted	train	100000	0.20
1789530144	6152	counted	train	100000	0.20
1789530144	6152	counted	train	100000	0.22
1789530144	6152	counted	train	100000	0.20
1789530145	6152	counted	train	100000	0.21
1789530145	6152	counted	train	100000	0.22
1789530145	6152	counted	train	100000	0.33
1789530146	6152	counted	train	100000	0.37
1789530146	6152	counted	train	100000	0.33
1789530147	6152	counted	train	100000	0.36
1789530147	6152	counted	train	100000	0.32
1789530147	6152	counted	train	100000	0.31
1789530148	6152	counted	train	100000	0.33
1789530148	6152	counted	train	100000	0.33
1789530148	6152	counted	train	100000	0.31
1789530149	6152	counted	train	100000	0.31
1789530149	6152	counted	train	100000	0.33
1789530149	6152	counted	train	100000	0.31
1789530150	6152	counted	train	100000	0.32
1789530150	6152	counted	train	100000	0.32
1789530151	6152	counted	train	100000	0.34
1789530151	6152	counted	train	100000	0.31
1789530151	6152	counted	train	100000	0.31
1789530152	6152	counted	train	100000	0.31
1789530152	6152	counted	train	100000	0.33
1789530152	6152	counted	train	100000	0.30
1789530153	6152	counted	train	100000	0.31
1789530153	6152	counted	train	100000	0.30
1789530153	6152	counted	train	100000	0.30
1789530154	6152	counted	train	100000	0.30
1789530154	6152	counted	train	100000	0.30
1789530155	6152	counted	train	100000	0.32
1789530155	6152	counted	train	100000	0.31
1789530155	6152	counted	train	100000	0.31
1789530156	6152	counted	train	100000	0.31
1789530156	6152	counted	train	100000	0.32
1789530156	6152	counted	train	100000	0.33
1789530157	6152	counted	train	100000	0.31
1789530157	6152	counted	train	100000	0.30
1789530157	6152	counted	train	100000	0.31
1789530158	6152	counted	train	100000	0.31
1789530158	6152	counted	train	100000	0.30
1789530159	6152	counted	train	100000	0.33
1789530159	6152	counted	train	100000	0.30
1789530159	6152	counted	train	100000	0.30
1789530160	6152	counted	train	100000	0.32
1789530160	6152	counted	train	100000	0.35
1789530160	6152	counted	train	100000	0.32
1789530161	6152	counted	train	100000	0.32
1789530161	6152	counted	train	100000	0.31
1789530161	6152	counted	train	100000	0.25
1789530162	6152	counted	train	100000	0.26
1789530162	6152	counted	train	100000	0.26
1789530162	6152	counted	train	100000	0.27
1789530163	6152	counted	train	100000	0.27
1789530163	6152	counted	train	100000	0.27
1789530163	6152	counted	train	100000	0.29
1789530164	6152	counted	train	100000	0.29
1789530164	6152	counted	train	100000	0.26
1789530164	6152	counted	train	100000	0.27
1789530165	6152	counted	train	100000	0.28
1789530165	6152	counted	train	100000	0.21
1789530165	6152	counted	train	100000	0.22
1789530165	6152	counted	train	100000	0.21
1789530166	6152	counted	train	100000	0.22
1789530166	6152	counted	train	100000	0.21
1789530166	6152	counted	train	100000	0.20
1789530166	6152	counted	train	100000	0.21
1789530167	6152	counted	train	100000	0.22
1789530167	6152	counted	train	100000	0.21
1789530167	6152	counted	train	100000	0.22
1789530168	6152	counted	train	100000	0.23
1789530168	6152	counted	train	100000	0.16
1789530168	6152	counted	train	100000	0.18
1789530168	6152	counted	train	100000	0.16
1789530168	6152	counted	train	100000	0.18
1789530169	6152	counted	train	100000	0.17
1789530169	6152	counted	train	100000	0.17
1789530169	6152	counted	train	100000	0.17
1789530169	6152	counted	train	100000	0.17
1789530170	6152	counted	train	100000	0.16
1789530170	6152	counted	train	100000	0.17
1789530170	6152	counted	train	100000	0.17
1789530208	6202	uncounted	train	100000	0.29
1789530209	6202	uncounted	train	100000	0.22
1789530209	6202	uncounted	train	100000	0.22
1789530209	6202	uncounted	train	100000	0.32
1789530210	6202	uncounted	train	100000	0.31
1789530210	6202	uncounted	train	100000	0.32
1789530211	6202	uncounted	train	100000	0.32
1789530211	6202	uncounted	train	100000	0.26
1789530211	6202	uncounted	train	100000	0.21
1789530212	6202	uncounted	train	100000	0.16
1789530212	6202	uncounted	train	100000	0.31
1789530213	6202	uncounted	train	100000	0.25
1789530213	6202	uncounted	train	100000	0.20
1789530213	6202	uncounted	train	100000	0.33
1789530214	6202	uncounted	train	100000	0.33
1789530214	6202	uncounted	train	100000	0.32
1789530215	6202	uncounted	train	100000	0.32
1789530215	6202	uncounted	train	100000	0.27
1789530215	6202	uncounted	train	100000	0.22
1789530216	6202	uncounted	train	100000	0.17
1789530216	6202	uncounted	train	100000	0.31
1789530217	6202	uncounted	train	100000	0.25
1789530217	6202	uncounted	train	100000	0.20
1789530217	6202	uncounted	train	100000	0.32
1789530218	6202	uncounted	train	100000	0.31
1789530218	6202	uncounted	train	100000	0.32
1789530219	6202	uncounted	train	100000	0.33
1789530219	6202	uncounted	train	100000	0.28
1789530219	6202	uncounted	train	100000	0.22
1789530219	6202	uncounted	train	100000	0.17
1789530220	6202	uncounted	train	100000	0.36
1789530221	6202	uncounted	train	100000	0.28
1789530221	6202	uncounted	train	100000	0.23
1789530221	6202	uncounted	train	100000	0.35
1789530222	6202	uncounted	train	100000	0.35
1789530222	6202	uncounted	train	100000	0.35
1789530223	6202	uncounted	train	100000	0.37
1789530223	6202	uncounted	train	100000	0.28
1789530224	6202	uncounted	train	100000	0.23
1789530224	6202	uncounted	train	100000	0.18
1789530225	6202	uncounted	train	100000	0.33
1789530225	6202	uncounted	train	100000	0.26
1789530225	6202	uncounted	train	100000	0.22
1789530226	6202	uncounted	train	100000	0.35
1789530226	6202	uncounted	train	100000	0.33
1789530227	6202	uncounted	train	100000	0.32
1789530227	6202	uncounted	train	100000	0.32
1789530227	6202	uncounted	train	100000	0.26
1789530228	6202	uncounted	train	100000	0.21
1789530228	6202	uncounted	train	100000	0.25
1789530229	6202	uncounted	train	100000	0.32
1789530229	6202	uncounted	train	100000	0.25
1789530229	6202	uncounted	train	100000	0.21
1789530230	6202	uncounted	train	100000	0.32
1789530230	6202	uncounted	train	100000	0.33
1789530231	6202	uncounted	train	100000	0.31
1789530231	6202	uncounted	train	100000	0.32
1789530231	6202	uncounted	train	100000	0.25
1789530232	6202	uncounted	train	100000	0.20
1789530232	6202	uncounted	train	100000	0.16
1789530233	6202	uncounted	train	100000	0.33
1789530233	6202	uncounted	train	100000	0.26
1789530233	6202	uncounted	train	100000	0.21
1789530234	6202	uncounted	train	100000	0.33
1789530234	6202	uncounted	train	100000	0.33
1789530235	6202	uncounted	train	100000	0.32
1789530235	6202	uncounted	train	100000	0.32
1789530236	6202	uncounted	train	100000	0.27
1789530236	6202	uncounted	train	100000	0.21
1789530236	6202	uncounted	train	100000	0.17
1789530237	6202	uncounted	train	100000	0.33
1789530237	6202	uncounted	train	100000	0.26
1789530237	6202	uncounted	train	100000	0.21
1789530238	6202	uncounted	train	100000	0.32
1789530238	6202	uncounted	train	100000	0.33
1789530239	6202	uncounted	train	100000	0.33
1789530239	6202	uncounted	train	100000	0.33
1789530239	6202	uncounted	train	100000	0.27
1789530240	6202	uncounted	train	100000	0.22
1789530240	6202	uncounted	train	100000	0.18
1789530241	6202	uncounted	train	100000	0.32
1789530241	6202	uncounted	train	100000	0.24
1789530241	6202	uncounted	train	100000	0.20
1789530242	6202	uncounted	train	100000	0.32
1789530242	6202	uncounted	train	100000	0.32
1789530243	6202	uncounted	train	100000	0.30
1789530243	6202	uncounted	train	100000	0.30
1789530243	6202	uncounted	train	100000	0.23
1789530244	6202	uncounted	train	100000	0.19
1789530244	6202	uncounted	train	100000	0.16
1789530245	6202	uncounted	train	100000	0.33
1789530245	6202	uncounted	train	100000	0.25
1789530245	6202	uncounted	train	100000	0.20
1789530246	6202	uncounted	train	100000	0.32
1789530246	6202	uncounted	train	100000	0.32
1789530247	6202	uncounted	train	100000	0.31
1789530247	6202	uncounted	train	100000	0.32
1789530247	6202	uncounted	train	100000	0.27
1789530248	6202	uncounted	train	100000	0.23
1789530248	6202	uncounted	train	100000	0.18
1789530248	6202	uncounted	train	100000	0.31
1789530249	6202	uncounted	train	100000	0.24
1789530249	6202	uncounted	train	100000	0.20
1789530249	6202	uncounted	train	100000	0.31
1789530250	6202	uncounted	train	100000	0.33
1789530250	6202	uncounted	train	100000	0.31
1789530251	6202	uncounted	train	100000	0.31
1789530251	6202	uncounted	train	100000	0.25
1789530251	6202	uncounted	train	100000	0.21
1789530252	6202	uncounted	train	100000	0.16
1789530252	6202	uncounted	train	100000	0.32
1789530253	6202	uncounted	train	100000	0.28
1789530253	6202	uncounted	train	100000	0.22
1789530253	6202	uncounted	train	100000	0.33
1789530254	6202	uncounted	train	100000	0.37
1789530254	6202	uncounted	train	100000	0.37
1789530255	6202	uncounted	train	100000	0.36
1789530255	6202	uncounted	train	100000	0.27
1789530256	6202	uncounted	train	100000	0.22
1789530256	6202	uncounted	train	100000	0.18
1789530256	6202	uncounted	train	100000	0.34
1789530257	6202	uncounted	train	100000	0.27
1789530257	6202	uncounted	train	100000	0.22
1789530258	6202	uncounted	train	100000	0.36
1789530258	6202	uncounted	train	100000	0.32
1789530258	6202	uncounted	train	100000	0.34
1789530259	6202	uncounted	train	100000	0.34
1789530259	6202	uncounted	train	100000	0.26
1789530260	6202	uncounted	train	100000	0.21
1789530260	6202	uncounted	train	100000	0.17
1789530260	6202	uncounted	train	100000	0.34
1789530261	6202	uncounted	train	100000	0.28
1789530261	6202	uncounted	train	100000	0.23
1789530262	6202	uncounted	train	100000	0.34
1789530262	6202	uncounted	train	100000	0.35
1789530263	6202	uncounted	train	100000	0.36
1789530263	6202	uncounted	train	100000	0.34
1789530263	6202	uncounted	train	100000	0.28
1789530264	6202	uncounted	train	100000	0.23
1789530264	6202	uncounted	train	100000	0.18
1789530265	6202	uncounted	train	100000	0.31
1789530265	6202	uncounted	train	100000	0.24
1789530265	6202	uncounted	train	100000	0.20
1789530266	6202	uncounted	train	100000	0.32
1789530266	6202	uncounted	train	100000	0.32
1789530267	6202	uncounted	train	100000	0.33
1789530267	6202	uncounted	train	100000	0.33
1789530267	6202	uncounted	train	100000	0.27
1789530268	6202	uncounted	train	100000	0.22
1789530268	6202	uncounted	train	100000	0.17
1789530269	6202	uncounted	train	100000	0.32
1789530269	6202	uncounted	train	100000	0.26
1789530269	6202	uncounted	train	100000	0.21
1789530270	6202	uncounted	train	100000	0.30
1789530270	6202	uncounted	train	100000	0.31
1789530270	6202	uncounted	train	100000	0.30
1789530271	6202	uncounted	train	100000	0.30
1789530271	6202	uncounted	train	100000	0.26
1789530272	6202	uncounted	train	100000	0.20
1789530272	6202	uncounted	train	100000	0.16
1789530272	6202	uncounted	train	100000	0.33
1789530273	6202	uncounted	train	100000	0.26
1789530273	6202	uncounted	train	100000	0.20
1789530274	6202	uncounted	train	100000	0.31
1789530274	6202	uncounted	train	100000	0.31
1789530274	6202	uncounted	train	100000	0.32
1789530275	6202	uncounted	train	100000	0.32
1789530275	6202	uncounted	train	100000	0.27
1789530276	6202	uncounted	train	100000	0.22
1789530276	6202	uncounted	train	100000	0.17
1789530276	6202	uncounted	train	100000	0.33
1789530277	6202	uncounted	train	100000	0.25
1789530277	6202	uncounted	train	100000	0.20
1789530277	6202	uncounted	train	100000	0.32
1789530278	6202	uncounted	train	100000	0.32
1789530278	6202	uncounted	train	100000	0.31
1789530279	6202	uncounted	train	100000	0.32
1789530279	6202	uncounted	train	100000	0.27
1789530279	6202	uncounted	train	100000	0.22
1789530280	6202	uncounted	train	100000	0.17
1789530280	6202	uncounted	train	100000	0.32
1789530281	6202	uncounted	train	100000	0.24
1789530281	6202	uncounted	train	100000	0.19
1789530281	6202	uncounted	train	100000	0.30
1789530282	6202	uncounted	train	100000	0.30
1789530282	6202	uncounted	train	100000	0.30
1789530283	6202	uncounted	train	100000	0.31
1789530283	6202	uncounted	train	100000	0.26
1789530283	6202	uncounted	train	100000	0.21
1789530284	6202	uncounted	train	100000	0.17
1789530284	6202	uncounted	train	100000	0.33
1789530285	6202	uncounted	train	100000	0.25
1789530285	6202	uncounted	train	100000	0.20
1789530285	6202	uncounted	train	100000	0.31
1789530286	6202	uncounted	train	100000	0.31
1789530286	6202	uncounted	train	100000	0.31
1789530287	6202	uncounted	train	100000	0.31
1789530287	6202	uncounted	train	100000	0.27
1789530287	6202	uncounted	train	100000	0.21
1789530287	6202	uncounted	train	100000	0.17
1789530288	6202	uncounted	train	100000	0.32
1789530288	6202	uncounted	train	100000	0.25
1789530289	6202	uncounted	train	100000	0.20
1789530289	6202	uncounted	train	100000	0.32
1789530289	6202	uncounted	train	100000	0.31
1789530290	6202	uncounted	train	100000	0.31
1789530290	6202	uncounted	train	100000	0.31
1789530291	6202	uncounted	train	100000	0.25
1789530291	6202	uncounted	train	100000	0.20
1789530291	6202	uncounted	train	100000	0.16
1789530292	6202	uncounted	train	100000	0.32
1789530292	6202	uncounted	train	100000	0.26
1789530292	6202	uncounted	train	100000	0.20
1789530293	6202	uncounted	train	100000	0.33
1789530293	6202	uncounted	train	100000	0.32
1789530294	6202	uncounted	train	100000	0.33
1789530294	6202	uncounted	train	100000	0.33
1789530295	6202	uncounted	train	100000	0.26
1789530295	6202	uncounted	train	100000	0.22
1789530295	6202	uncounted	train	100000	0.17
1789530296	6202	uncounted	train	100000	0.33
1789530296	6202	uncounted	train	100000	0.25
1789530296	6202	uncounted	train	100000	0.20
1789530297	6202	uncounted	train	100000	0.32
1789530297	6202	uncounted	train	100000	0.31
1789530298	6202	uncounted	train	100000	0.31
1789530298	6202	uncounted	train	100000	0.31
1789530298	6202	uncounted	train	100000	0.27
1789530299	6202	uncounted	train	100000	0.21
1789530299	6202	uncounted	train	100000	0.17
1789530299	6202	uncounted	train	100000	0.33
1789530300	6202	uncounted	train	100000	0.28
1789530300	6202	uncounted	train	100000	0.23
1789530301	6202	uncounted	train	100000	0.35
1789530301	6202	uncounted	train	100000	0.34
1789530302	6202	uncounted	train	100000	0.34
1789530302	6202	uncounted	train	100000	0.34
1789530303	6202	uncounted	train	100000	0.29
1789530303	6202	uncounted	train	100000	0.23
1789530303	6202	uncounted	train	100000	0.18
1789530304	6202	uncounted	train	100000	0.33
1789530304	6202	uncounted	train	100000	0.25
1789530304	6202	uncounted	train	100000	0.20
1789530305	6202	uncounted	train	100000	0.31
1789530305	6202	uncounted	train	100000	0.31
1789530306	6202	uncounted	train	100000	0.34
1789530306	6202	uncounted	train	100000	0.34
1789530307	6202	uncounted	train	100000	0.27
1789530307	6202	uncounted	train	100000	0.21
1789530307	6202	uncounted	train	100000	0.17
1789530308	6202	uncounted	train	100000	0.32
1789530308	6202	uncounted	train	100000	0.25
1789530308	6202	uncounted	train	100000	0.20
1789530309	6202	uncounted	train	100000	0.31
1789530309	6202	uncounted	train	100000	0.31
1789530310	6202	uncounted	train	100000	0.31
1789530310	6202	uncounted	train	100000	0.32
1789530310	6202	uncounted	train	100000	0.26
1789530311	6202	uncounted	train	100000	0.22
1789530311	6202	uncounted	train	100000	0.17
1789530312	6202	uncounted	train	100000	0.34
1789530312	6202	uncounted	train	100000	0.26
1789530312	6202	uncounted	train	100000	0.30
1789530313	6202	uncounted	train	100000	0.33
1789530313	6202	uncounted	train	100000	0.32
1789530314	6202	uncounted	train	100000	0.32
1789530314	6202	uncounted	train	100000	0.34
1789530315	6202	uncounted	train	100000	0.28
1789530315	6202	uncounted	train	100000	0.23
1789530315	6202	uncounted	train	100000	0.17
1789530316	6202	uncounted	train	100000	0.33
1789530316	6202	uncounted	train	100000	0.28
1789530316	6202	uncounted	train	100000	0.21
1789530317	6202	uncounted	train	100000	0.32
1789530317	6202	uncounted	train	100000	0.33
1789530318	6202	uncounted	train	100000	0.32
1789530318	6202	uncounted	train	100000	0.32
1789530319	6202	uncounted	train	100000	0.27
1789530319	6202	uncounted	train	100000	0.22
1789530319	6202	uncounted	train	100000	0.17
1789530320	6202	uncounted	train	100000	0.30
1789530320	6202	uncounted	train	100000	0.23
1789530321	6202	uncounted	train	100000	0.19
1789530321	6202	uncounted	train	100000	0.31
1789530321	6202	uncounted	train	100000	0.32
1789530322	6202	uncounted	train	100000	0.30
1789530322	6202	uncounted	train	100000	0.30
1789530323	6202	uncounted	train	100000	0.24
1789530323	6202	uncounted	train	100000	0.20
1789530323	6202	uncounted	train	100000	0.16
1789530324	6202	uncounted	train	100000	0.32
1789530324	6202	uncounted	train	100000	0.25
1789530324	6202	uncounted	train	100000	0.20
1789530325	6202	uncounted	train	100000	0.35
1789530325	6202	uncounted	train	100000	0.33
1789530326	6202	uncounted	train	100000	0.31
1789530326	6202	uncounted	train	100000	0.32
1789530327	6202	uncounted	train	100000	0.27
1789530327	6202	uncounted	train	100000	0.21
1789530327	6202	uncounted	train	100000	0.16
1789530640	6251	uncounted	train	100000	0.26
1789530641	6251	uncounted	train	100000	0.21
1789530641	6251	uncounted	train	100000	0.21
1789530641	6251	uncounted	train	100000	0.28
1789530642	6251	uncounted	train	100000	0.28
1789530642	6251	uncounted	train	100000	0.26
1789530642	6251	uncounted	train	100000	0.29
1789530643	6251	uncounted	train	100000	0.23
1789530643	6251	uncounted	train	100000	0.20
1789530643	6251	uncounted	train	100000	0.15
1789530644	6251	uncounted	train	100000	0.28
1789530644	6251	uncounted	train	100000	0.20
1789530645	6251	uncounted	train	100000	0.17
1789530645	6251	uncounted	train	100000	0.27
1789530645	6251	uncounted	train	100000	0.27
1789530646	6251	uncounted	train	100000	0.27
1789530646	6251	uncounted	train	100000	0.27
1789530646	6251	uncounted	train	100000	0.21
1789530647	6251	uncounted	train	100000	0.18
1789530647	6251	uncounted	train	100000	0.15
1789530647	6251	uncounted	train	100000	0.30
1789530648	6251	uncounted	train	100000	0.24
1789530648	6251	uncounted	train	100000	0.20
1789530648	6251	uncounted	train	100000	0.31
1789530649	6251	uncounted	train	100000	0.31
1789530649	6251	uncounted	train	100000	0.31
1789530650	6251	uncounted	train	100000	0.30
1789530650	6251	uncounted	train	100000	0.25
1789530650	6251	uncounted	train	100000	0.20
1789530651	6251	uncounted	train	100000	0.16
1789530651	6251	uncounted	train	100000	0.29
1789530651	6251	uncounted	train	100000	0.23
1789530652	6251	uncounted	train	100000	0.19
1789530652	6251	uncounted	train	100000	0.30
1789530652	6251	uncounted	train	100000	0.29
1789530653	6251	uncounted	train	100000	0.29
1789530653	6251	uncounted	train	100000	0.31
1789530654	6251	uncounted	train	100000	0.25
1789530654	6251	uncounted	train	100000	0.20
1789530654	6251	uncounted	train	100000	0.16
1789530655	6251	uncounted	train	100000	0.29
1789530655	6251	uncounted	train	100000	0.23
1789530655	6251	uncounted	train	100000	0.20
1789530656	6251	uncounted	train	100000	0.33
1789530656	6251	uncounted	train	100000	0.34
1789530657	6251	uncounted	train	100000	0.32
1789530657	6251	uncounted	train	100000	0.31
1789530657	6251	uncounted	train	100000	0.24
1789530658	6251	uncounted	train	100000	0.21
1789530658	6251	uncounted	train	100000	0.16
1789530658	6251	uncounted	train	100000	0.30
1789530659	6251	uncounted	train	100000	0.23
1789530659	6251	uncounted	train	100000	0.20
1789530659	6251	uncounted	train	100000	0.30
1789530660	6251	uncounted	train	100000	0.31
1789530660	6251	uncounted	train	100000	0.32
1789530661	6251	uncounted	train	100000	0.31
1789530661	6251	uncounted	train	100000	0.24
1789530661	6251	uncounted	train	100000	0.20
1789530662	6251	uncounted	train	100000	0.16
1789530662	6251	uncounted	train	100000	0.32
1789530662	6251	uncounted	train	100000	0.26
1789530663	6251	uncounted	train	100000	0.21
1789530663	6251	uncounted	train	100000	0.33
1789530664	6251	uncounted	train	100000	0.33
1789530664	6251	uncounted	train	100000	0.34
1789530665	6251	uncounted	train	100000	0.34
1789530665	6251	uncounted	train	100000	0.27
1789530665	6251	uncounted	train	100000	0.22
1789530666	6251	uncounted	train	100000	0.17
1789530666	6251	uncounted	train	100000	0.30
1789530667	6251	uncounted	train	100000	0.24
1789530667	6251	uncounted	train	100000	0.20
1789530667	6251	uncounted	train	100000	0.31
1789530668	6251	uncounted	train	100000	0.31
1789530668	6251	uncounted	train	100000	0.31
1789530669	6251	uncounted	train	100000	0.31
1789530669	6251	uncounted	train	100000	0.27
1789530669	6251	uncounted	train	100000	0.20
1789530669	6251	uncounted	train	100000	0.16
1789530670	6251	uncounted	train	100000	0.31
1789530670	6251	uncounted	train	100000	0.25
1789530671	6251	uncounted	train	100000	0.20
1789530671	6251	uncounted	train	100000	0.32
1789530671	6251	uncounted	train	100000	0.30
1789530672	6251	uncounted	train	100000	0.32
1789530672	6251	uncounted	train	100000	0.30
1789530673	6251	uncounted	train	100000	0.26
1789530673	6251	uncounted	train	100000	0.20
1789530673	6251	uncounted	train	100000	0.16
1789530674	6251	uncounted	train	100000	0.31
1789530674	6251	uncounted	train	100000	0.24
1789530675	6251	uncounted	train	100000	0.21
1789530675	6251	uncounted	train	100000	0.33
1789530675	6251	uncounted	train	100000	0.33
1789530676	6251	uncounted	train	100000	0.34
1789530676	6251	uncounted	train	100000	0.33
1789530677	6251	uncounted	train	100000	0.25
1789530677	6251	uncounted	train	100000	0.22
1789530677	6251	uncounted	train	100000	0.17
1789530678	6251	uncounted	train	100000	0.33
1789530678	6251	uncounted	train	100000	0.24
1789530679	6251	uncounted	train	100000	0.20
1789530679	6251	uncounted	train	100000	0.33
1789530679	6251	uncounted	train	100000	0.32
1789530680	6251	uncounted	train	100000	0.31
1789530680	6251	uncounted	train	100000	0.32
1789530681	6251	uncounted	train	100000	0.26
1789530681	6251	uncounted	train	100000	0.21
1789530681	6251	uncounted	train	100000	0.16
1789530682	6251	uncounted	train	100000	0.42
1789530682	6251	uncounted	train	100000	0.61
1789530683	6251	uncounted	train	100000	0.33
1789530683	6251	uncounted	train	100000	0.14
1789530684	6251	uncounted	train	100000	0.47
1789530684	6251	uncounted	train	100000	0.31
1789530685	6251	uncounted	train	100000	0.24
1789530685	6251	uncounted	train	100000	0.19
1789530685	6251	uncounted	train	100000	0.31
1789530686	6251	uncounted	train	100000	0.30
1789530686	6251	uncounted	train	100000	0.31
1789530687	6251	uncounted	train	100000	0.30
1789530687	6251	uncounted	train	100000	0.26
1789530687	6251	uncounted	train	100000	0.20
1789530688	6251	uncounted	train	100000	0.16
1789530688	6251	uncounted	train	100000	0.39
1789530689	6251	uncounted	train	100000	0.57
1789530689	6251	uncounted	train	100000	0.32
1789530689	6251	uncounted	train	100000	0.12
1789530690	6251	uncounted	train	100000	0.47
1789530691	6251	uncounted	train	100000	0.31
1789530691	6251	uncounted	train	100000	0.25
1789530691	6251	uncounted	train	100000	0.20
1789530692	6251	uncounted	train	100000	0.32
1789530692	6251	uncounted	train	100000	0.31
1789530692	6251	uncounted	train	100000	0.31
1789530693	6251	uncounted	train	100000	0.31
1789530693	6251	uncounted	train	100000	0.27
1789530694	6251	uncounted	train	100000	0.21
1789530694	6251	uncounted	train	100000	0.17
1789530694	6251	uncounted	train	100000	0.42
1789530695	6251	uncounted	train	100000	0.64
1789530696	6251	uncounted	train	100000	0.32
1789530696	6251	uncounted	train	100000	0.14
1789530696	6251	uncounted	train	100000	0.48
1789530697	6251	uncounted	train	100000	0.31
1789530697	6251	uncounted	train	100000	0.23
1789530697	6251	uncounted	train	100000	0.19
1789530698	6251	uncounted	train	100000	0.32
1789530698	6251	uncounted	train	100000	0.32
1789530699	6251	uncounted	train	100000	0.33
1789530699	6251	uncounted	train	100000	0.32
1789530699	6251	uncounted	train	100000	0.25
1789530700	6251	uncounted	train	100000	0.21
1789530700	6251	uncounted	train	100000	0.16
1789530701	6251	uncounted	train	100000	0.32
1789530701	6251	uncounted	train	100000	0.25
1789530701	6251	uncounted	train	100000	0.20
1789530702	6251	uncounted	train	100000	0.34
1789530702	6251	uncounted	train	100000	0.33
1789530703	6251	uncounted	train	100000	0.33
1789530703	6251	uncounted	train	100000	0.32
1789530703	6251	uncounted	train	100000	0.27
1789530704	6251	uncounted	train	100000	0.23
1789530704	6251	uncounted	train	100000	0.17
1789530705	6251	uncounted	train	100000	0.32
1789530705	6251	uncounted	train	100000	0.27
1789530705	6251	uncounted	train	100000	0.21
1789530706	6251	uncounted	train	100000	0.29
1789530706	6251	uncounted	train	100000	0.29
1789530706	6251	uncounted	train	100000	0.30
1789530707	6251	uncounted	train	100000	0.29
1789530707	6251	uncounted	train	100000	0.24
1789530707	6251	uncounted	train	100000	0.20
1789530708	6251	uncounted	train	100000	0.16
1789530708	6251	uncounted	train	100000	0.31
1789530709	6251	uncounted	train	100000	0.26
1789530709	6251	uncounted	train	100000	0.21
1789530709	6251	uncounted	train	100000	0.33
1789530710	6251	uncounted	train	100000	0.32
1789530710	6251	uncounted	train	100000	0.32
1789530711	6251	uncounted	train	100000	0.31
1789530711	6251	uncounted	train	100000	0.26
1789530712	6251	uncounted	train	100000	0.22
1789530712	6251	uncounted	train	100000	0.18
1789530712	6251	uncounted	train	100000	0.31
1789530713	6251	uncounted	train	100000	0.25
1789530713	6251	uncounted	train	100000	0.21
1789530713	6251	uncounted	train	100000	0.31
1789530714	6251	uncounted	train	100000	0.30
1789530714	6251	uncounted	train	100000	0.30
1789530715	6251	uncounted	train	100000	0.29
1789530715	6251	uncounted	train	100000	0.24
1789530715	6251	uncounted	train	100000	0.20
1789530716	6251	uncounted	train	100000	0.16
1789530716	6251	uncounted	train	100000	0.29
1789530716	6251	uncounted	train	100000	0.23
1789530717	6251	uncounted	train	100000	0.20
1789530717	6251	uncounted	train	100000	0.31
1789530718	6251	uncounted	train	100000	0.28
1789530718	6251	uncounted	train	100000	0.30
1789530718	6251	uncounted	train	100000	0.29
1789530719	6251	uncounted	train	100000	0.24
1789530719	6251	uncounted	train	100000	0.21
1789530719	6251	uncounted	train	100000	0.15
1789530720	6251	uncounted	train	100000	0.35
1789530720	6251	uncounted	train	100000	0.27
1789530721	6251	uncounted	train	100000	0.22
1789530721	6251	uncounted	train	100000	0.32
1789530721	6251	uncounted	train	100000	0.32
1789530722	6251	uncounted	train	100000	0.36
1789530722	6251	uncounted	train	100000	0.32
1789530723	6251	uncounted	train	100000	0.27
1789530723	6251	uncounted	train	100000	0.22
1789530723	6251	uncounted	train	100000	0.17
1789531089	6301	uncounted	train	100000	0.31
1789531089	6301	uncounted	train	100000	0.24
1789531090	6301	uncounted	train	100000	0.19
1789531090	6301	uncounted	train	100000	0.29
1789531090	6301	uncounted	train	100000	0.30
1789531091	6301	uncounted	train	100000	0.29
1789531091	6301	uncounted	train	100000	0.30
1789531091	6301	uncounted	train	100000	0.24
1789531092	6301	uncounted	train	100000	0.21
1789531092	6301	uncounted	train	100000	0.15
1789531093	6301	uncounted	train	100000	0.32
1789531093	6301	uncounted	train	100000	0.23
1789531093	6301	uncounted	train	100000	0.21
1789531094	6301	uncounted	train	100000	0.31
1789531094	6301	uncounted	train	100000	0.30
1789531094	6301	uncounted	train	100000	0.31
1789531095	6301	uncounted	train	100000	0.31
1789531095	6301	uncounted	train	100000	0.25
1789531096	6301	uncounted	train	100000	0.21
1789531096	6301	uncounted	train	100000	0.16
1789531096	6301	uncounted	train	100000	0.32
1789531097	6301	uncounted	train	100000	0.24
1789531097	6301	uncounted	train	100000	0.19
1789531097	6301	uncounted	train	100000	0.30
1789531098	6301	uncounted	train	100000	0.29
1789531098	6301	uncounted	train	100000	0.30
1789531099	6301	uncounted	train	100000	0.30
1789531099	6301	uncounted	train	100000	0.21
1789531099	6301	uncounted	train	100000	0.19
1789531099	6301	uncounted	train	100000	0.14
1789531100	6301	uncounted	train	100000	0.30
1789531100	6301	uncounted	train	100000	0.24
1789531101	6301	uncounted	train	100000	0.20
1789531101	6301	uncounted	train	100000	0.31
1789531102	6301	uncounted	train	100000	0.31
1789531102	6301	uncounted	train	100000	0.32
1789531102	6301	uncounted	train	100000	0.32
1789531103	6301	uncounted	train	100000	0.26
1789531103	6301	uncounted	train	100000	0.22
1789531103	6301	uncounted	train	100000	0.17
1789531104	6301	uncounted	train	100000	0.32
1789531104	6301	uncounted	train	100000	0.23
1789531105	6301	uncounted	train	100000	0.19
1789531105	6301	uncounted	train	100000	0.30
1789531105	6301	uncounted	train	100000	0.30
1789531106	6301	uncounted	train	100000	0.30
1789531106	6301	uncounted	train	100000	0.31
1789531107	6301	uncounted	train	100000	0.24
1789531107	6301	uncounted	train	100000	0.21
1789531107	6301	uncounted	train	100000	0.16
1789531108	6301	uncounted	train	100000	0.31
1789531108	6301	uncounted	train	100000	0.24
1789531108	6301	uncounted	train	100000	0.20
1789531109	6301	uncounted	train	100000	0.30
1789531109	6301	uncounted	train	100000	0.30
1789531110	6301	uncounted	train	100000	0.30
1789531110	6301	uncounted	train	100000	0.30
1789531110	6301	uncounted	train	100000	0.24
1789531111	6301	uncounted	train	100000	0.20
1789531111	6301	uncounted	train	100000	0.16
1789531112	6301	uncounted	train	100000	0.32
1789531112	6301	uncounted	train	100000	0.25
1789531112	6301	uncounted	train	100000	0.20
1789531113	6301	uncounted	train	100000	0.31
1789531113	6301	uncounted	train	100000	0.31
1789531114	6301	uncounted	train	100000	0.32
1789531114	6301	uncounted	train	100000	0.33
1789531114	6301	uncounted	train	100000	0.26
1789531115	6301	uncounted	train	100000	0.23
1789531115	6301	uncounted	train	100000	0.17
1789531116	6301	uncounted	train	100000	0.33
1789531116	6301	uncounted	train	100000	0.24
1789531116	6301	uncounted	train	100000	0.20
1789531117	6301	uncounted	train	100000	0.32
1789531117	6301	uncounted	train	100000	0.32
1789531117	6301	uncounted	train	100000	0.31
1789531118	6301	uncounted	train	100000	0.32
1789531118	6301	uncounted	train	100000	0.26
1789531119	6301	uncounted	train	100000	0.23
1789531119	6301	uncounted	train	100000	0.17
1789531120	6301	uncounted	train	100000	0.31
1789531120	6301	uncounted	train	100000	0.22
1789531120	6301	uncounted	train	100000	0.19
1789531121	6301	uncounted	train	100000	0.29
1789531121	6301	uncounted	train	100000	0.29
1789531121	6301	uncounted	train	100000	0.29
1789531122	6301	uncounted	train	100000	0.30
1789531122	6301	uncounted	train	100000	0.25
1789531122	6301	uncounted	train	100000	0.21
1789531123	6301	uncounted	train	100000	0.16
1789531123	6301	uncounted	train	100000	0.33
1789531124	6301	uncounted	train	100000	0.25
1789531124	6301	uncounted	train	100000	0.20
1789531124	6301	uncounted	train	100000	0.31
1789531125	6301	uncounted	train	100000	0.32
1789531125	6301	uncounted	train	100000	0.31
1789531126	6301	uncounted	train	100000	0.32
1789531126	6301	uncounted	train	100000	0.26
1789531126	6301	uncounted	train	100000	0.21
1789531127	6301	uncounted	train	100000	0.16
1789531127	6301	uncounted	train	100000	0.32
1789531127	6301	uncounted	train	100000	0.23
1789531128	6301	uncounted	train	100000	0.19
1789531128	6301	uncounted	train	100000	0.31
1789531129	6301	uncounted	train	100000	0.32
1789531129	6301	uncounted	train	100000	0.31
1789531129	6301	uncounted	train	100000	0.33
1789531130	6301	uncounted	train	100000	0.27
1789531130	6301	uncounted	train	100000	0.22
1789531130	6301	uncounted	train	100000	0.17
1789531131	6301	uncounted	train	100000	0.32
1789531131	6301	uncounted	train	100000	0.25
1789531132	6301	uncounted	train	100000	0.21
1789531132	6301	uncounted	train	100000	0.33
1789531132	6301	uncounted	train	100000	0.33
1789531133	6301	uncounted	train	100000	0.31
1789531133	6301	uncounted	train	100000	0.32
1789531134	6301	uncounted	train	100000	0.27
1789531134	6301	uncounted	train	100000	0.22
1789531134	6301	uncounted	train	100000	0.17
1789531135	6301	uncounted	train	100000	0.32
1789531135	6301	uncounted	train	100000	0.25
1789531135	6301	uncounted	train	100000	0.20
1789531136	6301	uncounted	train	100000	0.31
1789531136	6301	uncounted	train	100000	0.31
1789531137	6301	uncounted	train	100000	0.32
1789531137	6301	uncounted	train	100000	0.33
1789531138	6301	uncounted	train	100000	0.26
1789531138	6301	uncounted	train	100000	0.22
1789531138	6301	uncounted	train	100000	0.16
1789531139	6301	uncounted	train	100000	0.35
1789531139	6301	uncounted	train	100000	0.27
1789531139	6301	uncounted	train	100000	0.22
1789531140	6301	uncounted	train	100000	0.35
1789531140	6301	uncounted	train	100000	0.32
1789531141	6301	uncounted	train	100000	0.33
1789531141	6301	uncounted	train	100000	0.33
1789531142	6301	uncounted	train	100000	0.26
1789531142	6301	uncounted	train	100000	0.23
1789531142	6301	uncounted	train	100000	0.19
1789531143	6301	uncounted	train	100000	0.33
1789531143	6301	uncounted	train	100000	0.25
1789531144	6301	uncounted	train	100000	0.20
1789531144	6301	uncounted	train	100000	0.31
1789531144	6301	uncounted	train	100000	0.32
1789531145	6301	uncounted	train	100000	0.32
1789531145	6301	uncounted	train	100000	0.33
1789531146	6301	uncounted	train	100000	0.26
1789531146	6301	uncounted	train	100000	0.21
1789531146	6301	uncounted	train	100000	0.18
1789531147	6301	uncounted	train	100000	0.31
1789531147	6301	uncounted	train	100000	0.25
1789531148	6301	uncounted	train	100000	0.20
1789531148	6301	uncounted	train	100000	0.31
1789531148	6301	uncounted	train	100000	0.31
1789531149	6301	uncounted	train	100000	0.31
1789531149	6301	uncounted	train	100000	0.30
1789531150	6301	uncounted	train	100000	0.25
1789531150	6301	uncounted	train	100000	0.21
1789531150	6301	uncounted	train	100000	0.17
1789531151	6301	uncounted	train	100000	0.31
1789531151	6301	uncounted	train	100000	0.24
1789531151	6301	uncounted	train	100000	0.21
1789531152	6301	uncounted	train	100000	0.31
1789531152	6301	uncounted	train	100000	0.31
1789531153	6301	uncounted	train	100000	0.32
1789531153	6301	uncounted	train	100000	0.32
1789531154	6301	uncounted	train	100000	0.25
1789531154	6301	uncounted	train	100000	0.21
1789531154	6301	uncounted	train	100000	0.17
1789531155	6301	uncounted	train	100000	0.31
1789531155	6301	uncounted	train	100000	0.25
1789531155	6301	uncounted	train	100000	0.20
1789531156	6301	uncounted	train	100000	0.31
1789531156	6301	uncounted	train	100000	0.31
1789531157	6301	uncounted	train	100000	0.31
1789531157	6301	uncounted	train	100000	0.33
1789531157	6301	uncounted	train	100000	0.25
1789531158	6301	uncounted	train	100000	0.22
1789531158	6301	uncounted	train	100000	0.18
1789531523	6351	uncounted	train	100000	0.29
1789531524	6351	uncounted	train	100000	0.23
1789531524	6351	uncounted	train	100000	0.19
1789531525	6351	uncounted	train	100000	0.33
1789531525	6351	uncounted	train	100000	0.30
1789531525	6351	uncounted	train	100000	0.31
1789531526	6351	uncounted	train	100000	0.31
1789531526	6351	uncounted	train	100000	0.24
1789531526	6351	uncounted	train	100000	0.20
1789531527	6351	uncounted	train	100000	0.15
1789531527	6351	uncounted	train	100000	0.30
1789531527	6351	uncounted	train	100000	0.23
1789531528	6351	uncounted	train	100000	0.20
1789531528	6351	uncounted	train	100000	0.32
1789531529	6351	uncounted	train	100000	0.31
1789531529	6351	uncounted	train	100000	0.32
1789531529	6351	uncounted	train	100000	0.32
1789531530	6351	uncounted	train	100000	0.26
1789531530	6351	uncounted	train	100000	0.21
1789531530	6351	uncounted	train	100000	0.16
1789531531	6351	uncounted	train	100000	0.30
1789531531	6351	uncounted	train	100000	0.23
1789531532	6351	uncounted	train	100000	0.19
1789531532	6351	uncounted	train	100000	0.29
1789531532	6351	uncounted	train	100000	0.29
1789531533	6351	uncounted	train	100000	0.29
1789531533	6351	uncounted	train	100000	0.30
1789531534	6351	uncounted	train	100000	0.25
1789531534	6351	uncounted	train	100000	0.22
1789531534	6351	uncounted	train	100000	0.16
1789531535	6351	uncounted	train	100000	0.32
1789531535	6351	uncounted	train	100000	0.25
1789531535	6351	uncounted	train	100000	0.21
1789531536	6351	uncounted	train	100000	0.33
1789531536	6351	uncounted	train	100000	0.33
1789531537	6351	uncounted	train	100000	0.34
1789531537	6351	uncounted	train	100000	0.33
1789531538	6351	uncounted	train	100000	0.28
1789531538	6351	uncounted	train	100000	0.23
1789531538	6351	uncounted	train	100000	0.17
1789531539	6351	uncounted	train	100000	0.33
1789531539	6351	uncounted	train	100000	0.25
1789531539	6351	uncounted	train	100000	0.21
1789531540	6351	uncounted	train	100000	0.30
1789531540	6351	uncounted	train	100000	0.30
1789531541	6351	uncounted	train	100000	0.31
1789531541	6351	uncounted	train	100000	0.30
1789531541	6351	uncounted	train	100000	0.24
1789531542	6351	uncounted	train	100000	0.20
1789531542	6351	uncounted	train	100000	0.15
1789531543	6351	uncounted	train	100000	0.29
1789531543	6351	uncounted	train	100000	0.23
1789531543	6351	uncounted	train	100000	0.19
1789531544	6351	uncounted	train	100000	0.29
1789531544	6351	uncounted	train	100000	0.29
1789531544	6351	uncounted	train	100000	0.30
1789531545	6351	uncounted	train	100000	0.31
1789531545	6351	uncounted	train	100000	0.24
1789531545	6351	uncounted	train	100000	0.20
1789531546	6351	uncounted	train	100000	0.15
1789531546	6351	uncounted	train	100000	0.30
1789531547	6351	uncounted	train	100000	0.23
1789531547	6351	uncounted	train	100000	0.20
1789531547	6351	uncounted	train	100000	0.34
1789531548	6351	uncounted	train	100000	0.30
1789531548	6351	uncounted	train	100000	0.32
1789531549	6351	uncounted	train	100000	0.32
1789531549	6351	uncounted	train	100000	0.25
1789531549	6351	uncounted	train	100000	0.20
1789531550	6351	uncounted	train	100000	0.16
1789531550	6351	uncounted	train	100000	0.30
1789531551	6351	uncounted	train	100000	0.24
1789531551	6351	uncounted	train	100000	0.20
1789531551	6351	uncounted	train	100000	0.31
1789531552	6351	uncounted	train	100000	0.31
1789531552	6351	uncounted	train	100000	0.30
1789531553	6351	uncounted	train	100000	0.31
1789531553	6351	uncounted	train	100000	0.24
1789531553	6351	uncounted	train	100000	0.20
1789531553	6351	uncounted	train	100000	0.16
1789531554	6351	uncounted	train	100000	0.29
1789531554	6351	uncounted	train	100000	0.20
1789531555	6351	uncounted	train	100000	0.18
1789531555	6351	uncounted	train	100000	0.30
1789531555	6351	uncounted	train	100000	0.31
1789531556	6351	uncounted	train	100000	0.29
1789531556	6351	uncounted	train	100000	0.28
1789531557	6351	uncounted	train	100000	0.22
1789531557	6351	uncounted	train	100000	0.20
1789531557	6351	uncounted	train	100000	0.14
1789531558	6351	uncounted	train	100000	0.30
1789531558	6351	uncounted	train	100000	0.23
1789531558	6351	uncounted	train	100000	0.19
1789531559	6351	uncounted	train	100000	0.31
1789531559	6351	uncounted	train	100000	0.31
1789531560	6351	uncounted	train	100000	0.32
1789531560	6351	uncounted	train	100000	0.37
1789531560	6351	uncounted	train	100000	0.29
1789531561	6351	uncounted	train	100000	0.24
1789531561	6351	uncounted	train	100000	0.17
1789531562	6351	uncounted	train	100000	0.32
1789531562	6351	uncounted	train	100000	0.23
1789531562	6351	uncounted	train	100000	0.20
1789531563	6351	uncounted	train	100000	0.33
1789531563	6351	uncounted	train	100000	0.31
1789531563	6351	uncounted	train	100000	0.32
1789531564	6351	uncounted	train	100000	0.32
1789531564	6351	uncounted	train	100000	0.25
1789531565	6351	uncounted	train	100000	0.21
1789531565	6351	uncounted	train	100000	0.16
1789531565	6351	uncounted	train	100000	0.32
1789531566	6351	uncounted	train	100000	0.26
1789531566	6351	uncounted	train	100000	0.20
1789531566	6351	uncounted	train	100000	0.33
1789531567	6351	uncounted	train	100000	0.33
1789531567	6351	uncounted	train	100000	0.34
1789531568	6351	uncounted	train	100000	0.33
1789531568	6351	uncounted	train	100000	0.26
1789531569	6351	uncounted	train	100000	0.23
1789531569	6351	uncounted	train	100000	0.16
1789531569	6351	uncounted	train	100000	0.31
1789531570	6351	uncounted	train	100000	0.27
1789531570	6351	uncounted	train	100000	0.21
1789531570	6351	uncounted	train	100000	0.31
1789531571	6351	uncounted	train	100000	0.31
1789531571	6351	uncounted	train	100000	0.31
1789531572	6351	uncounted	train	100000	0.32
1789531572	6351	uncounted	train	100000	0.26
1789531572	6351	uncounted	train	100000	0.21
1789531573	6351	uncounted	train	100000	0.17
1789531573	6351	uncounted	train	100000	0.37
1789531574	6351	uncounted	train	100000	0.27
1789531574	6351	uncounted	train	100000	0.23
1789531575	6351	uncounted	train	100000	0.35
1789531575	6351	uncounted	train	100000	0.33
1789531575	6351	uncounted	train	100000	0.34
1789531576	6351	uncounted	train	100000	0.36
1789531576	6351	uncounted	train	100000	0.31
1789531577	6351	uncounted	train	100000	0.24
1789531577	6351	uncounted	train	100000	0.17
1789531578	6351	uncounted	train	100000	0.33
1789531578	6351	uncounted	train	100000	0.25
1789531578	6351	uncounted	train	100000	0.20
1789531579	6351	uncounted	train	100000	0.32
1789531579	6351	uncounted	train	100000	0.35
1789531580	6351	uncounted	train	100000	0.33
1789531580	6351	uncounted	train	100000	0.32
1789531581	6351	uncounted	train	100000	0.26
1789531581	6351	uncounted	train	100000	0.20
1789531581	6351	uncounted	train	100000	0.17
1789531582	6351	uncounted	train	100000	0.32
1789531582	6351	uncounted	train	100000	0.25
1789531582	6351	uncounted	train	100000	0.22
1789531583	6351	uncounted	train	100000	0.34
1789531583	6351	uncounted	train	100000	0.31
1789531584	6351	uncounted	train	100000	0.33
1789531584	6351	uncounted	train	100000	0.32
1789531584	6351	uncounted	train	100000	0.26
1789531585	6351	uncounted	train	100000	0.20
1789531585	6351	uncounted	train	100000	0.16
1789531586	6351	uncounted	train	100000	0.34
1789531586	6351	uncounted	train	100000	0.26
1789531586	6351	uncounted	train	100000	0.23
1789531587	6351	uncounted	train	100000	0.34
1789531587	6351	uncounted	train	100000	0.35
1789531588	6351	uncounted	train	100000	0.34
1789531588	6351	uncounted	train	100000	0.32
1789531589	6351	uncounted	train	100000	0.28
1789531589	6351	uncounted	train	100000	0.23
1789531589	6351	uncounted	train	100000	0.17
1789531590	6351	uncounted	train	100000	0.31
1789531590	6351	uncounted	train	100000	0.25
1789531590	6351	uncounted	train	100000	0.20
1789531591	6351	uncounted	train	100000	0.32
1789531591	6351	uncounted	train	100000	0.33
1789531592	6351	uncounted	train	100000	0.32
1789531592	6351	uncounted	train	100000	0.32
1789531593	6351	uncounted	train	100000	0.26
1789531593	6351	uncounted	train	100000	0.21
1789531593	6351	uncounted	train	100000	0.16
1789532397	6490	uncounted	train	100000	0.30
1789532398	6490	uncounted	train	100000	0.25
1789532398	6490	uncounted	train	100000	0.21
1789532398	6490	uncounted	train	100000	0.32
1789532399	6490	uncounted	train	100000	0.33
1789532399	6490	uncounted	train	100000	0.32
1789532400	6490	uncounted	train	100000	0.31
1789532400	6490	uncounted	train	100000	0.24
1789532400	6490	uncounted	train	100000	0.21
1789532401	6490	uncounted	train	100000	0.17
1789532401	6490	uncounted	train	100000	0.33
1789532401	6490	uncounted	train	100000	0.25
1789532402	6490	uncounted	train	100000	0.21
1789532402	6490	uncounted	train	100000	0.34
1789532403	6490	uncounted	train	100000	0.34
1789532403	6490	uncounted	train	100000	0.33
1789532404	6490	uncounted	train	100000	0.33
1789532404	6490	uncounted	train	100000	0.26
1789532404	6490	uncounted	train	100000	0.22
1789532405	6490	uncounted	train	100000	0.17
1789532405	6490	uncounted	train	100000	0.31
1789532405	6490	uncounted	train	100000	0.26
1789532406	6490	uncounted	train	100000	0.21
1789532406	6490	uncounted	train	100000	0.33
1789532407	6490	uncounted	train	100000	0.32
1789532407	6490	uncounted	train	100000	0.32
1789532408	6490	uncounted	train	100000	0.32
1789532408	6490	uncounted	train	100000	0.27
1789532408	6490	uncounted	train	100000	0.21
1789532408	6490	uncounted	train	100000	0.17
1789532409	6490	uncounted	train	100000	0.36
1789532409	6490	uncounted	train	100000	0.28
1789532410	6490	uncounted	train	100000	0.22
1789532410	6490	uncounted	train	100000	0.34
1789532411	6490	uncounted	train	100000	0.34
1789532411	6490	uncounted	train	100000	0.34
1789532412	6490	uncounted	train	100000	0.35
1789532412	6490	uncounted	train	100000	0.29
1789532412	6490	uncounted	train	100000	0.23
1789532413	6490	uncounted	train	100000	0.18
1789532413	6490	uncounted	train	100000	0.32
1789532414	6490	uncounted	train	100000	0.26
1789532414	6490	uncounted	train	100000	0.20
1789532414	6490	uncounted	train	100000	0.31
1789532415	6490	uncounted	train	100000	0.32
1789532415	6490	uncounted	train	100000	0.32
1789532416	6490	uncounted	train	100000	0.34
1789532416	6490	uncounted	train	100000	0.27
1789532416	6490	uncounted	train	100000	0.22
1789532417	6490	uncounted	train	100000	0.17
1789532417	6490	uncounted	train	100000	0.32
1789532418	6490	uncounted	train	100000	0.26
1789532418	6490	uncounted	train	100000	0.21
1789532418	6490	uncounted	train	100000	0.30
1789532419	6490	uncounted	train	100000	0.30
1789532419	6490	uncounted	train	100000	0.32
1789532420	6490	uncounted	train	100000	0.29
1789532420	6490	uncounted	train	100000	0.25
1789532420	6490	uncounted	train	100000	0.20
1789532420	6490	uncounted	train	100000	0.16
1789532421	6490	uncounted	train	100000	0.33
1789532422	6490	uncounted	train	100000	0.26
1789532422	6490	uncounted	train	100000	0.21
1789532422	6490	uncounted	train	100000	0.31
1789532423	6490	uncounted	train	100000	0.31
1789532423	6490	uncounted	train	100000	0.30
1789532423	6490	uncounted	train	100000	0.30
1789532424	6490	uncounted	train	100000	0.25
1789532424	6490	uncounted	train	100000	0.22
1789532424	6490	uncounted	train	100000	0.17
1789532425	6490	uncounted	train	100000	0.33
1789532426	6490	uncounted	train	100000	0.25
1789532426	6490	uncounted	train	100000	0.20
1789532426	6490	uncounted	train	100000	0.32
1789532427	6490	uncounted	train	100000	0.33
1789532427	6490	uncounted	train	100000	0.31
1789532428	6490	uncounted	train	100000	0.31
1789532428	6490	uncounted	train	100000	0.25
1789532428	6490	uncounted	train	100000	0.21
1789532429	6490	uncounted	train	100000	0.17
1789532430	6490	uncounted	train	100000	0.31
1789532430	6490	uncounted	train	100000	0.23
1789532430	6490	uncounted	train	100000	0.20
1789532431	6490	uncounted	train	100000	0.30
1789532431	6490	uncounted	train	100000	0.30
1789532432	6490	uncounted	train	100000	0.30
1789532432	6490	uncounted	train	100000	0.30
1789532432	6490	uncounted	train	100000	0.23
1789532433	6490	uncounted	train	100000	0.19
1789532433	6490	uncounted	train	100000	0.15
1789532433	6490	uncounted	train	100000	0.30
1789532434	6490	uncounted	train	100000	0.24
1789532434	6490	uncounted	train	100000	0.20
1789532434	6490	uncounted	train	100000	0.29
1789532435	6490	uncounted	train	100000	0.32
1789532435	6490	uncounted	train	100000	0.34
1789532436	6490	uncounted	train	100000	0.34
1789532436	6490	uncounted	train	100000	0.28
1789532436	6490	uncounted	train	100000	0.22
1789532437	6490	uncounted	train	100000	0.17
1789532437	6490	uncounted	train	100000	0.33
1789532438	6490	uncounted	train	100000	0.25
1789532438	6490	uncounted	train	100000	0.21
1789532438	6490	uncounted	train	100000	0.31
1789532439	6490	uncounted	train	100000	0.32
1789532439	6490	uncounted	train	100000	0.31
1789532440	6490	uncounted	train	100000	0.32
1789532440	6490	uncounted	train	100000	0.25
1789532440	6490	uncounted	train	100000	0.20
1789532440	6490	uncounted	train	100000	0.16
1789532441	6490	uncounted	train	100000	0.34
1789532441	6490	uncounted	train	100000	0.27
1789532442	6490	uncounted	train	100000	0.22
1789532442	6490	uncounted	train	100000	0.35
1789532443	6490	uncounted	train	100000	0.34
1789532443	6490	uncounted	train	100000	0.36
1789532444	6490	uncounted	train	100000	0.35
1789532444	6490	uncounted	train	100000	0.28
1789532444	6490	uncounted	train	100000	0.23
1789532445	6490	uncounted	train	100000	0.18
1789532445	6490	uncounted	train	100000	0.32
1789532446	6490	uncounted	train	100000	0.26
1789532446	6490	uncounted	train	100000	0.22
1789532446	6490	uncounted	train	100000	0.33
1789532447	6490	uncounted	train	100000	0.34
1789532447	6490	uncounted	train	100000	0.36
1789532448	6490	uncounted	train	100000	0.37
1789532448	6490	uncounted	train	100000	0.30
1789532449	6490	uncounted	train	100000	0.25
1789532449	6490	uncounted	train	100000	0.19
1789532450	6490	uncounted	train	100000	0.35
1789532450	6490	uncounted	train	100000	0.27
1789532450	6490	uncounted	train	100000	0.22
1789532451	6490	uncounted	train	100000	0.35
1789532451	6490	uncounted	train	100000	0.33
1789532452	6490	uncounted	train	100000	0.32
1789532452	6490	uncounted	train	100000	0.33
1789532453	6490	uncounted	train	100000	0.27
1789532453	6490	uncounted	train	100000	0.22
1789532453	6490	uncounted	train	100000	0.17
1789532454	6490	uncounted	train	100000	0.32
1789532454	6490	uncounted	train	100000	0.25
1789532455	6490	uncounted	train	100000	0.22
1789532455	6490	uncounted	train	100000	0.33
1789532455	6490	uncounted	train	100000	0.33
1789532456	6490	uncounted	train	100000	0.35
1789532456	6490	uncounted	train	100000	0.33
1789532457	6490	uncounted	train	100000	0.27
1789532457	6490	uncounted	train	100000	0.22
1789532457	6490	uncounted	train	100000	0.17
1789532458	6490	uncounted	train	100000	0.31
1789532458	6490	uncounted	train	100000	0.24
1789532459	6490	uncounted	train	100000	0.19
1789532459	6490	uncounted	train	100000	0.31
1789532460	6490	uncounted	train	100000	0.32
1789532460	6490	uncounted	train	100000	0.33
1789532460	6490	uncounted	train	100000	0.32
1789532461	6490	uncounted	train	100000	0.27
1789532461	6490	uncounted	train	100000	0.21
1789532461	6490	uncounted	train	100000	0.17
1789532462	6490	uncounted	train	100000	0.37
1789532463	6490	uncounted	train	100000	0.28
1789532463	6490	uncounted	train	100000	0.23
1789532463	6490	uncounted	train	100000	0.37
1789532464	6490	uncounted	train	100000	0.35
1789532464	6490	uncounted	train	100000	0.36
1789532465	6490	uncounted	train	100000	0.35
1789532465	6490	uncounted	train	100000	0.27
1789532466	6490	uncounted	train	100000	0.23
1789532466	6490	uncounted	train	100000	0.17
1789532467	6490	uncounted	train	100000	0.34
1789532467	6490	uncounted	train	100000	0.26
1789532467	6490	uncounted	train	100000	0.21
1789532468	6490	uncounted	train	100000	0.32
1789532468	6490	uncounted	train	100000	0.34
1789532469	6490	uncounted	train	100000	0.32
1789532469	6490	uncounted	train	100000	0.33
1789532469	6490	uncounted	train	100000	0.27
1789532470	6490	uncounted	train	100000	0.22
1789532470	6490	uncounted	train	100000	0.16
1789532471	6490	uncounted	train	100000	0.32
1789532471	6490	uncounted	train	100000	0.26
1789532471	6490	uncounted	train	100000	0.21
1789532472	6490	uncounted	train	100000	0.33
1789532472	6490	uncounted	train	100000	0.32
1789532473	6490	uncounted	train	100000	0.31
1789532473	6490	uncounted	train	100000	0.31
1789532473	6490	uncounted	train	100000	0.26
1789532474	6490	uncounted	train	100000	0.21
1789532474	6490	uncounted	train	100000	0.16
1789532475	6490	uncounted	train	100000	0.31
1789532475	6490	uncounted	train	100000	0.26
1789532475	6490	uncounted	train	100000	0.21
1789532476	6490	uncounted	train	100000	0.32
1789532476	6490	uncounted	train	100000	0.31
1789532476	6490	uncounted	train	100000	0.31
1789532477	6490	uncounted	train	100000	0.32
1789532477	6490	uncounted	train	100000	0.26
1789532478	6490	uncounted	train	100000	0.21
1789532478	6490	uncounted	train	100000	0.17
1789532478	6490	uncounted	train	100000	0.30
1789532479	6490	uncounted	train	100000	0.24
1789532479	6490	uncounted	train	100000	0.19
1789532479	6490	uncounted	train	100000	0.31
1789532480	6490	uncounted	train	100000	0.30
1789532480	6490	uncounted	train	100000	0.29
1789532481	6490	uncounted	train	100000	0.28
1789532481	6490	uncounted	train	100000	0.21
1789532481	6490	uncounted	train	100000	0.18
1789532482	6490	uncounted	train	100000	0.15
1789532482	6490	uncounted	train	100000	0.32
1789532483	6490	uncounted	train	100000	0.27
1789532483	6490	uncounted	train	100000	0.22
1789532483	6490	uncounted	train	100000	0.34
1789532484	6490	uncounted	train	100000	0.34
1789532484	6490	uncounted	train	100000	0.33
1789532485	6490	uncounted	train	100000	0.32
1789532485	6490	uncounted	train	100000	0.27
1789532485	6490	uncounted	train	100000	0.21
1789532486	6490	uncounted	train	100000	0.17
1789532486	6490	uncounted	train	100000	0.32
1789532487	6490	uncounted	train	100000	0.25
1789532487	6490	uncounted	train	100000	0.21
1789532487	6490	uncounted	train	100000	0.33
1789532488	6490	uncounted	train	100000	0.31
1789532488	6490	uncounted	train	100000	0.32
1789532489	6490	uncounted	train	100000	0.32
1789532489	6490	uncounted	train	100000	0.26
1789532489	6490	uncounted	train	100000	0.21
1789532490	6490	uncounted	train	100000	0.17
1789532490	6490	uncounted	train	100000	0.32
1789532491	6490	uncounted	train	100000	0.24
1789532491	6490	uncounted	train	100000	0.22
1789532491	6490	uncounted	train	100000	0.31
1789532492	6490	uncounted	train	100000	0.31
1789532492	6490	uncounted	train	100000	0.31
1789532493	6490	uncounted	train	100000	0.30
1789532493	6490	uncounted	train	100000	0.25
1789532493	6490	uncounted	train	100000	0.21
1789532494	6490	uncounted	train	100000	0.17
1789532494	6490	uncounted	train	100000	0.25
1789532495	6490	uncounted	train	100000	0.19
1789532495	6490	uncounted	train	100000	0.43
1789532495	6490	uncounted	train	100000	0.29
1789532496	6490	uncounted	train	100000	0.30
1789532496	6490	uncounted	train	100000	0.30
1789532497	6490	uncounted	train	100000	0.28
1789532497	6490	uncounted	train	100000	0.25
1789532497	6490	uncounted	train	100000	0.19
1789532498	6490	uncounted	train	100000	0.15
1789532498	6490	uncounted	train	100000	0.31
1789532499	6490	uncounted	train	100000	0.25
1789532499	6490	uncounted	train	100000	0.20
1789532499	6490	uncounted	train	100000	0.32
1789532500	6490	uncounted	train	100000	0.31
1789532500	6490	uncounted	train	100000	0.31
1789532501	6490	uncounted	train	100000	0.30
1789532501	6490	uncounted	train	100000	0.27
1789532501	6490	uncounted	train	100000	0.21
1789532501	6490	uncounted	train	100000	0.17
1789532502	6490	uncounted	train	100000	0.34
1789532503	6490	uncounted	train	100000	0.25
1789532503	6490	uncounted	train	100000	0.20
1789532503	6490	uncounted	train	100000	0.31
1789532504	6490	uncounted	train	100000	0.30
1789532504	6490	uncounted	train	100000	0.31
1789532504	6490	uncounted	train	100000	0.32
1789532505	6490	uncounted	train	100000	0.27
1789532505	6490	uncounted	train	100000	0.21
1789532505	6490	uncounted	train	100000	0.16
1789532506	6490	uncounted	train	100000	0.29
1789532506	6490	uncounted	train	100000	0.22
1789532507	6490	uncounted	train	100000	0.18
1789532507	6490	uncounted	train	100000	0.29
1789532507	6490	uncounted	train	100000	0.29
1789532508	6490	uncounted	train	100000	0.28
1789532508	6490	uncounted	train	100000	0.30
1789532509	6490	uncounted	train	100000	0.25
1789532509	6490	uncounted	train	100000	0.23
1789532509	6490	uncounted	train	100000	0.19
1789532510	6490	uncounted	train	100000	0.36
1789532510	6490	uncounted	train	100000	0.27
1789532511	6490	uncounted	train	100000	0.23
1789532511	6490	uncounted	train	100000	0.33
1789532512	6490	uncounted	train	100000	0.34
1789532512	6490	uncounted	train	100000	0.32
1789532512	6490	uncounted	train	100000	0.32
1789532513	6490	uncounted	train	100000	0.29
1789532513	6490	uncounted	train	100000	0.23
1789532513	6490	uncounted	train	100000	0.19
1789532514	6490	uncounted	train	100000	0.34
1789532515	6490	uncounted	train	100000	0.25
1789532515	6490	uncounted	train	100000	0.21
1789532515	6490	uncounted	train	100000	0.33
1789532516	6490	uncounted	train	100000	0.32
1789532516	6490	uncounted	train	100000	0.32
1789532517	6490	uncounted	train	100000	0.30
1789532517	6490	uncounted	train	100000	0.25
1789532517	6490	uncounted	train	100000	0.20
1789532517	6490	uncounted	train	100000	0.15
1789532518	6490	uncounted	train	100000	0.32
1789532518	6490	uncounted	train	100000	0.25
1789532519	6490	uncounted	train	100000	0.21
1789532519	6490	uncounted	train	100000	0.32
1789532520	6490	uncounted	train	100000	0.33
1789532520	6490	uncounted	train	100000	0.35
1789532521	6490	uncounted	train	100000	0.32
1789532521	6490	uncounted	train	100000	0.28
1789532521	6490	uncounted	train	100000	0.21
1789532521	6490	uncounted	train	100000	0.16
1789532522	6490	uncounted	train	100000	0.29
1789532522	6490	uncounted	train	100000	0.22
1789532523	6490	uncounted	train	100000	0.19
1789532523	6490	uncounted	train	100000	0.30
1789532524	6490	uncounted	train	100000	0.30
1789532524	6490	uncounted	train	100000	0.31
1789532524	6490	uncounted	train	100000	0.31
1789532525	6490	uncounted	train	100000	0.23
1789532525	6490	uncounted	train	100000	0.20
1789532525	6490	uncounted	train	100000	0.15
1789532837	6572	uncounted	train	100000	0.30
1789532837	6572	uncounted	train	100000	0.24
1789532837	6572	uncounted	train	100000	0.19
1789532838	6572	uncounted	train	100000	0.30
1789532838	6572	uncounted	train	100000	0.30
1789532839	6572	uncounted	train	100000	0.29
1789532839	6572	uncounted	train	100000	0.30
1789532839	6572	uncounted	train	100000	0.22
1789532840	6572	uncounted	train	100000	0.20
1789532840	6572	uncounted	train	100000	0.15
1789532840	6572	uncounted	train	100000	0.29
1789532841	6572	uncounted	train	100000	0.23
1789532841	6572	uncounted	train	100000	0.20
1789532841	6572	uncounted	train	100000	0.31
1789532842	6572	uncounted	train	100000	0.31
1789532842	6572	uncounted	train	100000	0.32
1789532843	6572	uncounted	train	100000	0.31
1789532843	6572	uncounted	train	100000	0.24
1789532843	6572	uncounted	train	100000	0.21
1789532844	6572	uncounted	train	100000	0.16
1789532844	6572	uncounted	train	100000	0.30
1789532845	6572	uncounted	train	100000	0.24
1789532845	6572	uncounted	train	100000	0.20
1789532845	6572	uncounted	train	100000	0.31
1789532846	6572	uncounted	train	100000	0.31
1789532846	6572	uncounted	train	100000	0.31
1789532847	6572	uncounted	train	100000	0.30
1789532847	6572	uncounted	train	100000	0.23
1789532847	6572	uncounted	train	100000	0.20
1789532847	6572	uncounted	train	100000	0.16
1789532848	6572	uncounted	train	100000	0.32
1789532848	6572	uncounted	train	100000	0.25
1789532849	6572	uncounted	train	100000	0.22
1789532849	6572	uncounted	train	100000	0.33
1789532850	6572	uncounted	train	100000	0.32
1789532850	6572	uncounted	train	100000	0.32
1789532851	6572	uncounted	train	100000	0.32
1789532851	6572	uncounted	train	100000	0.25
1789532851	6572	uncounted	train	100000	0.23
1789532851	6572	uncounted	train	100000	0.17
1789532852	6572	uncounted	train	100000	0.30
1789532852	6572	uncounted	train	100000	0.24
1789532853	6572	uncounted	train	100000	0.20
1789532853	6572	uncounted	train	100000	0.31
1789532854	6572	uncounted	train	100000	0.31
1789532854	6572	uncounted	train	100000	0.32
1789532854	6572	uncounted	train	100000	0.31
1789532855	6572	uncounted	train	100000	0.26
1789532855	6572	uncounted	train	100000	0.21
1789532855	6572	uncounted	train	100000	0.16
1789532856	6572	uncounted	train	100000	0.30
1789532856	6572	uncounted	train	100000	0.24
1789532856	6572	uncounted	train	100000	0.20
1789532857	6572	uncounted	train	100000	0.32
1789532857	6572	uncounted	train	100000	0.32
1789532858	6572	uncounted	train	100000	0.32
1789532858	6572	uncounted	train	100000	0.30
1789532859	6572	uncounted	train	100000	0.26
1789532859	6572	uncounted	train	100000	0.21
1789532859	6572	uncounted	train	100000	0.16
1789532860	6572	uncounted	train	100000	0.31
1789532860	6572	uncounted	train	100000	0.25
1789532860	6572	uncounted	train	100000	0.20
1789532861	6572	uncounted	train	100000	0.31
1789532861	6572	uncounted	train	100000	0.32
1789532862	6572	uncounted	train	100000	0.31
1789532862	6572	uncounted	train	100000	0.30
1789532863	6572	uncounted	train	100000	0.25
1789532863	6572	uncounted	train	100000	0.21
1789532863	6572	uncounted	train	100000	0.17
1789532864	6572	uncounted	train	100000	0.34
1789532864	6572	uncounted	train	100000	0.27
1789532865	6572	uncounted	train	100000	0.24
1789532865	6572	uncounted	train	100000	0.34
1789532866	6572	uncounted	train	100000	0.33
1789532866	6572	uncounted	train	100000	0.32
1789532867	6572	uncounted	train	100000	0.32
1789532867	6572	uncounted	train	100000	0.26
1789532867	6572	uncounted	train	100000	0.22
1789532868	6572	uncounted	train	100000	0.17
1789532868	6572	uncounted	train	100000	0.30
1789532869	6572	uncounted	train	100000	0.24
1789532869	6572	uncounted	train	100000	0.20
1789532870	6572	uncounted	train	100000	0.31
1789532870	6572	uncounted	train	100000	0.30
1789532870	6572	uncounted	train	100000	0.31
1789532871	6572	uncounted	train	100000	0.31
1789532871	6572	uncounted	train	100000	0.23
1789532872	6572	uncounted	train	100000	0.21
1789532872	6572	uncounted	train	100000	0.16
1789532872	6572	uncounted	train	100000	0.30
1789532873	6572	uncounted	train	100000	0.24
1789532873	6572	uncounted	train	100000	0.20
1789532873	6572	uncounted	train	100000	0.30
1789532874	6572	uncounted	train	100000	0.30
1789532874	6572	uncounted	train	100000	0.30
1789532875	6572	uncounted	train	100000	0.32
1789532875	6572	uncounted	train	100000	0.24
1789532875	6572	uncounted	train	100000	0.21
1789532876	6572	uncounted	train	100000	0.17
1789532876	6572	uncounted	train	100000	0.30
1789532876	6572	uncounted	train	100000	0.23
1789532877	6572	uncounted	train	100000	0.19
1789532877	6572	uncounted	train	100000	0.30
1789532877	6572	uncounted	train	100000	0.30
1789532878	6572	uncounted	train	100000	0.31
1789532878	6572	uncounted	train	100000	0.31
1789532879	6572	uncounted	train	100000	0.24
1789532879	6572	uncounted	train	100000	0.20
1789532879	6572	uncounted	train	100000	0.16
1789532880	6572	uncounted	train	100000	0.31
1789532880	6572	uncounted	train	100000	0.25
1789532880	6572	uncounted	train	100000	0.21
1789532881	6572	uncounted	train	100000	0.32
1789532881	6572	uncounted	train	100000	0.34
1789532882	6572	uncounted	train	100000	0.33
1789532882	6572	uncounted	train	100000	0.30
1789532882	6572	uncounted	train	100000	0.24
1789532883	6572	uncounted	train	100000	0.21
1789532883	6572	uncounted	train	100000	0.16
1789532884	6572	uncounted	train	100000	0.31
1789532884	6572	uncounted	train	100000	0.24
1789532884	6572	uncounted	train	100000	0.20
1789532885	6572	uncounted	train	100000	0.29
1789532885	6572	uncounted	train	100000	0.29
1789532885	6572	uncounted	train	100000	0.31
1789532886	6572	uncounted	train	100000	0.31
1789532886	6572	uncounted	train	100000	0.25
1789532886	6572	uncounted	train	100000	0.21
1789532887	6572	uncounted	train	100000	0.17
1789532887	6572	uncounted	train	100000	0.34
1789532888	6572	uncounted	train	100000	0.28
1789532888	6572	uncounted	train	100000	0.22
1789532888	6572	uncounted	train	100000	0.34
1789532889	6572	uncounted	train	100000	0.33
1789532889	6572	uncounted	train	100000	0.33
1789532890	6572	uncounted	train	100000	0.33
1789532890	6572	uncounted	train	100000	0.27
1789532891	6572	uncounted	train	100000	0.22
1789532891	6572	uncounted	train	100000	0.18
1789532891	6572	uncounted	train	100000	0.33
1789532892	6572	uncounted	train	100000	0.25
1789532892	6572	uncounted	train	100000	0.20
1789532893	6572	uncounted	train	100000	0.33
1789532893	6572	uncounted	train	100000	0.32
1789532893	6572	uncounted	train	100000	0.32
1789532894	6572	uncounted	train	100000	0.32
1789532894	6572	uncounted	train	100000	0.27
1789532895	6572	uncounted	train	100000	0.22
1789532895	6572	uncounted	train	100000	0.17
1789532895	6572	uncounted	train	100000	0.31
1789532896	6572	uncounted	train	100000	0.26
1789532896	6572	uncounted	train	100000	0.22
1789532896	6572	uncounted	train	100000	0.32
1789532897	6572	uncounted	train	100000	0.33
1789532897	6572	uncounted	train	100000	0.32
1789532898	6572	uncounted	train	100000	0.32
1789532898	6572	uncounted	train	100000	0.29
1789532898	6572	uncounted	train	100000	0.22
1789532899	6572	uncounted	train	100000	0.17
1789532899	6572	uncounted	train	100000	0.35
1789532900	6572	uncounted	train	100000	0.26
1789532900	6572	uncounted	train	100000	0.21
1789532900	6572	uncounted	train	100000	0.32
1789532901	6572	uncounted	train	100000	0.32
1789532901	6572	uncounted	train	100000	0.34
1789532902	6572	uncounted	train	100000	0.33
1789532902	6572	uncounted	train	100000	0.27
1789532903	6572	uncounted	train	100000	0.22
1789532903	6572	uncounted	train	100000	0.18
1789532904	6572	uncounted	train	100000	0.35
1789532904	6572	uncounted	train	100000	0.27
1789532904	6572	uncounted	train	100000	0.21
1789532905	6572	uncounted	train	100000	0.32
1789532905	6572	uncounted	train	100000	0.32
1789532906	6572	uncounted	train	100000	0.32
1789532906	6572	uncounted	train	100000	0.33
1789532907	6572	uncounted	train	100000	0.27
1789532907	6572	uncounted	train	100000	0.23
1789532907	6572	uncounted	train	100000	0.17
1789532908	6572	uncounted	train	100000	0.31
1789532908	6572	uncounted	train	100000	0.24
1789532908	6572	uncounted	train	100000	0.19
1789532909	6572	uncounted	train	100000	0.30
1789532909	6572	uncounted	train	100000	0.31
1789532909	6572	uncounted	train	100000	0.32
1789532910	6572	uncounted	train	100000	0.30
1789532910	6572	uncounted	train	100000	0.25
1789532910	6572	uncounted	train	100000	0.20
1789532911	6572	uncounted	train	100000	0.17
1789532911	6572	uncounted	train	100000	0.32
1789532912	6572	uncounted	train	100000	0.24
1789532912	6572	uncounted	train	100000	0.20
1789532912	6572	uncounted	train	100000	0.31
1789532913	6572	uncounted	train	100000	0.32
1789532913	6572	uncounted	train	100000	0.31
1789532914	6572	uncounted	train	100000	0.33
1789532914	6572	uncounted	train	100000	0.27
1789532914	6572	uncounted	train	100000	0.23
1789532915	6572	uncounted	train	100000	0.17
1789532915	6572	uncounted	train	100000	0.30
1789532915	6572	uncounted	train	100000	0.23
1789532916	6572	uncounted	train	100000	0.19
1789532916	6572	uncounted	train	100000	0.30
1789532916	6572	uncounted	train	100000	0.31
1789532917	6572	uncounted	train	100000	0.31
1789532917	6572	uncounted	train	100000	0.32
1789532918	6572	uncounted	train	100000	0.26
1789532918	6572	uncounted	train	100000	0.21
1789532918	6572	uncounted	train	100000	0.17
1789532919	6572	uncounted	train	100000	0.33
1789532919	6572	uncounted	train	100000	0.27
1789532919	6572	uncounted	train	100000	0.21
1789532920	6572	uncounted	train	100000	0.33
1789532920	6572	uncounted	train	100000	0.32
1789532921	6572	uncounted	train	100000	0.33
1789532921	6572	uncounted	train	100000	0.34
1789532922	6572	uncounted	train	100000	0.26
1789532922	6572	uncounted	train	100000	0.23
1789532922	6572	uncounted	train	100000	0.17
1789532923	6572	uncounted	train	100000	0.32
1789532923	6572	uncounted	train	100000	0.24
1789532923	6572	uncounted	train	100000	0.20
1789532924	6572	uncounted	train	100000	0.30
1789532924	6572	uncounted	train	100000	0.30
1789532925	6572	uncounted	train	100000	0.30
1789532925	6572	uncounted	train	100000	0.30
1789532925	6572	uncounted	train	100000	0.26
1789532926	6572	uncounted	train	100000	0.21
1789532926	6572	uncounted	train	100000	0.17
1789532927	6572	uncounted	train	100000	0.36
1789532927	6572	uncounted	train	100000	0.27
1789532927	6572	uncounted	train	100000	0.22
1789532928	6572	uncounted	train	100000	0.35
1789532928	6572	uncounted	train	100000	0.34
1789532929	6572	uncounted	train	100000	0.35
1789532929	6572	uncounted	train	100000	0.35
1789532930	6572	uncounted	train	100000	0.29
1789532930	6572	uncounted	train	100000	0.22
1789532930	6572	uncounted	train	100000	0.17
1789532931	6572	uncounted	train	100000	0.32
1789532931	6572	uncounted	train	100000	0.26
1789532931	6572	uncounted	train	100000	0.22
1789532932	6572	uncounted	train	100000	0.32
1789532932	6572	uncounted	train	100000	0.33
1789532933	6572	uncounted	train	100000	0.32
1789532933	6572	uncounted	train	100000	0.32
1789532934	6572	uncounted	train	100000	0.27
1789532934	6572	uncounted	train	100000	0.21
1789532934	6572	uncounted	train	100000	0.17
1789532935	6572	uncounted	train	100000	0.31
1789532935	6572	uncounted	train	100000	0.25
1789532935	6572	uncounted	train	100000	0.20
1789532936	6572	uncounted	train	100000	0.31
1789532936	6572	uncounted	train	100000	0.30
1789532937	6572	uncounted	train	100000	0.31
1789532937	6572	uncounted	train	100000	0.32
1789532937	6572	uncounted	train	100000	0.28
1789532938	6572	uncounted	train	100000	0.21
1789532938	6572	uncounted	train	100000	0.18
1789532939	6572	uncounted	train	100000	0.34
1789532939	6572	uncounted	train	100000	0.53
1789532940	6572	uncounted	train	100000	0.21
1789532940	6572	uncounted	train	100000	0.33
1789532940	6572	uncounted	train	100000	0.33
1789532941	6572	uncounted	train	100000	0.35
1789532941	6572	uncounted	train	100000	0.32
1789532942	6572	uncounted	train	100000	0.28
1789532942	6572	uncounted	train	100000	0.21
1789532942	6572	uncounted	train	100000	0.17
1789532943	6572	uncounted	train	100000	0.32
1789532944	6572	uncounted	train	100000	0.25
1789532944	6572	uncounted	train	100000	0.21
1789532944	6572	uncounted	train	100000	0.33
1789532945	6572	uncounted	train	100000	0.32
1789532945	6572	uncounted	train	100000	0.33
1789532946	6572	uncounted	train	100000	0.33
1789532946	6572	uncounted	train	100000	0.26
1789532946	6572	uncounted	train	100000	0.21
1789532947	6572	uncounted	train	100000	0.17
1789532948	6572	uncounted	train	100000	0.30
1789532948	6572	uncounted	train	100000	0.24
1789532948	6572	uncounted	train	100000	0.20
1789532949	6572	uncounted	train	100000	0.30
1789532949	6572	uncounted	train	100000	0.30
1789532949	6572	uncounted	train	100000	0.31
1789532950	6572	uncounted	train	100000	0.29
1789532950	6572	uncounted	train	100000	0.25
1789532951	6572	uncounted	train	100000	0.21
1789532951	6572	uncounted	train	100000	0.15
1789532951	6572	uncounted	train	100000	0.33
1789532952	6572	uncounted	train	100000	0.25
1789532952	6572	uncounted	train	100000	0.20
1789532952	6572	uncounted	train	100000	0.31
1789532953	6572	uncounted	train	100000	0.32
1789532953	6572	uncounted	train	100000	0.33
1789532954	6572	uncounted	train	100000	0.33
1789532954	6572	uncounted	train	100000	0.27
1789532954	6572	uncounted	train	100000	0.22
1789532955	6572	uncounted	train	100000	0.16
1789532955	6572	uncounted	train	100000	0.31
1789532956	6572	uncounted	train	100000	0.25
1789532956	6572	uncounted	train	100000	0.20
1789532956	6572	uncounted	train	100000	0.32
1789532957	6572	uncounted	train	100000	0.32
1789532957	6572	uncounted	train	100000	0.32
1789532958	6572	uncounted	train	100000	0.32
1789532958	6572	uncounted	train	100000	0.26
1789532958	6572	uncounted	train	100000	0.21
1789532959	6572	uncounted	train	100000	0.16
1789532959	6572	uncounted	train	100000	0.30
1789532959	6572	uncounted	train	100000	0.23
1789532960	6572	uncounted	train	100000	0.19
1789532960	6572	uncounted	train	100000	0.29
1789532960	6572	uncounted	train	100000	0.28
1789532961	6572	uncounted	train	100000	0.28
1789532961	6572	uncounted	train	100000	0.28
1789532961	6572	uncounted	train	100000	0.22
1789532962	6572	uncounted	train	100000	0.18
1789532962	6572	uncounted	train	100000	0.14
1789532962	6572	uncounted	train	100000	0.28
1789532963	6572	uncounted	train	100000	0.22
1789532963	6572	uncounted	train	100000	0.19
1789532963	6572	uncounted	train	100000	0.31
1789532964	6572	uncounted	train	100000	0.30
1789532964	6572	uncounted	train	100000	0.30
1789532965	6572	uncounted	train	100000	0.30
1789532965	6572	uncounted	train	100000	0.23
1789532965	6572	uncounted	train	100000	0.22
1789532966	6572	uncounted	train	100000	0.16
1789532966	6572	uncounted	train	100000	0.30
1789532967	6572	uncounted	train	100000	0.24
1789532967	6572	uncounted	train	100000	0.20
1789532967	6572	uncounted	train	100000	0.30
1789532968	6572	uncounted	train	100000	0.31
1789532968	6572	uncounted	train	100000	0.32
1789532968	6572	uncounted	train	100000	0.32
1789532969	6572	uncounted	train	100000	0.25
1789532969	6572	uncounted	train	100000	0.21
1789532969	6572	uncounted	train	100000	0.16
1789532970	6572	uncounted	train	100000	0.32
1789532970	6572	uncounted	train	100000	0.25
1789532971	6572	uncounted	train	100000	0.21
1789532971	6572	uncounted	train	100000	0.33
1789532972	6572	uncounted	train	100000	0.33
1789532972	6572	uncounted	train	100000	0.34
1789532973	6572	uncounted	train	100000	0.33
1789532973	6572	uncounted	train	100000	0.26
1789532973	6572	uncounted	train	100000	0.22
1789532974	6572	uncounted	train	100000	0.16
1789532974	6572	uncounted	train	100000	0.30
1789532974	6572	uncounted	train	100000	0.26
1789532975	6572	uncounted	train	100000	0.21
1789532975	6572	uncounted	train	100000	0.33
1789532976	6572	uncounted	train	100000	0.33
1789532976	6572	uncounted	train	100000	0.33
1789532977	6572	uncounted	train	100000	0.34
1789532977	6572	uncounted	train	100000	0.26
1789532977	6572	uncounted	train	100000	0.21
1789532977	6572	uncounted	train	100000	0.17
1789532978	6572	uncounted	train	100000	0.32
1789532978	6572	uncounted	train	100000	0.26
1789532979	6572	uncounted	train	100000	0.22
1789532979	6572	uncounted	train	100000	0.32
1789532980	6572	uncounted	train	100000	0.33
1789532980	6572	uncounted	train	100000	0.34
1789532980	6572	uncounted	train	100000	0.33
1789532981	6572	uncounted	train	100000	0.26
1789532981	6572	uncounted	train	100000	0.21
1789532981	6572	uncounted	train	100000	0.17
1789532982	6572	uncounted	train	100000	0.33
1789532982	6572	uncounted	train	100000	0.27
1789532983	6572	uncounted	train	100000	0.21
1789532983	6572	uncounted	train	100000	0.33
1789532984	6572	uncounted	train	100000	0.33
1789532984	6572	uncounted	train	100000	0.34
1789532985	6572	uncounted	train	100000	0.33
1789532985	6572	uncounted	train	100000	0.28
1789532985	6572	uncounted	train	100000	0.22
1789532986	6572	uncounted	train	100000	0.18
1789532986	6572	uncounted	train	100000	0.34
1789532987	6572	uncounted	train	100000	0.28
1789532987	6572	uncounted	train	100000	0.21
1789532987	6572	uncounted	train	100000	0.33
1789532988	6572	uncounted	train	100000	0.33
1789532988	6572	uncounted	train	100000	0.32
1789532989	6572	uncounted	train	100000	0.34
1789532989	6572	uncounted	train	100000	0.27
1789532990	6572	uncounted	train	100000	0.22
1789532990	6572	uncounted	train	100000	0.17
1789532991	6572	uncounted	train	100000	0.31
1789532991	6572	uncounted	train	100000	0.24
1789532991	6572	uncounted	train	100000	0.19
1789532992	6572	uncounted	train	100000	0.31
1789532992	6572	uncounted	train	100000	0.30
1789532993	6572	uncounted	train	100000	0.31
1789532993	6572	uncounted	train	100000	0.30
1789532994	6572	uncounted	train	100000	0.25
1789532994	6572	uncounted	train	100000	0.20
1789532994	6572	uncounted	train	100000	0.16
1789532995	6572	uncounted	train	100000	0.33
1789532995	6572	uncounted	train	100000	0.25
1789532995	6572	uncounted	train	100000	0.21
1789532996	6572	uncounted	train	100000	0.32
1789532996	6572	uncounted	train	100000	0.31
1789532997	6572	uncounted	train	100000	0.31
1789532997	6572	uncounted	train	100000	0.31
1789532997	6572	uncounted	train	100000	0.26
1789532998	6572	uncounted	train	100000	0.22
1789532998	6572	uncounted	train	100000	0.17
1789532999	6572	uncounted	train	100000	0.32
1789532999	6572	uncounted	train	100000	0.26
1789532999	6572	uncounted	train	100000	0.22
1789533000	6572	uncounted	train	100000	0.32
1789533000	6572	uncounted	train	100000	0.33
1789533001	6572	uncounted	train	100000	0.32
1789533001	6572	uncounted	train	100000	0.33
1789533001	6572	uncounted	train	100000	0.28
1789533002	6572	uncounted	train	100000	0.22
1789533002	6572	uncounted	train	100000	0.17
1789533271	6625	uncounted	train	100000	0.33
1789533271	6625	uncounted	train	100000	0.27
1789533272	6625	uncounted	train	100000	0.20
1789533272	6625	uncounted	train	100000	0.32
1789533272	6625	uncounted	train	100000	0.33
1789533273	6625	uncounted	train	100000	0.33
1789533273	6625	uncounted	train	100000	0.33
1789533274	6625	uncounted	train	100000	0.26
1789533274	6625	uncounted	train	100000	0.21
1789533274	6625	uncounted	train	100000	0.18
1789533275	6625	uncounted	train	100000	0.31
1789533275	6625	uncounted	train	100000	0.25
1789533275	6625	uncounted	train	100000	0.21
1789533276	6625	uncounted	train	100000	0.34
1789533276	6625	uncounted	train	100000	0.34
1789533277	6625	uncounted	train	100000	0.32
1789533277	6625	uncounted	train	100000	0.34
1789533278	6625	uncounted	train	100000	0.27
1789533278	6625	uncounted	train	100000	0.22
1789533278	6625	uncounted	train	100000	0.18
1789533279	6625	uncounted	train	100000	0.33
1789533279	6625	uncounted	train	100000	0.26
1789533279	6625	uncounted	train	100000	0.20
1789533280	6625	uncounted	train	100000	0.31
1789533280	6625	uncounted	train	100000	0.32
1789533281	6625	uncounted	train	100000	0.32
1789533281	6625	uncounted	train	100000	0.33
1789533282	6625	uncounted	train	100000	0.28
1789533282	6625	uncounted	train	100000	0.22
1789533282	6625	uncounted	train	100000	0.17
1789533283	6625	uncounted	train	100000	0.35
1789533283	6625	uncounted	train	100000	0.27
1789533284	6625	uncounted	train	100000	0.25
1789533284	6625	uncounted	train	100000	0.35
1789533284	6625	uncounted	train	100000	0.33
1789533285	6625	uncounted	train	100000	0.34
1789533285	6625	uncounted	train	100000	0.33
1789533286	6625	uncounted	train	100000	0.28
1789533286	6625	uncounted	train	100000	0.23
1789533286	6625	uncounted	train	100000	0.18
1789533287	6625	uncounted	train	100000	0.34
1789533287	6625	uncounted	train	100000	0.26
1789533288	6625	uncounted	train	100000	0.21
1789533288	6625	uncounted	train	100000	0.34
1789533289	6625	uncounted	train	100000	0.33
1789533289	6625	uncounted	train	100000	0.35
1789533290	6625	uncounted	train	100000	0.34
1789533290	6625	uncounted	train	100000	0.27
1789533290	6625	uncounted	train	100000	0.22
1789533291	6625	uncounted	train	100000	0.17
1789533291	6625	uncounted	train	100000	0.30
1789533291	6625	uncounted	train	100000	0.23
1789533292	6625	uncounted	train	100000	0.20
1789533292	6625	uncounted	train	100000	0.30
1789533292	6625	uncounted	train	100000	0.30
1789533293	6625	uncounted	train	100000	0.31
1789533293	6625	uncounted	train	100000	0.31
1789533294	6625	uncounted	train	100000	0.25
1789533294	6625	uncounted	train	100000	0.20
1789533294	6625	uncounted	train	100000	0.16
1789533295	6625	uncounted	train	100000	0.31
1789533295	6625	uncounted	train	100000	0.23
1789533296	6625	uncounted	train	100000	0.20
1789533296	6625	uncounted	train	100000	0.30
1789533296	6625	uncounted	train	100000	0.30
1789533297	6625	uncounted	train	100000	0.31
1789533297	6625	uncounted	train	100000	0.31
1789533298	6625	uncounted	train	100000	0.24
1789533298	6625	uncounted	train	100000	0.19
1789533298	6625	uncounted	train	100000	0.15
1789533299	6625	uncounted	train	100000	0.34
1789533299	6625	uncounted	train	100000	0.26
1789533300	6625	uncounted	train	100000	0.22
1789533300	6625	uncounted	train	100000	0.36
1789533301	6625	uncounted	train	100000	0.35
1789533301	6625	uncounted	train	100000	0.36
1789533302	6625	uncounted	train	100000	0.34
1789533302	6625	uncounted	train	100000	0.29
1789533303	6625	uncounted	train	100000	0.24
1789533303	6625	uncounted	train	100000	0.18
1789533304	6625	uncounted	train	100000	0.35
1789533304	6625	uncounted	train	100000	0.26
1789533305	6625	uncounted	train	100000	0.23
1789533305	6625	uncounted	train	100000	0.34
1789533305	6625	uncounted	train	100000	0.35
1789533306	6625	uncounted	train	100000	0.34
1789533306	6625	uncounted	train	100000	0.33
1789533307	6625	uncounted	train	100000	0.26
1789533307	6625	uncounted	train	100000	0.22
1789533307	6625	uncounted	train	100000	0.17
1789533308	6625	uncounted	train	100000	0.42
1789533308	6625	uncounted	train	100000	0.27
1789533309	6625	uncounted	train	100000	0.22
1789533309	6625	uncounted	train	100000	0.34
1789533310	6625	uncounted	train	100000	0.33
1789533310	6625	uncounted	train	100000	0.33
1789533311	6625	uncounted	train	100000	0.34
1789533311	6625	uncounted	train	100000	0.28
1789533311	6625	uncounted	train	100000	0.23
1789533312	6625	uncounted	train	100000	0.17
1789533312	6625	uncounted	train	100000	0.33
1789533312	6625	uncounted	train	100000	0.25
1789533313	6625	uncounted	train	100000	0.20
1789533313	6625	uncounted	train	100000	0.33
1789533314	6625	uncounted	train	100000	0.32
1789533314	6625	uncounted	train	100000	0.31
1789533314	6625	uncounted	train	100000	0.32
1789533315	6625	uncounted	train	100000	0.26
1789533315	6625	uncounted	train	100000	0.21
1789533315	6625	uncounted	train	100000	0.17
1789533316	6625	uncounted	train	100000	0.34
1789533316	6625	uncounted	train	100000	0.27
1789533317	6625	uncounted	train	100000	0.22
1789533317	6625	uncounted	train	100000	0.35
1789533317	6625	uncounted	train	100000	0.34
1789533318	6625	uncounted	train	100000	0.32
1789533318	6625	uncounted	train	100000	0.32
1789533319	6625	uncounted	train	100000	0.29
1789533319	6625	uncounted	train	100000	0.24
1789533319	6625	uncounted	train	100000	0.18
1789533320	6625	uncounted	train	100000	0.32
1789533320	6625	uncounted	train	100000	0.25
1789533321	6625	uncounted	train	100000	0.22
1789533321	6625	uncounted	train	100000	0.31
1789533321	6625	uncounted	train	100000	0.32
1789533322	6625	uncounted	train	100000	0.33
1789533322	6625	uncounted	train	100000	0.31
1789533323	6625	uncounted	train	100000	0.24
1789533323	6625	uncounted	train	100000	0.20
1789533323	6625	uncounted	train	100000	0.16
1789533324	6625	uncounted	train	100000	0.35
1789533324	6625	uncounted	train	100000	0.28
1789533325	6625	uncounted	train	100000	0.23
1789533325	6625	uncounted	train	100000	0.33
1789533325	6625	uncounted	train	100000	0.34
1789533326	6625	uncounted	train	100000	0.34
1789533326	6625	uncounted	train	100000	0.34
1789533327	6625	uncounted	train	100000	0.28
1789533327	6625	uncounted	train	100000	0.22
1789533327	6625	uncounted	train	100000	0.18
1789533328	6625	uncounted	train	100000	0.32
1789533328	6625	uncounted	train	100000	0.26
1789533329	6625	uncounted	train	100000	0.21
1789533329	6625	uncounted	train	100000	0.32
1789533330	6625	uncounted	train	100000	0.33
1789533330	6625	uncounted	train	100000	0.34
1789533330	6625	uncounted	train	100000	0.35
1789533331	6625	uncounted	train	100000	0.28
1789533331	6625	uncounted	train	100000	0.23
1789533331	6625	uncounted	train	100000	0.18
1789533332	6625	uncounted	train	100000	0.34
1789533332	6625	uncounted	train	100000	0.26
1789533333	6625	uncounted	train	100000	0.21
1789533333	6625	uncounted	train	100000	0.30
1789533334	6625	uncounted	train	100000	0.30
1789533334	6625	uncounted	train	100000	0.30
1789533334	6625	uncounted	train	100000	0.31
1789533335	6625	uncounted	train	100000	0.25
1789533335	6625	uncounted	train	100000	0.20
1789533335	6625	uncounted	train	100000	0.16
1789533336	6625	uncounted	train	100000	0.31
1789533336	6625	uncounted	train	100000	0.24
1789533337	6625	uncounted	train	100000	0.21
1789533337	6625	uncounted	train	100000	0.31
1789533337	6625	uncounted	train	100000	0.31
1789533338	6625	uncounted	train	100000	0.31
1789533338	6625	uncounted	train	100000	0.33
1789533339	6625	uncounted	train	100000	0.28
1789533339	6625	uncounted	train	100000	0.22
1789533339	6625	uncounted	train	100000	0.17
1789533340	6625	uncounted	train	100000	0.29
1789533340	6625	uncounted	train	100000	0.23
1789533341	6625	uncounted	train	100000	0.20
1789533341	6625	uncounted	train	100000	0.32
1789533342	6625	uncounted	train	100000	0.33
1789533342	6625	uncounted	train	100000	0.33
1789533342	6625	uncounted	train	100000	0.32
1789533343	6625	uncounted	train	100000	0.26
1789533343	6625	uncounted	train	100000	0.21
1789533343	6625	uncounted	train	100000	0.16
1789533344	6625	uncounted	train	100000	0.30
1789533345	6625	uncounted	train	100000	0.24
1789533345	6625	uncounted	train	100000	0.20
1789533345	6625	uncounted	train	100000	0.30
1789533346	6625	uncounted	train	100000	0.30
1789533346	6625	uncounted	train	100000	0.29
1789533347	6625	uncounted	train	100000	0.31
1789533347	6625	uncounted	train	100000	0.25
1789533347	6625	uncounted	train	100000	0.21
1789533348	6625	uncounted	train	100000	0.16
1789533348	6625	uncounted	train	100000	0.31
1789533348	6625	uncounted	train	100000	0.24
1789533349	6625	uncounted	train	100000	0.19
1789533349	6625	uncounted	train	100000	0.32
1789533350	6625	uncounted	train	100000	0.32
1789533350	6625	uncounted	train	100000	0.33
1789533350	6625	uncounted	train	100000	0.32
1789533351	6625	uncounted	train	100000	0.26
1789533351	6625	uncounted	train	100000	0.20
1789533351	6625	uncounted	train	100000	0.16
1789533352	6625	uncounted	train	100000	0.31
1789533352	6625	uncounted	train	100000	0.25
1789533352	6625	uncounted	train	100000	0.20
1789533353	6625	uncounted	train	100000	0.34
1789533353	6625	uncounted	train	100000	0.32
1789533354	6625	uncounted	train	100000	0.32
1789533354	6625	uncounted	train	100000	0.32
1789533355	6625	uncounted	train	100000	0.27
1789533355	6625	uncounted	train	100000	0.22
1789533355	6625	uncounted	train	100000	0.17
1789533356	6625	uncounted	train	100000	0.33
1789533356	6625	uncounted	train	100000	0.25
1789533356	6625	uncounted	train	100000	0.20
1789533357	6625	uncounted	train	100000	0.31
1789533357	6625	uncounted	train	100000	0.31
1789533358	6625	uncounted	train	100000	0.33
1789533358	6625	uncounted	train	100000	0.31
1789533358	6625	uncounted	train	100000	0.26
1789533359	6625	uncounted	train	100000	0.20
1789533359	6625	uncounted	train	100000	0.17
1789533360	6625	uncounted	train	100000	0.34
1789533360	6625	uncounted	train	100000	0.30
1789533360	6625	uncounted	train	100000	0.22
1789533361	6625	uncounted	train	100000	0.34
1789533361	6625	uncounted	train	100000	0.34
1789533362	6625	uncounted	train	100000	0.35
1789533362	6625	uncounted	train	100000	0.34
1789533363	6625	uncounted	train	100000	0.28
1789533363	6625	uncounted	train	100000	0.23
1789533363	6625	uncounted	train	100000	0.18
1789533364	6625	uncounted	train	100000	0.35
1789533364	6625	uncounted	train	100000	0.29
1789533365	6625	uncounted	train	100000	0.23
1789533365	6625	uncounted	train	100000	0.34
1789533366	6625	uncounted	train	100000	0.33
1789533366	6625	uncounted	train	100000	0.32
1789533366	6625	uncounted	train	100000	0.34
1789533367	6625	uncounted	train	100000	0.26
1789533367	6625	uncounted	train	100000	0.21
1789533367	6625	uncounted	train	100000	0.16
1789533368	6625	uncounted	train	100000	0.30
1789533368	6625	uncounted	train	100000	0.24
1789533369	6625	uncounted	train	100000	0.20
1789533369	6625	uncounted	train	100000	0.30
1789533369	6625	uncounted	train	100000	0.30
1789533370	6625	uncounted	train	100000	0.29
1789533370	6625	uncounted	train	100000	0.30
1789533370	6625	uncounted	train	100000	0.26
1789533371	6625	uncounted	train	100000	0.20
1789533371	6625	uncounted	train	100000	0.16
1789533372	6625	uncounted	train	100000	0.32
1789533372	6625	uncounted	train	100000	0.25
1789533372	6625	uncounted	train	100000	0.20
1789533373	6625	uncounted	train	100000	0.32
1789533373	6625	uncounted	train	100000	0.32
1789533374	6625	uncounted	train	100000	0.32
1789533374	6625	uncounted	train	100000	0.31
1789533374	6625	uncounted	train	100000	0.26
1789533375	6625	uncounted	train	100000	0.21
1789533375	6625	uncounted	train	100000	0.16
1789533376	6625	uncounted	train	100000	0.31
1789533376	6625	uncounted	train	100000	0.25
1789533376	6625	uncounted	train	100000	0.22
1789533377	6625	uncounted	train	100000	0.33
1789533377	6625	uncounted	train	100000	0.32
1789533378	6625	uncounted	train	100000	0.33
1789533378	6625	uncounted	train	100000	0.32
1789533379	6625	uncounted	train	100000	0.25
1789533379	6625	uncounted	train	100000	0.21
1789533379	6625	uncounted	train	100000	0.16
1789533380	6625	uncounted	train	100000	0.29
1789533380	6625	uncounted	train	100000	0.22
1789533380	6625	uncounted	train	100000	0.19
1789533381	6625	uncounted	train	100000	0.31
1789533381	6625	uncounted	train	100000	0.30
1789533381	6625	uncounted	train	100000	0.30
1789533382	6625	uncounted	train	100000	0.31
1789533382	6625	uncounted	train	100000	0.24
1789533383	6625	uncounted	train	100000	0.20
1789533383	6625	uncounted	train	100000	0.16
1789533383	6625	uncounted	train	100000	0.30
1789533384	6625	uncounted	train	100000	0.24
1789533384	6625	uncounted	train	100000	0.20
1789533384	6625	uncounted	train	100000	0.32
1789533385	6625	uncounted	train	100000	0.32
1789533385	6625	uncounted	train	100000	0.32
1789533386	6625	uncounted	train	100000	0.32
1789533386	6625	uncounted	train	100000	0.25
1789533386	6625	uncounted	train	100000	0.21
1789533387	6625	uncounted	train	100000	0.17
1789533387	6625	uncounted	train	100000	0.30
1789533388	6625	uncounted	train	100000	0.24
1789533388	6625	uncounted	train	100000	0.21
1789533388	6625	uncounted	train	100000	0.31
1789533389	6625	uncounted	train	100000	0.31
1789533389	6625	uncounted	train	100000	0.32
1789533389	6625	uncounted	train	100000	0.31
1789533390	6625	uncounted	train	100000	0.27
1789533390	6625	uncounted	train	100000	0.20
1789533390	6625	uncounted	train	100000	0.16
1789533391	6625	uncounted	train	100000	0.33
1789533391	6625	uncounted	train	100000	0.26
1789533392	6625	uncounted	train	100000	0.21
1789533392	6625	uncounted	train	100000	0.34
1789533393	6625	uncounted	train	100000	0.33
1789533393	6625	uncounted	train	100000	0.32
1789533394	6625	uncounted	train	100000	0.33
1789533394	6625	uncounted	train	100000	0.26
1789533394	6625	uncounted	train	100000	0.21
1789533395	6625	uncounted	train	100000	0.16
1789533395	6625	uncounted	train	100000	0.29
1789533395	6625	uncounted	train	100000	0.23
1789533396	6625	uncounted	train	100000	0.20
1789533396	6625	uncounted	train	100000	0.32
1789533397	6625	uncounted	train	100000	0.31
1789533397	6625	uncounted	train	100000	0.31
1789533397	6625	uncounted	train	100000	0.32
1789533398	6625	uncounted	train	100000	0.24
1789533398	6625	uncounted	train	100000	0.20
1789533398	6625	uncounted	train	100000	0.16
1789533399	6625	uncounted	train	100000	0.30
1789533399	6625	uncounted	train	100000	0.25
1789533399	6625	uncounted	train	100000	0.20
1789533400	6625	uncounted	train	100000	0.30
1789533400	6625	uncounted	train	100000	0.31
1789533401	6625	uncounted	train	100000	0.30
1789533401	6625	uncounted	train	100000	0.30
1789533401	6625	uncounted	train	100000	0.26
1789533402	6625	uncounted	train	100000	0.21
1789533402	6625	uncounted	train	100000	0.16
1789533403	6625	uncounted	train	100000	0.34
1789533403	6625	uncounted	train	100000	0.24
1789533403	6625	uncounted	train	100000	0.21
1789533404	6625	uncounted	train	100000	0.33
1789533404	6625	uncounted	train	100000	0.33
1789533405	6625	uncounted	train	100000	0.32
1789533405	6625	uncounted	train	100000	0.33
1789533406	6625	uncounted	train	100000	0.26
1789533406	6625	uncounted	train	100000	0.22
1789533406	6625	uncounted	train	100000	0.17
1789533407	6625	uncounted	train	100000	0.31
1789533407	6625	uncounted	train	100000	0.25
1789533407	6625	uncounted	train	100000	0.20
1789533408	6625	uncounted	train	100000	0.34
1789533408	6625	uncounted	train	100000	0.32
1789533409	6625	uncounted	train	100000	0.32
1789533409	6625	uncounted	train	100000	0.32
1789533409	6625	uncounted	train	100000	0.26
1789533410	6625	uncounted	train	100000	0.21
1789533410	6625	uncounted	train	100000	0.16
1789533411	6625	uncounted	train	100000	0.31
1789533411	6625	uncounted	train	100000	0.25
1789533411	6625	uncounted	train	100000	0.20
1789533412	6625	uncounted	train	100000	0.34
1789533412	6625	uncounted	train	100000	0.30
1789533412	6625	uncounted	train	100000	0.30
1789533413	6625	uncounted	train	100000	0.31
1789533413	6625	uncounted	train	100000	0.26
1789533413	6625	uncounted	train	100000	0.20
1789533414	6625	uncounted	train	100000	0.16
1789533414	6625	uncounted	train	100000	0.31
1789533415	6625	uncounted	train	100000	0.24
1789533415	6625	uncounted	train	100000	0.20
1789533415	6625	uncounted	train	100000	0.32
1789533416	6625	uncounted	train	100000	0.33
1789533416	6625	uncounted	train	100000	0.33
1789533417	6625	uncounted	train	100000	0.32
1789533417	6625	uncounted	train	100000	0.26
1789533417	6625	uncounted	train	100000	0.22
1789533418	6625	uncounted	train	100000	0.17
1789533418	6625	uncounted	train	100000	0.34
1789533419	6625	uncounted	train	100000	0.27
1789533419	6625	uncounted	train	100000	0.22
1789533420	6625	uncounted	train	100000	0.33
1789533420	6625	uncounted	train	100000	0.34
1789533421	6625	uncounted	train	100000	0.33
1789533421	6625	uncounted	train	100000	0.34
1789533421	6625	uncounted	train	100000	0.27
1789533422	6625	uncounted	train	100000	0.23
1789533422	6625	uncounted	train	100000	0.18
1789533423	6625	uncounted	train	100000	0.33
1789533423	6625	uncounted	train	100000	0.25
1789533424	6625	uncounted	train	100000	0.21
1789533424	6625	uncounted	train	100000	0.32
1789533424	6625	uncounted	train	100000	0.32
1789533425	6625	uncounted	train	100000	0.31
1789533425	6625	uncounted	train	100000	0.31
1789533426	6625	uncounted	train	100000	0.25
1789533426	6625	uncounted	train	100000	0.21
1789533426	6625	uncounted	train	100000	0.17
1789533427	6625	uncounted	train	100000	0.32
1789533427	6625	uncounted	train	100000	0.25
1789533428	6625	uncounted	train	100000	0.22
1789533428	6625	uncounted	train	100000	0.33
1789533428	6625	uncounted	train	100000	0.33
1789533429	6625	uncounted	train	100000	0.32
1789533429	6625	uncounted	train	100000	0.31
1789533430	6625	uncounted	train	100000	0.27
1789533430	6625	uncounted	train	100000	0.21
1789533430	6625	uncounted	train	100000	0.16
1789533431	6625	uncounted	train	100000	0.33
1789533431	6625	uncounted	train	100000	0.26
1789533432	6625	uncounted	train	100000	0.22
1789533432	6625	uncounted	train	100000	0.34
1789533432	6625	uncounted	train	100000	0.34
1789533433	6625	uncounted	train	100000	0.34
1789533433	6625	uncounted	train	100000	0.33
1789533434	6625	uncounted	train	100000	0.27
1789533434	6625	uncounted	train	100000	0.21
1789533434	6625	uncounted	train	100000	0.16
1789533435	6625	uncounted	train	100000	0.29
1789533435	6625	uncounted	train	100000	0.23
1789533436	6625	uncounted	train	100000	0.20
1789533436	6625	uncounted	train	100000	0.30
1789533436	6625	uncounted	train	100000	0.30
1789533437	6625	uncounted	train	100000	0.30
1789533437	6625	uncounted	train	100000	0.30
1789533438	6625	uncounted	train	100000	0.27
1789533438	6625	uncounted	train	100000	0.21
1789533438	6625	uncounted	train	100000	0.16
1789533439	6625	uncounted	train	100000	0.32
1789533439	6625	uncounted	train	100000	0.24
1789533439	6625	uncounted	train	100000	0.19
1789533440	6625	uncounted	train	100000	0.30
1789533440	6625	uncounted	train	100000	0.30
1789533441	6625	uncounted	train	100000	0.29
1789533441	6625	uncounted	train	100000	0.30
1789533441	6625	uncounted	train	100000	0.25
1789533442	6625	uncounted	train	100000	0.19
1789533442	6625	uncounted	train	100000	0.16
1789533442	6625	uncounted	train	100000	0.32
1789533443	6625	uncounted	train	100000	0.26
1789533443	6625	uncounted	train	100000	0.20
1789533444	6625	uncounted	train	100000	0.32
1789533444	6625	uncounted	train	100000	0.31
1789533444	6625	uncounted	train	100000	0.32
1789533445	6625	uncounted	train	100000	0.31
1789533445	6625	uncounted	train	100000	0.26
1789533446	6625	uncounted	train	100000	0.21
1789533446	6625	uncounted	train	100000	0.17
1789533447	6625	uncounted	train	100000	0.33
1789533447	6625	uncounted	train	100000	0.26
1789533447	6625	uncounted	train	100000	0.21
1789533448	6625	uncounted	train	100000	0.35
1789533448	6625	uncounted	train	100000	0.34
1789533449	6625	uncounted	train	100000	0.34
1789533449	6625	uncounted	train	100000	0.35
1789533450	6625	uncounted	train	100000	0.27
1789533450	6625	uncounted	train	100000	0.21
1789533450	6625	uncounted	train	100000	0.16
1789533451	6625	uncounted	train	100000	0.34
1789533451	6625	uncounted	train	100000	0.22
1789533452	6625	uncounted	train	100000	0.18
1789533452	6625	uncounted	train	100000	0.28
1789533452	6625	uncounted	train	100000	0.28
1789533453	6625	uncounted	train	100000	0.27
1789533453	6625	uncounted	train	100000	0.28
1789533454	6625	uncounted	train	100000	0.23
1789533454	6625	uncounted	train	100000	0.20
1789533454	6625	uncounted	train	100000	0.15
1789533455	6625	uncounted	train	100000	0.30
1789533455	6625	uncounted	train	100000	0.23
1789533455	6625	uncounted	train	100000	0.19
1789533456	6625	uncounted	train	100000	0.29
1789533456	6625	uncounted	train	100000	0.29
1789533456	6625	uncounted	train	100000	0.29
1789533457	6625	uncounted	train	100000	0.29
1789533457	6625	uncounted	train	100000	0.24
1789533458	6625	uncounted	train	100000	0.21
1789533458	6625	uncounted	train	100000	0.16
1789533704	6664	uncounted	train	100000	0.29
1789533704	6664	uncounted	train	100000	0.24
1789533704	6664	uncounted	train	100000	0.19
1789533705	6664	uncounted	train	100000	0.30
1789533705	6664	uncounted	train	100000	0.29
1789533706	6664	uncounted	train	100000	0.30
1789533706	6664	uncounted	train	100000	0.30
1789533706	6664	uncounted	train	100000	0.25
1789533707	6664	uncounted	train	100000	0.21
1789533707	6664	uncounted	train	100000	0.16
1789533707	6664	uncounted	train	100000	0.32
1789533708	6664	uncounted	train	100000	0.25
1789533708	6664	uncounted	train	100000	0.21
1789533709	6664	uncounted	train	100000	0.34
1789533709	6664	uncounted	train	100000	0.33
1789533710	6664	uncounted	train	100000	0.33
1789533710	6664	uncounted	train	100000	0.34
1789533710	6664	uncounted	train	100000	0.27
1789533711	6664	uncounted	train	100000	0.22
1789533711	6664	uncounted	train	100000	0.17
1789533712	6664	uncounted	train	100000	0.32
1789533712	6664	uncounted	train	100000	0.24
1789533712	6664	uncounted	train	100000	0.21
1789533713	6664	uncounted	train	100000	0.31
1789533713	6664	uncounted	train	100000	0.31
1789533713	6664	uncounted	train	100000	0.31
1789533714	6664	uncounted	train	100000	0.32
1789533714	6664	uncounted	train	100000	0.27
1789533715	6664	uncounted	train	100000	0.20
1789533715	6664	uncounted	train	100000	0.16
1789533715	6664	uncounted	train	100000	0.34
1789533716	6664	uncounted	train	100000	0.27
1789533716	6664	uncounted	train	100000	0.21
1789533717	6664	uncounted	train	100000	0.34
1789533717	6664	uncounted	train	100000	0.33
1789533717	6664	uncounted	train	100000	0.34
1789533718	6664	uncounted	train	100000	0.33
1789533718	6664	uncounted	train	100000	0.25
1789533719	6664	uncounted	train	100000	0.21
1789533719	6664	uncounted	train	100000	0.16
1789533719	6664	uncounted	train	100000	0.29
1789533720	6664	uncounted	train	100000	0.24
1789533720	6664	uncounted	train	100000	0.19
1789533721	6664	uncounted	train	100000	0.30
1789533721	6664	uncounted	train	100000	0.30
1789533721	6664	uncounted	train	100000	0.33
1789533722	6664	uncounted	train	100000	0.32
1789533722	6664	uncounted	train	100000	0.26
1789533722	6664	uncounted	train	100000	0.21
1789533723	6664	uncounted	train	100000	0.16
1789533723	6664	uncounted	train	100000	0.30
1789533724	6664	uncounted	train	100000	0.24
1789533724	6664	uncounted	train	100000	0.20
1789533724	6664	uncounted	train	100000	0.30
1789533725	6664	uncounted	train	100000	0.30
1789533725	6664	uncounted	train	100000	0.31
1789533726	6664	uncounted	train	100000	0.31
1789533726	6664	uncounted	train	100000	0.26
1789533726	6664	uncounted	train	100000	0.21
1789533726	6664	uncounted	train	100000	0.16
1789533727	6664	uncounted	train	100000	0.32
1789533727	6664	uncounted	train	100000	0.25
1789533728	6664	uncounted	train	100000	0.20
1789533728	6664	uncounted	train	100000	0.31
1789533729	6664	uncounted	train	100000	0.31
1789533729	6664	uncounted	train	100000	0.31
1789533729	6664	uncounted	train	100000	0.31
1789533730	6664	uncounted	train	100000	0.26
1789533730	6664	uncounted	train	100000	0.22
1789533730	6664	uncounted	train	100000	0.16
1789533731	6664	uncounted	train	100000	0.31
1789533732	6664	uncounted	train	100000	0.25
1789533732	6664	uncounted	train	100000	0.20
1789533732	6664	uncounted	train	100000	0.32
1789533733	6664	uncounted	train	100000	0.31
1789533733	6664	uncounted	train	100000	0.33
1789533734	6664	uncounted	train	100000	0.35
1789533734	6664	uncounted	train	100000	0.26
1789533734	6664	uncounted	train	100000	0.20
1789533735	6664	uncounted	train	100000	0.17
1789533736	6664	uncounted	train	100000	0.30
1789533736	6664	uncounted	train	100000	0.23
1789533736	6664	uncounted	train	100000	0.19
1789533737	6664	uncounted	train	100000	0.29
1789533737	6664	uncounted	train	100000	0.30
1789533738	6664	uncounted	train	100000	0.32
1789533738	6664	uncounted	train	100000	0.30
1789533738	6664	uncounted	train	100000	0.26
1789533739	6664	uncounted	train	100000	0.21
1789533739	6664	uncounted	train	100000	0.16
1789533739	6664	uncounted	train	100000	0.32
1789533740	6664	uncounted	train	100000	0.25
1789533740	6664	uncounted	train	100000	0.20
1789533741	6664	uncounted	train	100000	0.32
1789533741	6664	uncounted	train	100000	0.31
1789533741	6664	uncounted	train	100000	0.32
1789533742	6664	uncounted	train	100000	0.32
1789533742	6664	uncounted	train	100000	0.26
1789533742	6664	uncounted	train	100000	0.21
1789533743	6664	uncounted	train	100000	0.16
1789533743	6664	uncounted	train	100000	0.30
1789533744	6664	uncounted	train	100000	0.23
1789533744	6664	uncounted	train	100000	0.20
1789533744	6664	uncounted	train	100000	0.31
1789533745	6664	uncounted	train	100000	0.31
1789533745	6664	uncounted	train	100000	0.30
1789533745	6664	uncounted	train	100000	0.31
1789533746	6664	uncounted	train	100000	0.24
1789533746	6664	uncounted	train	100000	0.19
1789533746	6664	uncounted	train	100000	0.16
1789533747	6664	uncounted	train	100000	0.30
1789533747	6664	uncounted	train	100000	0.24
1789533747	6664	uncounted	train	100000	0.20
1789533748	6664	uncounted	train	100000	0.32
1789533748	6664	uncounted	train	100000	0.32
1789533749	6664	uncounted	train	100000	0.31
1789533749	6664	uncounted	train	100000	0.30
1789533750	6664	uncounted	train	100000	0.24
1789533750	6664	uncounted	train	100000	0.20
1789533750	6664	uncounted	train	100000	0.16
1789533751	6664	uncounted	train	100000	0.30
1789533751	6664	uncounted	train	100000	0.23
1789533751	6664	uncounted	train	100000	0.19
1789533752	6664	uncounted	train	100000	0.31
1789533752	6664	uncounted	train	100000	0.31
1789533752	6664	uncounted	train	100000	0.30
1789533753	6664	uncounted	train	100000	0.30
1789533753	6664	uncounted	train	100000	0.25
1789533754	6664	uncounted	train	100000	0.21
1789533754	6664	uncounted	train	100000	0.16
1789533754	6664	uncounted	train	100000	0.31
1789533755	6664	uncounted	train	100000	0.25
1789533755	6664	uncounted	train	100000	0.21
1789533755	6664	uncounted	train	100000	0.31
1789533756	6664	uncounted	train	100000	0.32
1789533756	6664	uncounted	train	100000	0.31
1789533757	6664	uncounted	train	100000	0.31
1789533757	6664	uncounted	train	100000	0.25
1789533757	6664	uncounted	train	100000	0.21
1789533758	6664	uncounted	train	100000	0.16
1789533758	6664	uncounted	train	100000	0.31
1789533759	6664	uncounted	train	100000	0.24
1789533759	6664	uncounted	train	100000	0.20
1789533759	6664	uncounted	train	100000	0.32
1789533760	6664	uncounted	train	100000	0.31
1789533760	6664	uncounted	train	100000	0.31
1789533761	6664	uncounted	train	100000	0.31
1789533761	6664	uncounted	train	100000	0.26
1789533761	6664	uncounted	train	100000	0.20
1789533762	6664	uncounted	train	100000	0.17
1789533762	6664	uncounted	train	100000	0.31
1789533762	6664	uncounted	train	100000	0.24
1789533763	6664	uncounted	train	100000	0.21
1789533763	6664	uncounted	train	100000	0.30
1789533764	6664	uncounted	train	100000	0.30
1789533764	6664	uncounted	train	100000	0.30
1789533764	6664	uncounted	train	100000	0.30
1789533765	6664	uncounted	train	100000	0.25
1789533765	6664	uncounted	train	100000	0.20
1789533765	6664	uncounted	train	100000	0.16
1789533766	6664	uncounted	train	100000	0.31
1789533766	6664	uncounted	train	100000	0.23
1789533766	6664	uncounted	train	100000	0.19
1789533767	6664	uncounted	train	100000	0.30
1789533767	6664	uncounted	train	100000	0.31
1789533768	6664	uncounted	train	100000	0.31
1789533768	6664	uncounted	train	100000	0.31
1789533769	6664	uncounted	train	100000	0.26
1789533769	6664	uncounted	train	100000	0.21
1789533769	6664	uncounted	train	100000	0.17
1789533770	6664	uncounted	train	100000	0.33
1789533770	6664	uncounted	train	100000	0.26
1789533771	6664	uncounted	train	100000	0.21
1789533771	6664	uncounted	train	100000	0.32
1789533771	6664	uncounted	train	100000	0.31
1789533772	6664	uncounted	train	100000	0.31
1789533772	6664	uncounted	train	100000	0.32
1789533773	6664	uncounted	train	100000	0.26
1789533773	6664	uncounted	train	100000	0.21
1789533773	6664	uncounted	train	100000	0.17
1789533774	6664	uncounted	train	100000	0.28
1789533775	6664	uncounted	train	100000	0.22
1789533775	6664	uncounted	train	100000	0.19
1789533775	6664	uncounted	train	100000	0.29
1789533776	6664	uncounted	train	100000	0.32
1789533776	6664	uncounted	train	100000	0.31
1789533777	6664	uncounted	train	100000	0.31
1789533777	6664	uncounted	train	100000	0.26
1789533777	6664	uncounted	train	100000	0.21
1789533778	6664	uncounted	train	100000	0.15
1789533778	6664	uncounted	train	100000	0.30
1789533779	6664	uncounted	train	100000	0.25
1789533779	6664	uncounted	train	100000	0.20
1789533779	6664	uncounted	train	100000	0.31
1789533780	6664	uncounted	train	100000	0.30
1789533780	6664	uncounted	train	100000	0.32
1789533780	6664	uncounted	train	100000	0.30
1789533781	6664	uncounted	train	100000	0.27
1789533781	6664	uncounted	train	100000	0.22
1789533781	6664	uncounted	train	100000	0.17
1789533782	6664	uncounted	train	100000	0.32
1789533782	6664	uncounted	train	100000	0.24
1789533783	6664	uncounted	train	100000	0.22
1789533783	6664	uncounted	train	100000	0.29
1789533783	6664	uncounted	train	100000	0.29
1789533784	6664	uncounted	train	100000	0.29
1789533784	6664	uncounted	train	100000	0.28
1789533784	6664	uncounted	train	100000	0.23
1789533785	6664	uncounted	train	100000	0.19
1789533785	6664	uncounted	train	100000	0.15
1789533785	6664	uncounted	train	100000	0.28
1789533786	6664	uncounted	train	100000	0.21
1789533786	6664	uncounted	train	100000	0.18
1789533786	6664	uncounted	train	100000	0.29
1789533787	6664	uncounted	train	100000	0.30
1789533787	6664	uncounted	train	100000	0.30
1789533788	6664	uncounted	train	100000	0.30
1789533788	6664	uncounted	train	100000	0.25
1789533788	6664	uncounted	train	100000	0.24
1789533789	6664	uncounted	train	100000	0.17
1789533789	6664	uncounted	train	100000	0.31
1789533789	6664	uncounted	train	100000	0.24
1789533790	6664	uncounted	train	100000	0.20
1789533790	6664	uncounted	train	100000	0.32
1789533791	6664	uncounted	train	100000	0.31
1789533791	6664	uncounted	train	100000	0.31
1789533791	6664	uncounted	train	100000	0.31
1789533792	6664	uncounted	train	100000	0.27
1789533792	6664	uncounted	train	100000	0.21
1789533792	6664	uncounted	train	100000	0.16
1789533793	6664	uncounted	train	100000	0.30
1789533793	6664	uncounted	train	100000	0.23
1789533794	6664	uncounted	train	100000	0.20
1789533794	6664	uncounted	train	100000	0.30
1789533794	6664	uncounted	train	100000	0.31
1789533795	6664	uncounted	train	100000	0.30
1789533795	6664	uncounted	train	100000	0.30
1789533796	6664	uncounted	train	100000	0.24
1789533796	6664	uncounted	train	100000	0.20
1789533796	6664	uncounted	train	100000	0.15
1789533797	6664	uncounted	train	100000	0.31
1789533797	6664	uncounted	train	100000	0.24
1789533797	6664	uncounted	train	100000	0.21
1789533798	6664	uncounted	train	100000	0.32
1789533798	6664	uncounted	train	100000	0.32
1789533799	6664	uncounted	train	100000	0.33
1789533799	6664	uncounted	train	100000	0.31
1789533799	6664	uncounted	train	100000	0.26
1789533800	6664	uncounted	train	100000	0.21
1789533800	6664	uncounted	train	100000	0.16
1789533801	6664	uncounted	train	100000	0.30
1789533801	6664	uncounted	train	100000	0.23
1789533801	6664	uncounted	train	100000	0.19
1789533802	6664	uncounted	train	100000	0.31
1789533802	6664	uncounted	train	100000	0.31
1789533802	6664	uncounted	train	100000	0.31
1789533803	6664	uncounted	train	100000	0.31
1789533803	6664	uncounted	train	100000	0.24
1789533804	6664	uncounted	train	100000	0.20
1789533804	6664	uncounted	train	100000	0.16
1789533804	6664	uncounted	train	100000	0.30
1789533805	6664	uncounted	train	100000	0.23
1789533805	6664	uncounted	train	100000	0.20
1789533805	6664	uncounted	train	100000	0.30
1789533806	6664	uncounted	train	100000	0.30
1789533806	6664	uncounted	train	100000	0.29
1789533807	6664	uncounted	train	100000	0.29
1789533807	6664	uncounted	train	100000	0.24
1789533807	6664	uncounted	train	100000	0.21
1789533807	6664	uncounted	train	100000	0.16
1789533808	6664	uncounted	train	100000	0.30
1789533808	6664	uncounted	train	100000	0.23
1789533809	6664	uncounted	train	100000	0.19
1789533809	6664	uncounted	train	100000	0.31
1789533810	6664	uncounted	train	100000	0.31
1789533810	6664	uncounted	train	100000	0.31
1789533810	6664	uncounted	train	100000	0.32
1789533811	6664	uncounted	train	100000	0.25
1789533811	6664	uncounted	train	100000	0.22
1789533811	6664	uncounted	train	100000	0.16
1789533812	6664	uncounted	train	100000	0.31
1789533813	6664	uncounted	train	100000	0.23
1789533813	6664	uncounted	train	100000	0.22
1789533813	6664	uncounted	train	100000	0.30
1789533814	6664	uncounted	train	100000	0.31
1789533814	6664	uncounted	train	100000	0.33
1789533815	6664	uncounted	train	100000	0.30
1789533815	6664	uncounted	train	100000	0.25
1789533815	6664	uncounted	train	100000	0.22
1789533816	6664	uncounted	train	100000	0.17
1789533817	6664	uncounted	train	100000	0.29
1789533817	6664	uncounted	train	100000	0.22
1789533817	6664	uncounted	train	100000	0.19
1789533818	6664	uncounted	train	100000	0.29
1789533818	6664	uncounted	train	100000	0.30
1789533818	6664	uncounted	train	100000	0.29
1789533819	6664	uncounted	train	100000	0.30
1789533819	6664	uncounted	train	100000	0.24
1789533820	6664	uncounted	train	100000	0.20
1789533820	6664	uncounted	train	100000	0.16
1789533820	6664	uncounted	train	100000	0.30
1789533821	6664	uncounted	train	100000	0.23
1789533821	6664	uncounted	train	100000	0.20
1789533821	6664	uncounted	train	100000	0.31
1789533822	6664	uncounted	train	100000	0.31
1789533822	6664	uncounted	train	100000	0.31
1789533823	6664	uncounted	train	100000	0.31
1789533823	6664	uncounted	train	100000	0.24
1789533823	6664	uncounted	train	100000	0.20
1789533823	6664	uncounted	train	100000	0.17
1789533824	6664	uncounted	train	100000	0.29
1789533824	6664	uncounted	train	100000	0.23
1789533825	6664	uncounted	train	100000	0.19
1789533825	6664	uncounted	train	100000	0.29
1789533825	6664	uncounted	train	100000	0.29
1789533826	6664	uncounted	train	100000	0.29
1789533826	6664	uncounted	train	100000	0.29
1789533827	6664	uncounted	train	100000	0.25
1789533827	6664	uncounted	train	100000	0.20
1789533827	6664	uncounted	train	100000	0.16
1789533828	6664	uncounted	train	100000	0.30
1789533828	6664	uncounted	train	100000	0.24
1789533828	6664	uncounted	train	100000	0.19
1789533829	6664	uncounted	train	100000	0.30
1789533829	6664	uncounted	train	100000	0.31
1789533829	6664	uncounted	train	100000	0.30
1789533830	6664	uncounted	train	100000	0.32
1789533830	6664	uncounted	train	100000	0.25
1789533830	6664	uncounted	train	100000	0.21
1789533831	6664	uncounted	train	100000	0.16
1789533831	6664	uncounted	train	100000	0.33
1789533832	6664	uncounted	train	100000	0.26
1789533832	6664	uncounted	train	100000	0.22
1789533832	6664	uncounted	train	100000	0.34
1789533833	6664	uncounted	train	100000	0.36
1789533833	6664	uncounted	train	100000	0.34
1789533834	6664	uncounted	train	100000	0.33
1789533834	6664	uncounted	train	100000	0.27
1789533835	6664	uncounted	train	100000	0.22
1789533835	6664	uncounted	train	100000	0.17
1789533835	6664	uncounted	train	100000	0.33
1789533836	6664	uncounted	train	100000	0.25
1789533836	6664	uncounted	train	100000	0.21
1789533836	6664	uncounted	train	100000	0.33
1789533837	6664	uncounted	train	100000	0.32
1789533837	6664	uncounted	train	100000	0.32
1789533838	6664	uncounted	train	100000	0.33
1789533838	6664	uncounted	train	100000	0.28
1789533838	6664	uncounted	train	100000	0.22
1789533839	6664	uncounted	train	100000	0.18
1789533839	6664	uncounted	train	100000	0.34
1789533840	6664	uncounted	train	100000	0.27
1789533840	6664	uncounted	train	100000	0.23
1789533840	6664	uncounted	train	100000	0.34
1789533841	6664	uncounted	train	100000	0.34
1789533841	6664	uncounted	train	100000	0.35
1789533842	6664	uncounted	train	100000	0.36
1789533842	6664	uncounted	train	100000	0.29
1789533843	6664	uncounted	train	100000	0.23
1789533843	6664	uncounted	train	100000	0.16
1789533843	6664	uncounted	train	100000	0.30
1789533844	6664	uncounted	train	100000	0.24
1789533844	6664	uncounted	train	100000	0.19
1789533844	6664	uncounted	train	100000	0.29
1789533845	6664	uncounted	train	100000	0.29
1789533845	6664	uncounted	train	100000	0.30
1789533846	6664	uncounted	train	100000	0.32
1789533846	6664	uncounted	train	100000	0.26
1789533846	6664	uncounted	train	100000	0.21
1789533847	6664	uncounted	train	100000	0.17
1789533847	6664	uncounted	train	100000	0.30
1789533848	6664	uncounted	train	100000	0.26
1789533848	6664	uncounted	train	100000	0.18
1789533848	6664	uncounted	train	100000	0.28
1789533849	6664	uncounted	train	100000	0.29
1789533849	6664	uncounted	train	100000	0.28
1789533849	6664	uncounted	train	100000	0.29
1789533850	6664	uncounted	train	100000	0.24
1789533850	6664	uncounted	train	100000	0.18
1789533850	6664	uncounted	train	100000	0.14
1789533851	6664	uncounted	train	100000	0.29
1789533851	6664	uncounted	train	100000	0.23
1789533852	6664	uncounted	train	100000	0.19
1789533852	6664	uncounted	train	100000	0.29
1789533852	6664	uncounted	train	100000	0.30
1789533853	6664	uncounted	train	100000	0.30
1789533853	6664	uncounted	train	100000	0.29
1789533854	6664	uncounted	train	100000	0.25
1789533854	6664	uncounted	train	100000	0.20
1789533854	6664	uncounted	train	100000	0.15
1789533855	6664	uncounted	train	100000	0.29
1789533855	6664	uncounted	train	100000	0.23
1789533855	6664	uncounted	train	100000	0.19
1789533856	6664	uncounted	train	100000	0.30
1789533856	6664	uncounted	train	100000	0.30
1789533857	6664	uncounted	train	100000	0.31
1789533857	6664	uncounted	train	100000	0.30
1789533858	6664	uncounted	train	100000	0.28
1789533858	6664	uncounted	train	100000	0.21
1789533858	6664	uncounted	train	100000	0.16
1789533859	6664	uncounted	train	100000	0.28
1789533859	6664	uncounted	train	100000	0.22
1789533860	6664	uncounted	train	100000	0.19
1789533860	6664	uncounted	train	100000	0.28
1789533860	6664	uncounted	train	100000	0.29
1789533861	6664	uncounted	train	100000	0.29
1789533861	6664	uncounted	train	100000	0.31
1789533862	6664	uncounted	train	100000	0.24
1789533862	6664	uncounted	train	100000	0.20
1789533862	6664	uncounted	train	100000	0.15
1789533863	6664	uncounted	train	100000	0.30
1789533863	6664	uncounted	train	100000	0.23
1789533863	6664	uncounted	train	100000	0.19
1789533864	6664	uncounted	train	100000	0.31
1789533864	6664	uncounted	train	100000	0.30
1789533865	6664	uncounted	train	100000	0.30
1789533865	6664	uncounted	train	100000	0.31
1789533865	6664	uncounted	train	100000	0.24
1789533866	6664	uncounted	train	100000	0.20
1789533866	6664	uncounted	train	100000	0.16
1789533866	6664	uncounted	train	100000	0.27
1789533867	6664	uncounted	train	100000	0.22
1789533867	6664	uncounted	train	100000	0.18
1789533867	6664	uncounted	train	100000	0.28
1789533868	6664	uncounted	train	100000	0.30
1789533868	6664	uncounted	train	100000	0.29
1789533869	6664	uncounted	train	100000	0.29
1789533869	6664	uncounted	train	100000	0.24
1789533869	6664	uncounted	train	100000	0.19
1789533869	6664	uncounted	train	100000	0.15
1789533870	6664	uncounted	train	100000	0.28
1789533870	6664	uncounted	train	100000	0.22
1789533870	6664	uncounted	train	100000	0.18
1789533871	6664	uncounted	train	100000	0.28
1789533871	6664	uncounted	train	100000	0.30
1789533872	6664	uncounted	train	100000	0.29
1789533872	6664	uncounted	train	100000	0.31
1789533872	6664	uncounted	train	100000	0.23
1789533873	6664	uncounted	train	100000	0.19
1789533873	6664	uncounted	train	100000	0.15
1789533873	6664	uncounted	train	100000	0.29
1789533874	6664	uncounted	train	100000	0.23
1789533874	6664	uncounted	train	100000	0.20
1789533874	6664	uncounted	train	100000	0.31
1789533875	6664	uncounted	train	100000	0.35
1789533875	6664	uncounted	train	100000	0.33
1789533876	6664	uncounted	train	100000	0.33
1789533876	6664	uncounted	train	100000	0.26
1789533877	6664	uncounted	train	100000	0.22
1789533877	6664	uncounted	train	100000	0.16
1789533877	6664	uncounted	train	100000	0.31
1789533878	6664	uncounted	train	100000	0.25
1789533878	6664	uncounted	train	100000	0.19
1789533878	6664	uncounted	train	100000	0.29
1789533879	6664	uncounted	train	100000	0.29
1789533879	6664	uncounted	train	100000	0.30
1789533880	6664	uncounted	train	100000	0.29
1789533880	6664	uncounted	train	100000	0.23
1789533880	6664	uncounted	train	100000	0.22
1789533881	6664	uncounted	train	100000	0.17
1789533881	6664	uncounted	train	100000	0.34
1789533882	6664	uncounted	train	100000	0.28
1789533882	6664	uncounted	train	100000	0.21
1789533882	6664	uncounted	train	100000	0.33
1789533883	6664	uncounted	train	100000	0.34
1789533883	6664	uncounted	train	100000	0.33
1789533884	6664	uncounted	train	100000	0.33
1789533884	6664	uncounted	train	100000	0.28
1789533884	6664	uncounted	train	100000	0.23
1789533885	6664	uncounted	train	100000	0.17
1789533885	6664	uncounted	train	100000	0.32
1789533886	6664	uncounted	train	100000	0.26
1789533886	6664	uncounted	train	100000	0.20
1789533886	6664	uncounted	train	100000	0.31
1789533887	6664	uncounted	train	100000	0.31
1789533887	6664	uncounted	train	100000	0.32
1789533888	6664	uncounted	train	100000	0.32
1789533888	6664	uncounted	train	100000	0.27
1789533888	6664	uncounted	train	100000	0.21
1789533889	6664	uncounted	train	100000	0.17
1789533889	6664	uncounted	train	100000	0.31
1789533890	6664	uncounted	train	100000	0.25
1789533890	6664	uncounted	train	100000	0.20
1789533890	6664	uncounted	train	100000	0.30
1789533891	6664	uncounted	train	100000	0.31
1789533891	6664	uncounted	train	100000	0.31
1789533891	6664	uncounted	train	100000	0.30
1789533892	6664	uncounted	train	100000	0.27
1789533892	6664	uncounted	train	100000	0.21
1789533892	6664	uncounted	train	100000	0.16
1789533893	6664	uncounted	train	100000	0.31
1789533893	6664	uncounted	train	100000	0.25
1789533894	6664	uncounted	train	100000	0.20
1789533894	6664	uncounted	train	100000	0.32
1789533895	6664	uncounted	train	100000	0.32
1789533895	6664	uncounted	train	100000	0.33
1789533896	6664	uncounted	train	100000	0.32
1789533896	6664	uncounted	train	100000	0.27
1789533896	6664	uncounted	train	100000	0.21
1789533896	6664	uncounted	train	100000	0.17
1789533897	6664	uncounted	train	100000	0.32
1789533898	6664	uncounted	train	100000	0.26
1789533898	6664	uncounted	train	100000	0.21
1789533898	6664	uncounted	train	100000	0.34
1789533899	6664	uncounted	train	100000	0.34
1789533899	6664	uncounted	train	100000	0.33
1789533900	6664	uncounted	train	100000	0.33
1789533900	6664	uncounted	train	100000	0.27
1789533901	6664	uncounted	train	100000	0.22
1789533901	6664	uncounted	train	100000	0.17
1789533902	6664	uncounted	train	100000	0.31
1789533902	6664	uncounted	train	100000	0.22
1789533902	6664	uncounted	train	100000	0.20
1789533903	6664	uncounted	train	100000	0.29
1789533903	6664	uncounted	train	100000	0.31
1789533904	6664	uncounted	train	100000	0.30
1789533904	6664	uncounted	train	100000	0.30
1789533905	6664	uncounted	train	100000	0.24
1789533905	6664	uncounted	train	100000	0.20
1789533905	6664	uncounted	train	100000	0.16
1789533906	6664	uncounted	train	100000	0.33
1789533906	6664	uncounted	train	100000	0.26
1789533906	6664	uncounted	train	100000	0.21
1789533907	6664	uncounted	train	100000	0.32
1789533907	6664	uncounted	train	100000	0.33
1789533908	6664	uncounted	train	100000	0.31
1789533908	6664	uncounted	train	100000	0.31
1789533908	6664	uncounted	train	100000	0.26
1789533909	6664	uncounted	train	100000	0.21
1789533909	6664	uncounted	train	100000	0.16
1789533910	6664	uncounted	train	100000	0.30
1789533910	6664	uncounted	train	100000	0.24
1789533910	6664	uncounted	train	100000	0.19
1789533911	6664	uncounted	train	100000	0.30
1789533911	6664	uncounted	train	100000	0.30
1789533911	6664	uncounted	train	100000	0.30
1789533912	6664	uncounted	train	100000	0.39
1789533912	6664	uncounted	train	100000	0.25
1789533913	6664	uncounted	train	100000	0.19
1789533913	6664	uncounted	train	100000	0.16
1789533913	6664	uncounted	train	100000	0.29
1789533914	6664	uncounted	train	100000	0.22
1789533914	6664	uncounted	train	100000	0.19
1789533914	6664	uncounted	train	100000	0.29
1789533915	6664	uncounted	train	100000	0.29
1789533915	6664	uncounted	train	100000	0.30
1789533916	6664	uncounted	train	100000	0.28
1789533916	6664	uncounted	train	100000	0.24
1789533916	6664	uncounted	train	100000	0.19
1789533916	6664	uncounted	train	100000	0.15
1789533917	6664	uncounted	train	100000	0.28
1789533917	6664	uncounted	train	100000	0.23
1789533917	6664	uncounted	train	100000	0.19
1789533918	6664	uncounted	train	100000	0.29
1789533918	6664	uncounted	train	100000	0.29
1789533919	6664	uncounted	train	100000	0.29
1789533919	6664	uncounted	train	100000	0.31
1789533919	6664	uncounted	train	100000	0.23
1789533920	6664	uncounted	train	100000	0.18
1789533920	6664	uncounted	train	100000	0.14
1789534153	6942	counted	train	100000	0.32
1789534153	6942	counted	train	100000	0.35
1789534154	6942	counted	train	100000	0.31
1789534154	6942	counted	train	100000	0.33
1789534154	6942	counted	train	100000	0.32
1789534155	6942	counted	train	100000	0.33
1789534155	6942	counted	train	100000	0.33
1789534155	6942	counted	train	100000	0.32
1789534156	6942	counted	train	100000	0.32
1789534156	6942	counted	train	100000	0.33
1789534157	6942	counted	train	100000	0.30
1789534157	6942	counted	train	100000	0.25
1789534157	6942	counted	train	100000	0.26
1789534157	6942	counted	train	100000	0.25
1789534158	6942	counted	train	100000	0.27
1789534158	6942	counted	train	100000	0.26
1789534158	6942	counted	train	100000	0.26
1789534159	6942	counted	train	100000	0.27
1789534159	6942	counted	train	100000	0.27
1789534159	6942	counted	train	100000	0.24
1789534160	6942	counted	train	100000	0.26
1789534160	6942	counted	train	100000	0.24
1789534160	6942	counted	train	100000	0.19
1789534160	6942	counted	train	100000	0.20
1789534161	6942	counted	train	100000	0.20
1789534161	6942	counted	train	100000	0.21
1789534161	6942	counted	train	100000	0.19
1789534161	6942	counted	train	100000	0.19
1789534162	6942	counted	train	100000	0.20
1789534162	6942	counted	train	100000	0.21
1789534162	6942	counted	train	100000	0.19
1789534162	6942	counted	train	100000	0.20
1789534163	6942	counted	train	100000	0.19
1789534163	6942	counted	train	100000	0.31
1789534163	6942	counted	train	100000	0.32
1789534164	6942	counted	train	100000	0.31
1789534164	6942	counted	train	100000	0.33
1789534164	6942	counted	train	100000	0.34
1789534165	6942	counted	train	100000	0.31
1789534165	6942	counted	train	100000	0.33
1789534166	6942	counted	train	100000	0.32
1789534166	6942	counted	train	100000	0.31
1789534166	6942	counted	train	100000	0.32
1789534167	6942	counted	train	100000	0.30
1789534167	6942	counted	train	100000	0.31
1789534167	6942	counted	train	100000	0.32
1789534168	6942	counted	train	100000	0.30
1789534168	6942	counted	train	100000	0.33
1789534168	6942	counted	train	100000	0.31
1789534169	6942	counted	train	100000	0.30
1789534169	6942	counted	train	100000	0.32
1789534170	6942	counted	train	100000	0.33
1789534170	6942	counted	train	100000	0.31
1789534170	6942	counted	train	100000	0.31
1789534171	6942	counted	train	100000	0.29
1789534171	6942	counted	train	100000	0.30
1789534171	6942	counted	train	100000	0.33
1789534172	6942	counted	train	100000	0.31
1789534172	6942	counted	train	100000	0.33
1789534172	6942	counted	train	100000	0.31
1789534173	6942	counted	train	100000	0.30
1789534173	6942	counted	train	100000	0.32
1789534174	6942	counted	train	100000	0.33
1789534174	6942	counted	train	100000	0.31
1789534174	6942	counted	train	100000	0.33
1789534175	6942	counted	train	100000	0.31
1789534175	6942	counted	train	100000	0.32
1789534175	6942	counted	train	100000	0.31
1789534176	6942	counted	train	100000	0.32
1789534176	6942	counted	train	100000	0.33
1789534176	6942	counted	train	100000	0.32
1789534177	6942	counted	train	100000	0.33
1789534177	6942	counted	train	100000	0.32
1789534178	6942	counted	train	100000	0.34
1789534178	6942	counted	train	100000	0.34
1789534178	6942	counted	train	100000	0.32
1789534179	6942	counted	train	100000	0.31
1789534179	6942	counted	train	100000	0.26
1789534179	6942	counted	train	100000	0.27
1789534180	6942	counted	train	100000	0.26
1789534180	6942	counted	train	100000	0.27
1789534180	6942	counted	train	100000	0.27
1789534181	6942	counted	train	100000	0.27
1789534181	6942	counted	train	100000	0.28
1789534181	6942	counted	train	100000	0.28
1789534182	6942	counted	train	100000	0.26
1789534182	6942	counted	train	100000	0.28
1789534182	6942	counted	train	100000	0.27
1789534182	6942	counted	train	100000	0.21
1789534183	6942	counted	train	100000	0.22
1789534183	6942	counted	train	100000	0.21
1789534183	6942	counted	train	100000	0.23
1789534184	6942	counted	train	100000	0.21
1789534184	6942	counted	train	100000	0.21
1789534184	6942	counted	train	100000	0.21
1789534184	6942	counted	train	100000	0.22
1789534185	6942	counted	train	100000	0.21
1789534185	6942	counted	train	100000	0.21
1789534185	6942	counted	train	100000	0.20
1789534185	6942	counted	train	100000	0.16
1789534186	6942	counted	train	100000	0.17
1789534186	6942	counted	train	100000	0.16
1789534186	6942	counted	train	100000	0.17
1789534186	6942	counted	train	100000	0.17
1789534186	6942	counted	train	100000	0.17
1789534187	6942	counted	train	100000	0.18
1789534187	6942	counted	train	100000	0.17
1789534187	6942	counted	train	100000	0.17
1789534187	6942	counted	train	100000	0.17
1789534187	6942	counted	train	100000	0.16
1789534217	6978	uncounted	train	100000	0.30
1789534217	6978	uncounted	train	100000	0.27
1789534217	6978	uncounted	train	100000	0.19
1789534218	6978	uncounted	train	100000	0.30
1789534218	6978	uncounted	train	100000	0.31
1789534218	6978	uncounted	train	100000	0.30
1789534219	6978	uncounted	train	100000	0.31
1789534219	6978	uncounted	train	100000	0.24
1789534219	6978	uncounted	train	100000	0.20
1789534220	6978	uncounted	train	100000	0.16
1789534220	6978	uncounted	train	100000	0.32
1789534221	6978	uncounted	train	100000	0.25
1789534221	6978	uncounted	train	100000	0.20
1789534221	6978	uncounted	train	100000	0.32
1789534222	6978	uncounted	train	100000	0.31
1789534222	6978	uncounted	train	100000	0.31
1789534223	6978	uncounted	train	100000	0.30
1789534223	6978	uncounted	train	100000	0.25
1789534223	6978	uncounted	train	100000	0.21
1789534224	6978	uncounted	train	100000	0.17
1789534224	6978	uncounted	train	100000	0.31
1789534225	6978	uncounted	train	100000	0.25
1789534225	6978	uncounted	train	100000	0.20
1789534225	6978	uncounted	train	100000	0.31
1789534226	6978	uncounted	train	100000	0.30
1789534226	6978	uncounted	train	100000	0.30
1789534226	6978	uncounted	train	100000	0.31
1789534227	6978	uncounted	train	100000	0.25
1789534227	6978	uncounted	train	100000	0.21
1789534227	6978	uncounted	train	100000	0.16
1789534228	6978	uncounted	train	100000	0.35
1789534228	6978	uncounted	train	100000	0.30
1789534229	6978	uncounted	train	100000	0.25
1789534229	6978	uncounted	train	100000	0.35
1789534230	6978	uncounted	train	100000	0.33
1789534230	6978	uncounted	train	100000	0.34
1789534231	6978	uncounted	train	100000	0.33
1789534231	6978	uncounted	train	100000	0.30
1789534231	6978	uncounted	train	100000	0.22
1789534232	6978	uncounted	train	100000	0.17
1789534232	6978	uncounted	train	100000	0.32
1789534233	6978	uncounted	train	100000	0.25
1789534233	6978	uncounted	train	100000	0.21
1789534233	6978	uncounted	train	100000	0.32
1789534234	6978	uncounted	train	100000	0.31
1789534234	6978	uncounted	train	100000	0.32
1789534235	6978	uncounted	train	100000	0.31
1789534235	6978	uncounted	train	100000	0.26
1789534235	6978	uncounted	train	100000	0.21
1789534236	6978	uncounted	train	100000	0.17
1789534236	6978	uncounted	train	100000	0.31
1789534237	6978	uncounted	train	100000	0.26
1789534237	6978	uncounted	train	100000	0.21
1789534237	6978	uncounted	train	100000	0.31
1789534238	6978	uncounted	train	100000	0.32
1789534238	6978	uncounted	train	100000	0.30
1789534238	6978	uncounted	train	100000	0.31
1789534239	6978	uncounted	train	100000	0.27
1789534239	6978	uncounted	train	100000	0.21
1789534239	6978	uncounted	train	100000	0.16
1789534240	6978	uncounted	train	100000	0.33
1789534241	6978	uncounted	train	100000	0.27
1789534241	6978	uncounted	train	100000	0.21
1789534241	6978	uncounted	train	100000	0.32
1789534242	6978	uncounted	train	100000	0.33
1789534242	6978	uncounted	train	100000	0.32
1789534243	6978	uncounted	train	100000	0.31
1789534243	6978	uncounted	train	100000	0.26
1789534243	6978	uncounted	train	100000	0.21
1789534244	6978	uncounted	train	100000	0.16
1789534244	6978	uncounted	train	100000	0.29
1789534245	6978	uncounted	train	100000	0.21
1789534245	6978	uncounted	train	100000	0.19
1789534245	6978	uncounted	train	100000	0.30
1789534246	6978	uncounted	train	100000	0.31
1789534246	6978	uncounted	train	100000	0.31
1789534247	6978	uncounted	train	100000	0.32
1789534247	6978	uncounted	train	100000	0.27
1789534247	6978	uncounted	train	100000	0.22
1789534248	6978	uncounted	train	100000	0.16
1789534249	6978	uncounted	train	100000	0.32
1789534249	6978	uncounted	train	100000	0.24
1789534249	6978	uncounted	train	100000	0.20
1789534250	6978	uncounted	train	100000	0.29
1789534250	6978	uncounted	train	100000	0.32
1789534251	6978	uncounted	train	100000	0.31
1789534251	6978	uncounted	train	100000	0.31
1789534251	6978	uncounted	train	100000	0.26
1789534252	6978	uncounted	train	100000	0.21
1789534252	6978	uncounted	train	100000	0.16
1789534253	6978	uncounted	train	100000	0.31
1789534253	6978	uncounted	train	100000	0.25
1789534253	6978	uncounted	train	100000	0.20
1789534254	6978	uncounted	train	100000	0.31
1789534254	6978	uncounted	train	100000	0.31
1789534254	6978	uncounted	train	100000	0.31
1789534255	6978	uncounted	train	100000	0.33
1789534255	6978	uncounted	train	100000	0.27
1789534256	6978	uncounted	train	100000	0.21
1789534256	6978	uncounted	train	100000	0.16
1789534256	6978	uncounted	train	100000	0.31
1789534257	6978	uncounted	train	100000	0.24
1789534257	6978	uncounted	train	100000	0.19
1789534257	6978	uncounted	train	100000	0.30
1789534258	6978	uncounted	train	100000	0.31
1789534258	6978	uncounted	train	100000	0.31
1789534259	6978	uncounted	train	100000	0.31
1789534259	6978	uncounted	train	100000	0.25
1789534259	6978	uncounted	train	100000	0.20
1789534260	6978	uncounted	train	100000	0.17
1789534260	6978	uncounted	train	100000	0.34
1789534260	6978	uncounted	train	100000	0.24
1789534261	6978	uncounted	train	100000	0.20
1789534261	6978	uncounted	train	100000	0.31
1789534262	6978	uncounted	train	100000	0.33
1789534262	6978	uncounted	train	100000	0.32
1789534262	6978	uncounted	train	100000	0.32
1789534263	6978	uncounted	train	100000	0.26
1789534263	6978	uncounted	train	100000	0.20
1789534263	6978	uncounted	train	100000	0.17
1789534264	6978	uncounted	train	100000	0.33
1789534264	6978	uncounted	train	100000	0.26
1789534265	6978	uncounted	train	100000	0.21
1789534265	6978	uncounted	train	100000	0.33
1789534265	6978	uncounted	train	100000	0.33
1789534266	6978	uncounted	train	100000	0.33
1789534266	6978	uncounted	train	100000	0.34
1789534267	6978	uncounted	train	100000	0.27
1789534267	6978	uncounted	train	100000	0.22
1789534267	6978	uncounted	train	100000	0.18
1789534268	6978	uncounted	train	100000	0.31
1789534268	6978	uncounted	train	100000	0.25
1789534268	6978	uncounted	train	100000	0.21
1789534269	6978	uncounted	train	100000	0.31
1789534269	6978	uncounted	train	100000	0.31
1789534270	6978	uncounted	train	100000	0.31
1789534270	6978	uncounted	train	100000	0.30
1789534270	6978	uncounted	train	100000	0.27
1789534271	6978	uncounted	train	100000	0.21
1789534271	6978	uncounted	train	100000	0.17
1789534272	6978	uncounted	train	100000	0.33
1789534272	6978	uncounted	train	100000	0.26
1789534272	6978	uncounted	train	100000	0.21
1789534273	6978	uncounted	train	100000	0.32
1789534273	6978	uncounted	train	100000	0.32
1789534274	6978	uncounted	train	100000	0.33
1789534274	6978	uncounted	train	100000	0.32
1789534275	6978	uncounted	train	100000	0.26
1789534275	6978	uncounted	train	100000	0.21
1789534275	6978	uncounted	train	100000	0.17
1789534276	6978	uncounted	train	100000	0.31
1789534276	6978	uncounted	train	100000	0.24
1789534276	6978	uncounted	train	100000	0.19
1789534277	6978	uncounted	train	100000	0.31
1789534277	6978	uncounted	train	100000	0.31
1789534278	6978	uncounted	train	100000	0.31
1789534278	6978	uncounted	train	100000	0.31
1789534278	6978	uncounted	train	100000	0.26
1789534279	6978	uncounted	train	100000	0.21
1789534279	6978	uncounted	train	100000	0.16
1789534279	6978	uncounted	train	100000	0.30
1789534280	6978	uncounted	train	100000	0.23
1789534280	6978	uncounted	train	100000	0.20
1789534280	6978	uncounted	train	100000	0.29
1789534281	6978	uncounted	train	100000	0.30
1789534281	6978	uncounted	train	100000	0.30
1789534282	6978	uncounted	train	100000	0.29
1789534282	6978	uncounted	train	100000	0.24
1789534282	6978	uncounted	train	100000	0.20
1789534283	6978	uncounted	train	100000	0.16
1789534283	6978	uncounted	train	100000	0.32
1789534284	6978	uncounted	train	100000	0.24
1789534284	6978	uncounted	train	100000	0.20
1789534284	6978	uncounted	train	100000	0.31
1789534285	6978	uncounted	train	100000	0.31
1789534285	6978	uncounted	train	100000	0.32
1789534286	6978	uncounted	train	100000	0.31
1789534286	6978	uncounted	train	100000	0.25
1789534286	6978	uncounted	train	100000	0.21
1789534287	6978	uncounted	train	100000	0.17
1789534287	6978	uncounted	train	100000	0.32
1789534288	6978	uncounted	train	100000	0.25
1789534288	6978	uncounted	train	100000	0.21
1789534289	6978	uncounted	train	100000	0.33
1789534289	6978	uncounted	train	100000	0.32
1789534289	6978	uncounted	train	100000	0.32
1789534290	6978	uncounted	train	100000	0.31
1789534290	6978	uncounted	train	100000	0.28
1789534291	6978	uncounted	train	100000	0.22
1789534291	6978	uncounted	train	100000	0.17
1789534292	6978	uncounted	train	100000	0.30
1789534292	6978	uncounted	train	100000	0.24
1789534292	6978	uncounted	train	100000	0.19
1789534293	6978	uncounted	train	100000	0.30
1789534293	6978	uncounted	train	100000	0.30
1789534294	6978	uncounted	train	100000	0.30
1789534294	6978	uncounted	train	100000	0.31
1789534295	6978	uncounted	train	100000	0.25
1789534295	6978	uncounted	train	100000	0.21
1789534295	6978	uncounted	train	100000	0.17
1789534296	6978	uncounted	train	100000	0.35
1789534296	6978	uncounted	train	100000	0.27
1789534296	6978	uncounted	train	100000	0.22
1789534297	6978	uncounted	train	100000	0.32
1789534297	6978	uncounted	train	100000	0.33
1789534298	6978	uncounted	train	100000	0.33
1789534298	6978	uncounted	train	100000	0.33
1789534299	6978	uncounted	train	100000	0.27
1789534299	6978	uncounted	train	100000	0.21
1789534299	6978	uncounted	train	100000	0.18
1789534300	6978	uncounted	train	100000	0.30
1789534300	6978	uncounted	train	100000	0.24
1789534300	6978	uncounted	train	100000	0.20
1789534301	6978	uncounted	train	100000	0.31
1789534301	6978	uncounted	train	100000	0.31
1789534302	6978	uncounted	train	100000	0.31
1789534302	6978	uncounted	train	100000	0.30
1789534302	6978	uncounted	train	100000	0.25
1789534303	6978	uncounted	train	100000	0.20
1789534303	6978	uncounted	train	100000	0.16
1789534303	6978	uncounted	train	100000	0.29
1789534304	6978	uncounted	train	100000	0.23
1789534304	6978	uncounted	train	100000	0.19
1789534304	6978	uncounted	train	100000	0.29
1789534305	6978	uncounted	train	100000	0.30
1789534305	6978	uncounted	train	100000	0.30
1789534306	6978	uncounted	train	100000	0.30
1789534306	6978	uncounted	train	100000	0.25
1789534306	6978	uncounted	train	100000	0.20
1789534307	6978	uncounted	train	100000	0.16
1789534307	6978	uncounted	train	100000	0.31
1789534307	6978	uncounted	train	100000	0.25
1789534308	6978	uncounted	train	100000	0.19
1789534308	6978	uncounted	train	100000	0.31
1789534308	6978	uncounted	train	100000	0.31
1789534309	6978	uncounted	train	100000	0.31
1789534309	6978	uncounted	train	100000	0.32
1789534310	6978	uncounted	train	100000	0.26
1789534310	6978	uncounted	train	100000	0.20
1789534310	6978	uncounted	train	100000	0.16
1789534311	6978	uncounted	train	100000	0.32
1789534311	6978	uncounted	train	100000	0.26
1789534311	6978	uncounted	train	100000	0.22
1789534312	6978	uncounted	train	100000	0.35
1789534312	6978	uncounted	train	100000	0.34
1789534313	6978	uncounted	train	100000	0.34
1789534313	6978	uncounted	train	100000	0.34
1789534314	6978	uncounted	train	100000	0.27
1789534314	6978	uncounted	train	100000	0.21
1789534314	6978	uncounted	train	100000	0.17
1789534315	6978	uncounted	train	100000	0.31
1789534315	6978	uncounted	train	100000	0.25
1789534315	6978	uncounted	train	100000	0.21
1789534316	6978	uncounted	train	100000	0.32
1789534316	6978	uncounted	train	100000	0.32
1789534317	6978	uncounted	train	100000	0.33
1789534317	6978	uncounted	train	100000	0.34
1789534317	6978	uncounted	train	100000	0.24
1789534318	6978	uncounted	train	100000	0.20
1789534318	6978	uncounted	train	100000	0.16
1789534319	6978	uncounted	train	100000	0.31
1789534319	6978	uncounted	train	100000	0.24
1789534319	6978	uncounted	train	100000	0.21
1789534320	6978	uncounted	train	100000	0.31
1789534320	6978	uncounted	train	100000	0.33
1789534321	6978	uncounted	train	100000	0.32
1789534321	6978	uncounted	train	100000	0.33
1789534321	6978	uncounted	train	100000	0.26
1789534322	6978	uncounted	train	100000	0.21
1789534322	6978	uncounted	train	100000	0.17
1789534323	6978	uncounted	train	100000	0.30
1789534323	6978	uncounted	train	100000	0.23
1789534323	6978	uncounted	train	100000	0.20
1789534324	6978	uncounted	train	100000	0.31
1789534324	6978	uncounted	train	100000	0.30
1789534324	6978	uncounted	train	100000	0.31
1789534325	6978	uncounted	train	100000	0.31
1789534325	6978	uncounted	train	100000	0.25
1789534325	6978	uncounted	train	100000	0.20
1789534326	6978	uncounted	train	100000	0.16
1789534326	6978	uncounted	train	100000	0.30
1789534327	6978	uncounted	train	100000	0.23
1789534327	6978	uncounted	train	100000	0.19
1789534327	6978	uncounted	train	100000	0.31
1789534328	6978	uncounted	train	100000	0.30
1789534328	6978	uncounted	train	100000	0.29
1789534328	6978	uncounted	train	100000	0.29
1789534329	6978	uncounted	train	100000	0.24
1789534329	6978	uncounted	train	100000	0.19
1789534329	6978	uncounted	train	100000	0.16
1789534330	6978	uncounted	train	100000	0.31
1789534330	6978	uncounted	train	100000	0.23
1789534331	6978	uncounted	train	100000	0.19
1789534331	6978	uncounted	train	100000	0.30
1789534332	6978	uncounted	train	100000	0.31
1789534332	6978	uncounted	train	100000	0.32
1789534332	6978	uncounted	train	100000	0.31
1789534333	6978	uncounted	train	100000	0.25
1789534333	6978	uncounted	train	100000	0.20
1789534333	6978	uncounted	train	100000	0.16
1789534334	6978	uncounted	train	100000	0.31
1789534334	6978	uncounted	train	100000	0.24
1789534335	6978	uncounted	train	100000	0.21
1789534335	6978	uncounted	train	100000	0.33
1789534336	6978	uncounted	train	100000	0.33
1789534336	6978	uncounted	train	100000	0.33
1789534337	6978	uncounted	train	100000	0.33
1789534337	6978	uncounted	train	100000	0.28
1789534337	6978	uncounted	train	100000	0.22
1789534338	6978	uncounted	train	100000	0.27
1789534339	6978	uncounted	train	100000	0.32
1789534339	6978	uncounted	train	100000	0.25
1789534339	6978	uncounted	train	100000	0.20
1789534340	6978	uncounted	train	100000	0.32
1789534340	6978	uncounted	train	100000	0.32
1789534341	6978	uncounted	train	100000	0.30
1789534341	6978	uncounted	train	100000	0.29
1789534341	6978	uncounted	train	100000	0.25
1789534342	6978	uncounted	train	100000	0.20
1789534342	6978	uncounted	train	100000	0.16
1789534343	6978	uncounted	train	100000	0.31
1789534343	6978	uncounted	train	100000	0.25
1789534343	6978	uncounted	train	100000	0.20
1789534344	6978	uncounted	train	100000	0.31
1789534344	6978	uncounted	train	100000	0.32
1789534345	6978	uncounted	train	100000	0.32
1789534345	6978	uncounted	train	100000	0.33
1789534345	6978	uncounted	train	100000	0.28
1789534346	6978	uncounted	train	100000	0.21
1789534346	6978	uncounted	train	100000	0.17
1789534347	6978	uncounted	train	100000	0.32
1789534347	6978	uncounted	train	100000	0.25
1789534347	6978	uncounted	train	100000	0.20
1789534348	6978	uncounted	train	100000	0.32
1789534348	6978	uncounted	train	100000	0.32
1789534349	6978	uncounted	train	100000	0.31
1789534349	6978	uncounted	train	100000	0.31
1789534349	6978	uncounted	train	100000	0.25
1789534350	6978	uncounted	train	100000	0.21
1789534350	6978	uncounted	train	100000	0.16
1789534350	6978	uncounted	train	100000	0.31
1789534351	6978	uncounted	train	100000	0.24
1789534351	6978	uncounted	train	100000	0.20
1789534351	6978	uncounted	train	100000	0.31
1789534352	6978	uncounted	train	100000	0.31
1789534352	6978	uncounted	train	100000	0.32
1789534353	6978	uncounted	train	100000	0.32
1789534353	6978	uncounted	train	100000	0.26
1789534353	6978	uncounted	train	100000	0.21
1789534354	6978	uncounted	train	100000	0.16
1789534354	6978	uncounted	train	100000	0.33
1789534355	6978	uncounted	train	100000	0.25
1789534355	6978	uncounted	train	100000	0.21
1789534355	6978	uncounted	train	100000	0.35
1789534356	6978	uncounted	train	100000	0.34
1789534356	6978	uncounted	train	100000	0.33
1789534357	6978	uncounted	train	100000	0.32
1789534357	6978	uncounted	train	100000	0.26
1789534358	6978	uncounted	train	100000	0.22
1789534358	6978	uncounted	train	100000	0.18
1789534358	6978	uncounted	train	100000	0.31
1789534359	6978	uncounted	train	100000	0.25
1789534359	6978	uncounted	train	100000	0.20
1789534359	6978	uncounted	train	100000	0.33
1789534360	6978	uncounted	train	100000	0.30
1789534360	6978	uncounted	train	100000	0.31
1789534361	6978	uncounted	train	100000	0.31
1789534361	6978	uncounted	train	100000	0.26
1789534361	6978	uncounted	train	100000	0.21
1789534362	6978	uncounted	train	100000	0.18
1789534362	6978	uncounted	train	100000	0.34
1789534363	6978	uncounted	train	100000	0.26
1789534363	6978	uncounted	train	100000	0.22
1789534363	6978	uncounted	train	100000	0.34
1789534364	6978	uncounted	train	100000	0.35
1789534364	6978	uncounted	train	100000	0.36
1789534365	6978	uncounted	train	100000	0.35
1789534365	6978	uncounted	train	100000	0.27
1789534366	6978	uncounted	train	100000	0.24
1789534366	6978	uncounted	train	100000	0.18
1789534367	6978	uncounted	train	100000	0.33
1789534367	6978	uncounted	train	100000	0.25
1789534367	6978	uncounted	train	100000	0.21
1789534368	6978	uncounted	train	100000	0.33
1789534368	6978	uncounted	train	100000	0.32
1789534369	6978	uncounted	train	100000	0.33
1789534369	6978	uncounted	train	100000	0.32
1789534369	6978	uncounted	train	100000	0.27
1789534370	6978	uncounted	train	100000	0.22
1789534370	6978	uncounted	train	100000	0.18
1789534371	6978	uncounted	train	100000	0.34
1789534371	6978	uncounted	train	100000	0.27
1789534371	6978	uncounted	train	100000	0.20
1789534372	6978	uncounted	train	100000	0.30
1789534372	6978	uncounted	train	100000	0.30
1789534372	6978	uncounted	train	100000	0.30
1789534373	6978	uncounted	train	100000	0.31
1789534373	6978	uncounted	train	100000	0.27
1789534374	6978	uncounted	train	100000	0.21
1789534374	6978	uncounted	train	100000	0.17
1789534375	6978	uncounted	train	100000	0.34
1789534375	6978	uncounted	train	100000	0.27
1789534375	6978	uncounted	train	100000	0.22
1789534376	6978	uncounted	train	100000	0.33
1789534376	6978	uncounted	train	100000	0.33
1789534377	6978	uncounted	train	100000	0.33
1789534377	6978	uncounted	train	100000	0.32
1789534377	6978	uncounted	train	100000	0.27
1789534378	6978	uncounted	train	100000	0.24
1789534378	6978	uncounted	train	100000	0.18
1789534379	6978	uncounted	train	100000	0.34
1789534379	6978	uncounted	train	100000	0.27
1789534380	6978	uncounted	train	100000	0.23
1789534380	6978	uncounted	train	100000	0.34
1789534381	6978	uncounted	train	100000	0.33
1789534381	6978	uncounted	train	100000	0.34
1789534382	6978	uncounted	train	100000	0.34
1789534382	6978	uncounted	train	100000	0.28
1789534382	6978	uncounted	train	100000	0.24
1789534383	6978	uncounted	train	100000	0.18
1789534384	6978	uncounted	train	100000	0.32
1789534384	6978	uncounted	train	100000	0.25
1789534384	6978	uncounted	train	100000	0.21
1789534385	6978	uncounted	train	100000	0.32
1789534385	6978	uncounted	train	100000	0.33
1789534386	6978	uncounted	train	100000	0.33
1789534386	6978	uncounted	train	100000	0.33
1789534386	6978	uncounted	train	100000	0.26
1789534387	6978	uncounted	train	100000	0.23
1789534387	6978	uncounted	train	100000	0.16
1789534388	6978	uncounted	train	100000	0.32
1789534388	6978	uncounted	train	100000	0.25
1789534388	6978	uncounted	train	100000	0.20
1789534389	6978	uncounted	train	100000	0.30
1789534389	6978	uncounted	train	100000	0.32
1789534390	6978	uncounted	train	100000	0.32
1789534390	6978	uncounted	train	100000	0.32
1789534390	6978	uncounted	train	100000	0.27
1789534391	6978	uncounted	train	100000	0.21
1789534391	6978	uncounted	train	100000	0.17
1789534391	6978	uncounted	train	100000	0.30
1789534392	6978	uncounted	train	100000	0.23
1789534392	6978	uncounted	train	100000	0.19
1789534392	6978	uncounted	train	100000	0.31
1789534393	6978	uncounted	train	100000	0.30
1789534393	6978	uncounted	train	100000	0.30
1789534394	6978	uncounted	train	100000	0.30
1789534394	6978	uncounted	train	100000	0.25
1789534394	6978	uncounted	train	100000	0.20
1789534395	6978	uncounted	train	100000	0.16
1789534671	7030	uncounted	train	100000	20.28
1789534681	7030	uncounted	train	100000	9.36
1789534681	7030	uncounted	train	100000	0.21
1789534681	7030	uncounted	train	100000	0.34
1789534682	7030	uncounted	train	100000	0.31
1789534682	7030	uncounted	train	100000	0.32
1789534682	7030	uncounted	train	100000	0.31
1789534683	7030	uncounted	train	100000	0.24
1789534683	7030	uncounted	train	100000	0.20
1789534683	7030	uncounted	train	100000	0.16
1789534704	7030	uncounted	train	100000	20.24
1789534716	7030	uncounted	train	100000	11.62
1789534716	7030	uncounted	train	100000	0.21
1789534717	7030	uncounted	train	100000	0.33
1789534717	7030	uncounted	train	100000	0.32
1789534718	7030	uncounted	train	100000	0.52
1789534718	7030	uncounted	train	100000	0.33
1789534718	7030	uncounted	train	100000	0.25
1789534719	7030	uncounted	train	100000	0.21
1789534719	7030	uncounted	train	100000	0.16
1789534720	7030	uncounted	train	100000	0.31
1789534720	7030	uncounted	train	100000	0.24
1789534720	7030	uncounted	train	100000	0.19
1789534721	7030	uncounted	train	100000	0.29
1789534721	7030	uncounted	train	100000	0.29
1789534721	7030	uncounted	train	100000	0.29
1789534722	7030	uncounted	train	100000	0.31
1789534722	7030	uncounted	train	100000	0.25
1789534722	7030	uncounted	train	100000	0.21
1789534723	7030	uncounted	train	100000	0.16
1789534723	7030	uncounted	train	100000	0.33
1789534724	7030	uncounted	train	100000	0.25
1789534724	7030	uncounted	train	100000	0.21
1789534724	7030	uncounted	train	100000	0.32
1789534725	7030	uncounted	train	100000	0.34
1789534725	7030	uncounted	train	100000	0.34
1789534726	7030	uncounted	train	100000	0.34
1789534726	7030	uncounted	train	100000	0.27
1789534727	7030	uncounted	train	100000	0.22
1789534727	7030	uncounted	train	100000	0.17
1789534727	7030	uncounted	train	100000	0.32
1789534728	7030	uncounted	train	100000	0.23
1789534728	7030	uncounted	train	100000	0.20
1789534729	7030	uncounted	train	100000	0.31
1789534729	7030	uncounted	train	100000	0.31
1789534729	7030	uncounted	train	100000	0.33
1789534730	7030	uncounted	train	100000	0.32
1789534730	7030	uncounted	train	100000	0.25
1789534731	7030	uncounted	train	100000	0.21
1789534731	7030	uncounted	train	100000	0.16
1789534731	7030	uncounted	train	100000	0.30
1789534732	7030	uncounted	train	100000	0.25
1789534732	7030	uncounted	train	100000	0.19
1789534732	7030	uncounted	train	100000	0.30
1789534733	7030	uncounted	train	100000	0.30
1789534733	7030	uncounted	train	100000	0.32
1789534734	7030	uncounted	train	100000	0.30
1789534734	7030	uncounted	train	100000	0.25
1789534734	7030	uncounted	train	100000	0.20
1789534734	7030	uncounted	train	100000	0.16
1789534735	7030	uncounted	train	100000	0.31
1789534735	7030	uncounted	train	100000	0.23
1789534736	7030	uncounted	train	100000	0.20
1789534736	7030	uncounted	train	100000	0.31
1789534737	7030	uncounted	train	100000	0.31
1789534737	7030	uncounted	train	100000	0.32
1789534738	7030	uncounted	train	100000	0.33
1789534738	7030	uncounted	train	100000	0.25
1789534738	7030	uncounted	train	100000	0.21
1789534738	7030	uncounted	train	100000	0.17
1789534739	7030	uncounted	train	100000	0.31
1789534740	7030	uncounted	train	100000	0.24
1789534740	7030	uncounted	train	100000	0.22
1789534740	7030	uncounted	train	100000	0.31
1789534741	7030	uncounted	train	100000	0.32
1789534741	7030	uncounted	train	100000	0.33
1789534742	7030	uncounted	train	100000	0.32
1789534742	7030	uncounted	train	100000	0.26
1789534743	7030	uncounted	train	100000	0.22
1789534743	7030	uncounted	train	100000	0.17
1789534744	7030	uncounted	train	100000	0.29
1789534744	7030	uncounted	train	100000	0.21
1789534744	7030	uncounted	train	100000	0.19
1789534745	7030	uncounted	train	100000	0.29
1789534745	7030	uncounted	train	100000	0.31
1789534746	7030	uncounted	train	100000	0.32
1789534746	7030	uncounted	train	100000	0.31
1789534746	7030	uncounted	train	100000	0.26
1789534747	7030	uncounted	train	100000	0.21
1789534747	7030	uncounted	train	100000	0.16
1789534748	7030	uncounted	train	100000	0.31
1789534748	7030	uncounted	train	100000	0.24
1789534748	7030	uncounted	train	100000	0.20
1789534749	7030	uncounted	train	100000	0.31
1789534749	7030	uncounted	train	100000	0.32
1789534750	7030	uncounted	train	100000	0.32
1789534750	7030	uncounted	train	100000	0.31
1789534750	7030	uncounted	train	100000	0.26
1789534751	7030	uncounted	train	100000	0.20
1789534751	7030	uncounted	train	100000	0.16
1789534751	7030	uncounted	train	100000	0.30
1789534752	7030	uncounted	train	100000	0.24
1789534752	7030	uncounted	train	100000	0.19
1789534752	7030	uncounted	train	100000	0.31
1789534753	7030	uncounted	train	100000	0.31
1789534753	7030	uncounted	train	100000	0.30
1789534754	7030	uncounted	train	100000	0.30
1789534754	7030	uncounted	train	100000	0.27
1789534754	7030	uncounted	train	100000	0.20
1789534755	7030	uncounted	train	100000	0.16
1789534755	7030	uncounted	train	100000	0.75
1789534756	7030	uncounted	train	100000	0.59
1789534757	7030	uncounted	train	100000	0.97
1789534758	7030	uncounted	train	100000	0.76
1789534759	7030	uncounted	train	100000	0.76
1789534760	7030	uncounted	train	100000	0.76
1789534761	7030	uncounted	train	100000	0.76
1789534762	7030	uncounted	train	100000	0.62
1789534763	7030	uncounted	train	100000	1.00
1789534764	7030	uncounted	train	100000	0.79
1789534765	7030	uncounted	train	100000	0.80
1789534766	7030	uncounted	train	100000	0.61
1789534767	7030	uncounted	train	100000	1.03
1789534768	7030	uncounted	train	100000	0.80
1789534769	7030	uncounted	train	100000	0.87
1789534770	7030	uncounted	train	100000	0.82
1789534772	7030	uncounted	train	100000	0.84
1789534772	7030	uncounted	train	100000	0.71
1789534774	7030	uncounted	train	100000	1.08
1789534775	7030	uncounted	train	100000	0.88
1789534776	7030	uncounted	train	100000	0.83
1789534777	7030	uncounted	train	100000	0.64
1789534778	7030	uncounted	train	100000	1.00
1789534779	7030	uncounted	train	100000	0.77
1789534780	7030	uncounted	train	100000	0.80
1789534781	7030	uncounted	train	100000	0.77
1789534782	7030	uncounted	train	100000	0.78
1789534783	7030	uncounted	train	100000	0.63
1789534784	7030	uncounted	train	100000	1.02
1789534785	7030	uncounted	train	100000	0.80
1789534786	7030	uncounted	train	100000	0.83
1789534787	7030	uncounted	train	100000	0.65
1789534788	7030	uncounted	train	100000	1.08
1789534789	7030	uncounted	train	100000	0.85
1789534790	7030	uncounted	train	100000	0.85
1789534791	7030	uncounted	train	100000	0.85
1789534793	7030	uncounted	train	100000	0.84
1789534793	7030	uncounted	train	100000	0.69
1789534795	7030	uncounted	train	100000	1.12
1789534796	7030	uncounted	train	100000	0.86
1789534797	7030	uncounted	train	100000	0.80
1789534798	7030	uncounted	train	100000	0.62
1789534799	7030	uncounted	train	100000	1.02
1789534800	7030	uncounted	train	100000	0.84
1789534801	7030	uncounted	train	100000	0.83
1789534802	7030	uncounted	train	100000	0.85
1789534803	7030	uncounted	train	100000	0.82
1789534804	7030	uncounted	train	100000	0.68
1789534805	7030	uncounted	train	100000	1.10
1789534806	7030	uncounted	train	100000	0.85
1789534808	7030	uncounted	train	100000	0.78
1789534808	7030	uncounted	train	100000	0.66
1789534809	7030	uncounted	train	100000	0.99
1789534811	7030	uncounted	train	100000	0.88
1789534812	7030	uncounted	train	100000	0.79
1789534813	7030	uncounted	train	100000	0.78
1789534814	7030	uncounted	train	100000	0.75
1789534814	7030	uncounted	train	100000	0.66
1789534816	7030	uncounted	train	100000	1.06
1789534817	7030	uncounted	train	100000	0.80
1789534818	7030	uncounted	train	100000	0.77
1789534819	7030	uncounted	train	100000	0.62
1789534820	7030	uncounted	train	100000	1.05
1789534821	7030	uncounted	train	100000	0.80
1789534822	7030	uncounted	train	100000	0.81
1789534823	7030	uncounted	train	100000	0.82
1789534824	7030	uncounted	train	100000	0.82
1789534825	7030	uncounted	train	100000	0.67
1789534826	7030	uncounted	train	100000	1.10
1789534827	7030	uncounted	train	100000	0.87
1789534829	7030	uncounted	train	100000	0.81
1789534829	7030	uncounted	train	100000	0.61
1789534831	7030	uncounted	train	100000	1.05
1789534832	7030	uncounted	train	100000	0.80
1789534833	7030	uncounted	train	100000	0.80
1789534834	7030	uncounted	train	100000	0.79
1789534835	7030	uncounted	train	100000	0.80
1789534836	7030	uncounted	train	100000	0.62
1789534837	7030	uncounted	train	100000	1.08
1789534838	7030	uncounted	train	100000	0.86
1789534840	7030	uncounted	train	100000	0.78
1789534840	7030	uncounted	train	100000	0.59
1789534842	7030	uncounted	train	100000	1.00
1789534843	7030	uncounted	train	100000	0.79
1789534843	7030	uncounted	train	100000	0.75
1789534844	7030	uncounted	train	100000	0.72
1789534845	7030	uncounted	train	100000	0.73
1789534846	7030	uncounted	train	100000	0.57
1789534847	7030	uncounted	train	100000	0.96
1789534848	7030	uncounted	train	100000	0.74
1789534849	7030	uncounted	train	100000	0.77
1789534850	7030	uncounted	train	100000	0.60
1789534851	7030	uncounted	train	100000	0.97
1789534852	7030	uncounted	train	100000	0.77
1789534853	7030	uncounted	train	100000	0.77
1789534854	7030	uncounted	train	100000	0.76
1789534855	7030	uncounted	train	100000	0.75
1789534856	7030	uncounted	train	100000	0.63
1789534857	7030	uncounted	train	100000	1.05
1789534858	7030	uncounted	train	100000	0.79
1789534859	7030	uncounted	train	100000	0.72
1789534860	7030	uncounted	train	100000	0.59
1789534861	7030	uncounted	train	100000	0.94
1789534862	7030	uncounted	train	100000	0.73
1789534863	7030	uncounted	train	100000	0.71
1789534864	7030	uncounted	train	100000	0.73
1789534865	7030	uncounted	train	100000	0.74
1789534866	7030	uncounted	train	100000	0.62
1789534867	7030	uncounted	train	100000	0.95
1789534868	7030	uncounted	train	100000	0.78
1789534868	7030	uncounted	train	100000	0.31
1789534869	7030	uncounted	train	100000	0.24
1789534869	7030	uncounted	train	100000	0.19
1789534869	7030	uncounted	train	100000	0.29
1789534870	7030	uncounted	train	100000	0.31
1789534870	7030	uncounted	train	100000	0.30
1789534871	7030	uncounted	train	100000	0.30
1789534871	7030	uncounted	train	100000	0.23
1789534871	7030	uncounted	train	100000	0.21
1789534871	7030	uncounted	train	100000	0.16
1789534872	7030	uncounted	train	100000	0.32
1789534872	7030	uncounted	train	100000	0.25
1789534873	7030	uncounted	train	100000	0.20
1789534873	7030	uncounted	train	100000	0.31
1789534873	7030	uncounted	train	100000	0.30
1789534874	7030	uncounted	train	100000	0.31
1789534874	7030	uncounted	train	100000	0.31
1789534875	7030	uncounted	train	100000	0.23
1789534875	7030	uncounted	train	100000	0.20
1789534875	7030	uncounted	train	100000	0.15
1789534876	7030	uncounted	train	100000	0.29
1789534876	7030	uncounted	train	100000	0.23
1789534876	7030	uncounted	train	100000	0.19
1789534877	7030	uncounted	train	100000	0.31
1789534877	7030	uncounted	train	100000	0.29
1789534877	7030	uncounted	train	100000	0.29
1789534878	7030	uncounted	train	100000	0.29
1789534878	7030	uncounted	train	100000	0.22
1789534878	7030	uncounted	train	100000	0.19
1789534879	7030	uncounted	train	100000	0.17
1789534879	7030	uncounted	train	100000	0.33
1789534880	7030	uncounted	train	100000	0.25
1789534880	7030	uncounted	train	100000	0.21
1789534880	7030	uncounted	train	100000	0.32
1789534881	7030	uncounted	train	100000	0.32
1789534881	7030	uncounted	train	100000	0.32
1789534882	7030	uncounted	train	100000	0.32
1789534882	7030	uncounted	train	100000	0.27
1789534883	7030	uncounted	train	100000	0.22
1789534883	7030	uncounted	train	100000	0.17
1789534883	7030	uncounted	train	100000	0.30
1789534884	7030	uncounted	train	100000	0.24
1789534884	7030	uncounted	train	100000	0.20
1789534884	7030	uncounted	train	100000	0.31
1789534885	7030	uncounted	train	100000	0.30
1789534885	7030	uncounted	train	100000	0.30
1789534886	7030	uncounted	train	100000	0.31
1789534886	7030	uncounted	train	100000	0.26
1789534886	7030	uncounted	train	100000	0.21
1789534887	7030	uncounted	train	100000	0.16
1789534887	7030	uncounted	train	100000	0.31
1789534887	7030	uncounted	train	100000	0.24
1789534888	7030	uncounted	train	100000	0.20
1789534888	7030	uncounted	train	100000	0.31
1789534889	7030	uncounted	train	100000	0.31
1789534889	7030	uncounted	train	100000	0.30
1789534889	7030	uncounted	train	100000	0.30
1789534890	7030	uncounted	train	100000	0.25
1789534890	7030	uncounted	train	100000	0.20
1789534890	7030	uncounted	train	100000	0.16
1789534891	7030	uncounted	train	100000	0.31
1789534891	7030	uncounted	train	100000	0.24
1789534892	7030	uncounted	train	100000	0.20
1789534892	7030	uncounted	train	100000	0.31
1789534892	7030	uncounted	train	100000	0.30
1789534893	7030	uncounted	train	100000	0.30
1789534893	7030	uncounted	train	100000	0.30
1789534894	7030	uncounted	train	100000	0.25
1789534894	7030	uncounted	train	100000	0.20
1789534894	7030	uncounted	train	100000	0.16
1789534895	7030	uncounted	train	100000	0.31
1789534895	7030	uncounted	train	100000	0.25
1789534896	7030	uncounted	train	100000	0.20
1789534896	7030	uncounted	train	100000	0.31
1789534896	7030	uncounted	train	100000	0.31
1789534897	7030	uncounted	train	100000	0.31
1789534897	7030	uncounted	train	100000	0.32
1789534898	7030	uncounted	train	100000	0.25
1789534898	7030	uncounted	train	100000	0.21
1789534898	7030	uncounted	train	100000	0.16
1789534899	7030	uncounted	train	100000	0.28
1789534899	7030	uncounted	train	100000	0.21
1789534900	7030	uncounted	train	100000	0.19
1789534900	7030	uncounted	train	100000	0.28
1789534901	7030	uncounted	train	100000	0.28
1789534901	7030	uncounted	train	100000	0.29
1789534901	7030	uncounted	train	100000	0.29
1789534902	7030	uncounted	train	100000	0.24
1789534902	7030	uncounted	train	100000	0.21
1789534902	7030	uncounted	train	100000	0.16
1789534903	7030	uncounted	train	100000	0.31
1789534903	7030	uncounted	train	100000	0.25
1789534904	7030	uncounted	train	100000	0.21
1789534904	7030	uncounted	train	100000	0.32
1789534904	7030	uncounted	train	100000	0.31
1789534905	7030	uncounted	train	100000	0.30
1789534905	7030	uncounted	train	100000	0.30
1789534906	7030	uncounted	train	100000	0.26
1789534906	7030	uncounted	train	100000	0.21
1789534906	7030	uncounted	train	100000	0.16
1789534907	7030	uncounted	train	100000	0.29
1789534907	7030	uncounted	train	100000	0.23
1789534907	7030	uncounted	train	100000	0.19
1789534908	7030	uncounted	train	100000	0.29
1789534908	7030	uncounted	train	100000	0.30
1789534908	7030	uncounted	train	100000	0.29
1789534909	7030	uncounted	train	100000	0.30
1789534909	7030	uncounted	train	100000	0.24
1789534909	7030	uncounted	train	100000	0.20
1789534910	7030	uncounted	train	100000	0.16
1789534910	7030	uncounted	train	100000	0.31
1789534911	7030	uncounted	train	100000	0.24
1789534911	7030	uncounted	train	100000	0.20
1789534911	7030	uncounted	train	100000	0.30
1789534912	7030	uncounted	train	100000	0.31
1789534912	7030	uncounted	train	100000	0.30
1789534913	7030	uncounted	train	100000	0.31
1789534913	7030	uncounted	train	100000	0.27
1789534913	7030	uncounted	train	100000	0.21
1789534914	7030	uncounted	train	100000	0.16
1789534914	7030	uncounted	train	100000	0.32
1789534914	7030	uncounted	train	100000	0.24
1789534915	7030	uncounted	train	100000	0.21
1789534915	7030	uncounted	train	100000	0.31
1789534916	7030	uncounted	train	100000	0.31
1789534916	7030	uncounted	train	100000	0.30
1789534916	7030	uncounted	train	100000	0.30
1789534917	7030	uncounted	train	100000	0.25
1789534917	7030	uncounted	train	100000	0.21
1789534917	7030	uncounted	train	100000	0.16
1789534918	7030	uncounted	train	100000	0.33
1789534918	7030	uncounted	train	100000	0.25
1789534919	7030	uncounted	train	100000	0.21
1789534919	7030	uncounted	train	100000	0.32
1789534919	7030	uncounted	train	100000	0.31
1789534920	7030	uncounted	train	100000	0.33
1789534920	7030	uncounted	train	100000	0.32
1789534921	7030	uncounted	train	100000	0.28
1789534921	7030	uncounted	train	100000	0.22
1789534921	7030	uncounted	train	100000	0.17
1789534922	7030	uncounted	train	100000	0.33
1789534923	7030	uncounted	train	100000	0.27
1789534923	7030	uncounted	train	100000	0.21
1789534923	7030	uncounted	train	100000	0.32
1789534924	7030	uncounted	train	100000	0.32
1789534924	7030	uncounted	train	100000	0.32
1789534925	7030	uncounted	train	100000	0.31
1789534925	7030	uncounted	train	100000	0.27
1789534925	7030	uncounted	train	100000	0.21
1789534926	7030	uncounted	train	100000	0.17
1789534926	7030	uncounted	train	100000	0.29
1789534927	7030	uncounted	train	100000	0.21
1789534927	7030	uncounted	train	100000	0.18
1789534927	7030	uncounted	train	100000	0.28
1789534928	7030	uncounted	train	100000	0.28
1789534928	7030	uncounted	train	100000	0.29
1789534929	7030	uncounted	train	100000	0.29
1789534929	7030	uncounted	train	100000	0.23
1789534929	7030	uncounted	train	100000	0.20
1789534930	7030	uncounted	train	100000	0.15
1789534930	7030	uncounted	train	100000	0.31
1789534930	7030	uncounted	train	100000	0.22
1789534931	7030	uncounted	train	100000	0.18
1789534931	7030	uncounted	train	100000	0.28
1789534932	7030	uncounted	train	100000	0.29
1789534932	7030	uncounted	train	100000	0.30
1789534932	7030	uncounted	train	100000	0.30
1789534933	7030	uncounted	train	100000	0.24
1789534933	7030	uncounted	train	100000	0.20
1789534933	7030	uncounted	train	100000	0.16
1789534934	7030	uncounted	train	100000	0.28
1789534934	7030	uncounted	train	100000	0.22
1789534934	7030	uncounted	train	100000	0.18
1789534935	7030	uncounted	train	100000	0.28
1789534935	7030	uncounted	train	100000	0.29
1789534936	7030	uncounted	train	100000	0.29
1789534936	7030	uncounted	train	100000	0.28
1789534936	7030	uncounted	train	100000	0.24
1789534937	7030	uncounted	train	100000	0.19
1789534937	7030	uncounted	train	100000	0.15
1789535084	7069	uncounted	train	100000	0.30
1789535084	7069	uncounted	train	100000	0.26
1789535085	7069	uncounted	train	100000	0.19
1789535085	7069	uncounted	train	100000	0.30
1789535086	7069	uncounted	train	100000	0.32
1789535086	7069	uncounted	train	100000	0.30
1789535086	7069	uncounted	train	100000	0.31
1789535087	7069	uncounted	train	100000	0.22
1789535087	7069	uncounted	train	100000	0.21
1789535087	7069	uncounted	train	100000	0.16
1789535088	7069	uncounted	train	100000	0.30
1789535088	7069	uncounted	train	100000	0.23
1789535088	7069	uncounted	train	100000	0.20
1789535089	7069	uncounted	train	100000	0.31
1789535089	7069	uncounted	train	100000	0.30
1789535090	7069	uncounted	train	100000	0.32
1789535090	7069	uncounted	train	100000	0.32
1789535091	7069	uncounted	train	100000	0.23
1789535091	7069	uncounted	train	100000	0.19
1789535091	7069	uncounted	train	100000	0.15
1789535092	7069	uncounted	train	100000	0.28
1789535092	7069	uncounted	train	100000	0.21
1789535092	7069	uncounted	train	100000	0.19
1789535093	7069	uncounted	train	100000	0.29
1789535093	7069	uncounted	train	100000	0.30
1789535093	7069	uncounted	train	100000	0.29
1789535094	7069	uncounted	train	100000	0.29
1789535094	7069	uncounted	train	100000	0.24
1789535094	7069	uncounted	train	100000	0.20
1789535095	7069	uncounted	train	100000	0.15
1789535095	7069	uncounted	train	100000	0.34
1789535096	7069	uncounted	train	100000	0.27
1789535096	7069	uncounted	train	100000	0.22
1789535096	7069	uncounted	train	100000	0.35
1789535097	7069	uncounted	train	100000	0.36
1789535097	7069	uncounted	train	100000	0.34
1789535098	7069	uncounted	train	100000	0.35
1789535098	7069	uncounted	train	100000	0.27
1789535099	7069	uncounted	train	100000	0.22
1789535099	7069	uncounted	train	100000	0.17
1789535099	7069	uncounted	train	100000	0.31
1789535100	7069	uncounted	train	100000	0.27
1789535100	7069	uncounted	train	100000	0.21
1789535101	7069	uncounted	train	100000	0.34
1789535101	7069	uncounted	train	100000	0.33
1789535101	7069	uncounted	train	100000	0.32
1789535102	7069	uncounted	train	100000	0.33
1789535102	7069	uncounted	train	100000	0.27
1789535103	7069	uncounted	train	100000	0.21
1789535103	7069	uncounted	train	100000	0.17
1789535103	7069	uncounted	train	100000	0.33
1789535104	7069	uncounted	train	100000	0.27
1789535104	7069	uncounted	train	100000	0.22
1789535105	7069	uncounted	train	100000	0.34
1789535105	7069	uncounted	train	100000	0.32
1789535105	7069	uncounted	train	100000	0.32
1789535106	7069	uncounted	train	100000	0.31
1789535106	7069	uncounted	train	100000	0.28
1789535107	7069	uncounted	train	100000	0.22
1789535107	7069	uncounted	train	100000	0.16
1789535108	7069	uncounted	train	100000	0.34
1789535108	7069	uncounted	train	100000	0.27
1789535108	7069	uncounted	train	100000	0.23
1789535109	7069	uncounted	train	100000	0.33
1789535109	7069	uncounted	train	100000	0.33
1789535110	7069	uncounted	train	100000	0.33
1789535110	7069	uncounted	train	100000	0.32
1789535110	7069	uncounted	train	100000	0.26
1789535111	7069	uncounted	train	100000	0.21
1789535111	7069	uncounted	train	100000	0.17
1789535112	7069	uncounted	train	100000	0.32
1789535112	7069	uncounted	train	100000	0.27
1789535113	7069	uncounted	train	100000	0.22
1789535113	7069	uncounted	train	100000	0.33
1789535113	7069	uncounted	train	100000	0.33
1789535114	7069	uncounted	train	100000	0.33
1789535114	7069	uncounted	train	100000	0.34
1789535115	7069	uncounted	train	100000	0.28
1789535115	7069	uncounted	train	100000	0.22
1789535115	7069	uncounted	train	100000	0.18
1789535116	7069	uncounted	train	100000	0.33
1789535117	7069	uncounted	train	100000	0.24
1789535117	7069	uncounted	train	100000	0.19
1789535117	7069	uncounted	train	100000	0.28
1789535118	7069	uncounted	train	100000	0.28
1789535118	7069	uncounted	train	100000	0.28
1789535119	7069	uncounted	train	100000	0.28
1789535119	7069	uncounted	train	100000	0.22
1789535119	7069	uncounted	train	100000	0.20
1789535120	7069	uncounted	train	100000	0.15
1789535120	7069	uncounted	train	100000	0.30
1789535120	7069	uncounted	train	100000	0.23
1789535121	7069	uncounted	train	100000	0.19
1789535121	7069	uncounted	train	100000	0.29
1789535122	7069	uncounted	train	100000	0.29
1789535122	7069	uncounted	train	100000	0.28
1789535122	7069	uncounted	train	100000	0.28
1789535123	7069	uncounted	train	100000	0.24
1789535123	7069	uncounted	train	100000	0.20
1789535123	7069	uncounted	train	100000	0.15
1789535124	7069	uncounted	train	100000	0.29
1789535124	7069	uncounted	train	100000	0.23
1789535124	7069	uncounted	train	100000	0.19
1789535125	7069	uncounted	train	100000	0.29
1789535125	7069	uncounted	train	100000	0.28
1789535126	7069	uncounted	train	100000	0.29
1789535126	7069	uncounted	train	100000	0.29
1789535126	7069	uncounted	train	100000	0.25
1789535127	7069	uncounted	train	100000	0.20
1789535127	7069	uncounted	train	100000	0.16
1789535127	7069	uncounted	train	100000	0.32
1789535128	7069	uncounted	train	100000	0.24
1789535128	7069	uncounted	train	100000	0.20
1789535128	7069	uncounted	train	100000	0.31
1789535129	7069	uncounted	train	100000	0.33
1789535129	7069	uncounted	train	100000	0.31
1789535130	7069	uncounted	train	100000	0.32
1789535130	7069	uncounted	train	100000	0.25
1789535130	7069	uncounted	train	100000	0.20
1789535130	7069	uncounted	train	100000	0.16
1789535131	7069	uncounted	train	100000	0.33
1789535131	7069	uncounted	train	100000	0.25
1789535132	7069	uncounted	train	100000	0.21
1789535132	7069	uncounted	train	100000	0.33
1789535133	7069	uncounted	train	100000	0.34
1789535133	7069	uncounted	train	100000	0.32
1789535134	7069	uncounted	train	100000	0.31
1789535134	7069	uncounted	train	100000	0.25
1789535134	7069	uncounted	train	100000	0.21
1789535134	7069	uncounted	train	100000	0.16
1789535135	7069	uncounted	train	100000	0.34
1789535135	7069	uncounted	train	100000	0.26
1789535136	7069	uncounted	train	100000	0.21
1789535136	7069	uncounted	train	100000	0.33
1789535137	7069	uncounted	train	100000	0.33
1789535137	7069	uncounted	train	100000	0.33
1789535138	7069	uncounted	train	100000	0.33
1789535138	7069	uncounted	train	100000	0.27
1789535138	7069	uncounted	train	100000	0.22
1789535139	7069	uncounted	train	100000	0.17
1789535139	7069	uncounted	train	100000	0.32
1789535140	7069	uncounted	train	100000	0.25
1789535140	7069	uncounted	train	100000	0.21
1789535140	7069	uncounted	train	100000	0.32
1789535141	7069	uncounted	train	100000	0.31
1789535141	7069	uncounted	train	100000	0.31
1789535142	7069	uncounted	train	100000	0.31
1789535142	7069	uncounted	train	100000	0.27
1789535142	7069	uncounted	train	100000	0.22
1789535143	7069	uncounted	train	100000	0.17
1789535143	7069	uncounted	train	100000	0.31
1789535143	7069	uncounted	train	100000	0.26
1789535144	7069	uncounted	train	100000	0.21
1789535144	7069	uncounted	train	100000	0.31
1789535145	7069	uncounted	train	100000	0.31
1789535145	7069	uncounted	train	100000	0.30
1789535145	7069	uncounted	train	100000	0.30
1789535146	7069	uncounted	train	100000	0.27
1789535146	7069	uncounted	train	100000	0.21
1789535146	7069	uncounted	train	100000	0.17
1789535147	7069	uncounted	train	100000	0.33
1789535147	7069	uncounted	train	100000	0.26
1789535148	7069	uncounted	train	100000	0.21
1789535148	7069	uncounted	train	100000	0.31
1789535149	7069	uncounted	train	100000	0.31
1789535149	7069	uncounted	train	100000	0.31
1789535149	7069	uncounted	train	100000	0.31
1789535150	7069	uncounted	train	100000	0.26
1789535150	7069	uncounted	train	100000	0.21
1789535150	7069	uncounted	train	100000	0.18
1789535151	7069	uncounted	train	100000	0.33
1789535152	7069	uncounted	train	100000	0.27
1789535152	7069	uncounted	train	100000	0.21
1789535152	7069	uncounted	train	100000	0.33
1789535153	7069	uncounted	train	100000	0.33
1789535153	7069	uncounted	train	100000	0.32
1789535154	7069	uncounted	train	100000	0.32
1789535154	7069	uncounted	train	100000	0.27
1789535154	7069	uncounted	train	100000	0.22
1789535155	7069	uncounted	train	100000	0.18
1789535156	7069	uncounted	train	100000	0.33
1789535156	7069	uncounted	train	100000	0.24
1789535156	7069	uncounted	train	100000	0.20
1789535157	7069	uncounted	train	100000	0.31
1789535157	7069	uncounted	train	100000	0.31
1789535158	7069	uncounted	train	100000	0.31
1789535158	7069	uncounted	train	100000	0.31
1789535158	7069	uncounted	train	100000	0.25
1789535159	7069	uncounted	train	100000	0.21
1789535159	7069	uncounted	train	100000	0.16
1789535160	7069	uncounted	train	100000	0.31
1789535160	7069	uncounted	train	100000	0.25
1789535160	7069	uncounted	train	100000	0.20
1789535161	7069	uncounted	train	100000	0.33
1789535161	7069	uncounted	train	100000	0.32
1789535162	7069	uncounted	train	100000	0.33
1789535162	7069	uncounted	train	100000	0.33
1789535162	7069	uncounted	train	100000	0.27
1789535163	7069	uncounted	train	100000	0.21
1789535163	7069	uncounted	train	100000	0.17
1789535163	7069	uncounted	train	100000	0.31
1789535164	7069	uncounted	train	100000	0.24
1789535164	7069	uncounted	train	100000	0.19
1789535165	7069	uncounted	train	100000	0.30
1789535165	7069	uncounted	train	100000	0.31
1789535165	7069	uncounted	train	100000	0.31
1789535166	7069	uncounted	train	100000	0.31
1789535166	7069	uncounted	train	100000	0.26
1789535166	7069	uncounted	train	100000	0.21
1789535167	7069	uncounted	train	100000	0.17
1789535167	7069	uncounted	train	100000	0.32
1789535168	7069	uncounted	train	100000	0.25
1789535168	7069	uncounted	train	100000	0.20
1789535168	7069	uncounted	train	100000	0.33
1789535169	7069	uncounted	train	100000	0.32
1789535169	7069	uncounted	train	100000	0.33
1789535170	7069	uncounted	train	100000	0.35
1789535170	7069	uncounted	train	100000	0.28
1789535171	7069	uncounted	train	100000	0.22
1789535171	7069	uncounted	train	100000	0.18
1789535171	7069	uncounted	train	100000	0.33
1789535172	7069	uncounted	train	100000	0.24
1789535172	7069	uncounted	train	100000	0.20
1789535172	7069	uncounted	train	100000	0.30
1789535173	7069	uncounted	train	100000	0.32
1789535173	7069	uncounted	train	100000	0.32
1789535174	7069	uncounted	train	100000	0.32
1789535174	7069	uncounted	train	100000	0.26
1789535174	7069	uncounted	train	100000	0.20
1789535175	7069	uncounted	train	100000	0.16
1789535175	7069	uncounted	train	100000	0.32
1789535176	7069	uncounted	train	100000	0.26
1789535176	7069	uncounted	train	100000	0.21
1789535176	7069	uncounted	train	100000	0.32
1789535177	7069	uncounted	train	100000	0.33
1789535177	7069	uncounted	train	100000	0.35
1789535178	7069	uncounted	train	100000	0.33
1789535178	7069	uncounted	train	100000	0.28
1789535178	7069	uncounted	train	100000	0.22
1789535179	7069	uncounted	train	100000	0.17
1789535179	7069	uncounted	train	100000	0.31
1789535180	7069	uncounted	train	100000	0.24
1789535180	7069	uncounted	train	100000	0.20
1789535180	7069	uncounted	train	100000	0.31
1789535181	7069	uncounted	train	100000	0.32
1789535181	7069	uncounted	train	100000	0.34
1789535182	7069	uncounted	train	100000	0.35
1789535182	7069	uncounted	train	100000	0.27
1789535182	7069	uncounted	train	100000	0.22
1789535183	7069	uncounted	train	100000	0.17
1789535183	7069	uncounted	train	100000	0.32
1789535183	7069	uncounted	train	100000	0.25
1789535184	7069	uncounted	train	100000	0.20
1789535184	7069	uncounted	train	100000	0.31
1789535185	7069	uncounted	train	100000	0.31
1789535185	7069	uncounted	train	100000	0.32
1789535185	7069	uncounted	train	100000	0.32
1789535186	7069	uncounted	train	100000	0.27
1789535186	7069	uncounted	train	100000	0.22
1789535186	7069	uncounted	train	100000	0.17
1789535187	7069	uncounted	train	100000	0.31
1789535187	7069	uncounted	train	100000	0.24
1789535188	7069	uncounted	train	100000	0.21
1789535188	7069	uncounted	train	100000	0.31
1789535189	7069	uncounted	train	100000	0.33
1789535189	7069	uncounted	train	100000	0.31
1789535189	7069	uncounted	train	100000	0.31
1789535190	7069	uncounted	train	100000	0.25
1789535190	7069	uncounted	train	100000	0.21
1789535190	7069	uncounted	train	100000	0.16
1789535191	7069	uncounted	train	100000	0.31
1789535192	7069	uncounted	train	100000	0.24
1789535192	7069	uncounted	train	100000	0.21
1789535192	7069	uncounted	train	100000	0.32
1789535193	7069	uncounted	train	100000	0.35
1789535193	7069	uncounted	train	100000	0.33
1789535194	7069	uncounted	train	100000	0.32
1789535194	7069	uncounted	train	100000	0.26
1789535194	7069	uncounted	train	100000	0.22
1789535195	7069	uncounted	train	100000	0.17
1789535196	7069	uncounted	train	100000	0.31
1789535196	7069	uncounted	train	100000	0.22
1789535196	7069	uncounted	train	100000	0.20
1789535197	7069	uncounted	train	100000	0.30
1789535197	7069	uncounted	train	100000	0.30
1789535198	7069	uncounted	train	100000	0.31
1789535198	7069	uncounted	train	100000	0.30
1789535198	7069	uncounted	train	100000	0.24
1789535199	7069	uncounted	train	100000	0.21
1789535199	7069	uncounted	train	100000	0.16
1789535200	7069	uncounted	train	100000	0.32
1789535200	7069	uncounted	train	100000	0.25
1789535200	7069	uncounted	train	100000	0.20
1789535201	7069	uncounted	train	100000	0.32
1789535201	7069	uncounted	train	100000	0.31
1789535201	7069	uncounted	train	100000	0.32
1789535202	7069	uncounted	train	100000	0.32
1789535202	7069	uncounted	train	100000	0.26
1789535203	7069	uncounted	train	100000	0.20
1789535203	7069	uncounted	train	100000	0.16
1789535203	7069	uncounted	train	100000	0.30
1789535204	7069	uncounted	train	100000	0.23
1789535204	7069	uncounted	train	100000	0.19
1789535204	7069	uncounted	train	100000	0.31
1789535205	7069	uncounted	train	100000	0.31
1789535205	7069	uncounted	train	100000	0.31
1789535206	7069	uncounted	train	100000	0.31
1789535206	7069	uncounted	train	100000	0.26
1789535206	7069	uncounted	train	100000	0.20
1789535207	7069	uncounted	train	100000	0.16
1789535532	7316	counted	train	100000	0.31
1789535532	7316	counted	train	100000	0.30
1789535533	7316	counted	train	100000	0.34
1789535533	7316	counted	train	100000	0.33
1789535534	7316	counted	train	100000	0.31
1789535534	7316	counted	train	100000	0.33
1789535534	7316	counted	train	100000	0.34
1789535535	7316	counted	train	100000	0.28
1789535535	7316	counted	train	100000	0.30
1789535535	7316	counted	train	100000	0.32
1789535536	7316	counted	train	100000	0.24
1789535536	7316	counted	train	100000	0.24
1789535536	7316	counted	train	100000	0.25
1789535537	7316	counted	train	100000	0.24
1789535537	7316	counted	train	100000	0.24
1789535537	7316	counted	train	100000	0.25
1789535538	7316	counted	train	100000	0.25
1789535538	7316	counted	train	100000	0.21
1789535538	7316	counted	train	100000	0.23
1789535538	7316	counted	train	100000	0.24
1789535539	7316	counted	train	100000	0.19
1789535539	7316	counted	train	100000	0.19
1789535539	7316	counted	train	100000	0.20
1789535539	7316	counted	train	100000	0.19
1789535540	7316	counted	train	100000	0.20
1789535540	7316	counted	train	100000	0.20
1789535540	7316	counted	train	100000	0.20
1789535540	7316	counted	train	100000	0.17
1789535541	7316	counted	train	100000	0.19
1789535541	7316	counted	train	100000	0.19
1789535541	7316	counted	train	100000	0.33
1789535541	7316	counted	train	100000	0.31
1789535542	7316	counted	train	100000	0.33
1789535542	7316	counted	train	100000	0.31
1789535543	7316	counted	train	100000	0.29
1789535543	7316	counted	train	100000	0.30
1789535543	7316	counted	train	100000	0.31
1789535544	7316	counted	train	100000	0.28
1789535544	7316	counted	train	100000	0.30
1789535544	7316	counted	train	100000	0.31
1789535545	7316	counted	train	100000	0.33
1789535545	7316	counted	train	100000	0.31
1789535545	7316	counted	train	100000	0.33
1789535546	7316	counted	train	100000	0.33
1789535546	7316	counted	train	100000	0.31
1789535547	7316	counted	train	100000	0.33
1789535547	7316	counted	train	100000	0.32
1789535547	7316	counted	train	100000	0.29
1789535548	7316	counted	train	100000	0.30
1789535548	7316	counted	train	100000	0.32
1789535548	7316	counted	train	100000	0.32
1789535549	7316	counted	train	100000	0.31
1789535549	7316	counted	train	100000	0.35
1789535550	7316	counted	train	100000	0.33
1789535550	7316	counted	train	100000	0.33
1789535550	7316	counted	train	100000	0.34
1789535551	7316	counted	train	100000	0.34
1789535551	7316	counted	train	100000	0.30
1789535551	7316	counted	train	100000	0.30
1789535552	7316	counted	train	100000	0.35
1789535552	7316	counted	train	100000	0.33
1789535553	7316	counted	train	100000	0.31
1789535553	7316	counted	train	100000	0.33
1789535553	7316	counted	train	100000	0.33
1789535554	7316	counted	train	100000	0.32
1789535554	7316	counted	train	100000	0.31
1789535554	7316	counted	train	100000	0.32
1789535555	7316	counted	train	100000	0.29
1789535555	7316	counted	train	100000	0.30
1789535555	7316	counted	train	100000	0.30
1789535556	7316	counted	train	100000	0.27
1789535556	7316	counted	train	100000	0.26
1789535556	7316	counted	train	100000	0.28
1789535557	7316	counted	train	100000	0.27
1789535557	7316	counted	train	100000	0.27
1789535557	7316	counted	train	100000	0.29
1789535558	7316	counted	train	100000	0.27
1789535558	7316	counted	train	100000	0.23
1789535558	7316	counted	train	100000	0.24
1789535559	7316	counted	train	100000	0.27
1789535559	7316	counted	train	100000	0.22
1789535559	7316	counted	train	100000	0.21
1789535559	7316	counted	train	100000	0.23
1789535560	7316	counted	train	100000	0.22
1789535560	7316	counted	train	100000	0.21
1789535560	7316	counted	train	100000	0.21
1789535560	7316	counted	train	100000	0.22
1789535561	7316	counted	train	100000	0.21
1789535561	7316	counted	train	100000	0.21
1789535561	7316	counted	train	100000	0.21
1789535561	7316	counted	train	100000	0.19
1789535562	7316	counted	train	100000	0.16
1789535562	7316	counted	train	100000	0.18
1789535562	7316	counted	train	100000	0.17
1789535562	7316	counted	train	100000	0.16
1789535563	7316	counted	train	100000	0.17
1789535563	7316	counted	train	100000	0.17
1789535563	7316	counted	train	100000	0.15
1789535563	7316	counted	train	100000	0.16
1789535563	7316	counted	train	100000	0.17
1789535596	7365	uncounted	train	100000	0.30
1789535597	7365	uncounted	train	100000	0.26
1789535597	7365	uncounted	train	100000	0.20
1789535597	7365	uncounted	train	100000	0.29
1789535598	7365	uncounted	train	100000	0.31
1789535598	7365	uncounted	train	100000	0.31
1789535598	7365	uncounted	train	100000	0.33
1789535599	7365	uncounted	train	100000	0.25
1789535599	7365	uncounted	train	100000	0.20
1789535599	7365	uncounted	train	100000	0.17
1789535600	7365	uncounted	train	100000	0.31
1789535600	7365	uncounted	train	100000	0.24
1789535601	7365	uncounted	train	100000	0.20
1789535601	7365	uncounted	train	100000	0.33
1789535601	7365	uncounted	train	100000	0.32
1789535602	7365	uncounted	train	100000	0.32
1789535602	7365	uncounted	train	100000	0.33
1789535603	7365	uncounted	train	100000	0.27
1789535603	7365	uncounted	train	100000	0.21
1789535603	7365	uncounted	train	100000	0.18
1789535604	7365	uncounted	train	100000	0.31
1789535604	7365	uncounted	train	100000	0.23
1789535604	7365	uncounted	train	100000	0.20
1789535605	7365	uncounted	train	100000	0.30
1789535605	7365	uncounted	train	100000	0.29
1789535606	7365	uncounted	train	100000	0.31
1789535606	7365	uncounted	train	100000	0.30
1789535606	7365	uncounted	train	100000	0.26
1789535607	7365	uncounted	train	100000	0.20
1789535607	7365	uncounted	train	100000	0.16
1789535608	7365	uncounted	train	100000	0.33
1789535608	7365	uncounted	train	100000	0.25
1789535608	7365	uncounted	train	100000	0.20
1789535609	7365	uncounted	train	100000	0.32
1789535609	7365	uncounted	train	100000	0.33
1789535610	7365	uncounted	train	100000	0.33
1789535610	7365	uncounted	train	100000	0.31
1789535610	7365	uncounted	train	100000	0.26
1789535611	7365	uncounted	train	100000	0.23
1789535611	7365	uncounted	train	100000	0.16
1789535612	7365	uncounted	train	100000	0.31
1789535612	7365	uncounted	train	100000	0.24
1789535612	7365	uncounted	train	100000	0.21
1789535613	7365	uncounted	train	100000	0.32
1789535613	7365	uncounted	train	100000	0.32
1789535614	7365	uncounted	train	100000	0.32
1789535614	7365	uncounted	train	100000	0.32
1789535614	7365	uncounted	train	100000	0.26
1789535615	7365	uncounted	train	100000	0.21
1789535615	7365	uncounted	train	100000	0.16
1789535615	7365	uncounted	train	100000	0.30
1789535616	7365	uncounted	train	100000	0.23
1789535616	7365	uncounted	train	100000	0.21
1789535616	7365	uncounted	train	100000	0.31
1789535617	7365	uncounted	train	100000	0.31
1789535617	7365	uncounted	train	100000	0.30
1789535618	7365	uncounted	train	100000	0.30
1789535618	7365	uncounted	train	100000	0.26
1789535618	7365	uncounted	train	100000	0.21
1789535619	7365	uncounted	train	100000	0.16
1789535619	7365	uncounted	train	100000	0.31
1789535620	7365	uncounted	train	100000	0.23
1789535620	7365	uncounted	train	100000	0.20
1789535620	7365	uncounted	train	100000	0.30
1789535621	7365	uncounted	train	100000	0.31
1789535621	7365	uncounted	train	100000	0.30
1789535622	7365	uncounted	train	100000	0.32
1789535622	7365	uncounted	train	100000	0.25
1789535622	7365	uncounted	train	100000	0.21
1789535623	7365	uncounted	train	100000	0.16
1789535623	7365	uncounted	train	100000	0.30
1789535624	7365	uncounted	train	100000	0.23
1789535624	7365	uncounted	train	100000	0.20
1789535625	7365	uncounted	train	100000	0.31
1789535625	7365	uncounted	train	100000	0.32
1789535625	7365	uncounted	train	100000	0.32
1789535626	7365	uncounted	train	100000	0.32
1789535626	7365	uncounted	train	100000	0.26
1789535627	7365	uncounted	train	100000	0.21
1789535627	7365	uncounted	train	100000	0.16
1789535628	7365	uncounted	train	100000	0.30
1789535628	7365	uncounted	train	100000	0.24
1789535628	7365	uncounted	train	100000	0.20
1789535629	7365	uncounted	train	100000	0.30
1789535629	7365	uncounted	train	100000	0.31
1789535630	7365	uncounted	train	100000	0.32
1789535630	7365	uncounted	train	100000	0.31
1789535631	7365	uncounted	train	100000	0.33
1789535631	7365	uncounted	train	100000	0.21
1789535631	7365	uncounted	train	100000	0.16
1789535632	7365	uncounted	train	100000	0.33
1789535632	7365	uncounted	train	100000	0.25
1789535633	7365	uncounted	train	100000	0.20
1789535633	7365	uncounted	train	100000	0.31
1789535633	7365	uncounted	train	100000	0.32
1789535634	7365	uncounted	train	100000	0.34
1789535634	7365	uncounted	train	100000	0.32
1789535635	7365	uncounted	train	100000	0.27
1789535635	7365	uncounted	train	100000	0.21
1789535635	7365	uncounted	train	100000	0.17
1789535636	7365	uncounted	train	100000	0.30
1789535636	7365	uncounted	train	100000	0.24
1789535636	7365	uncounted	train	100000	0.19
1789535637	7365	uncounted	train	100000	0.30
1789535637	7365	uncounted	train	100000	0.30
1789535638	7365	uncounted	train	100000	0.31
1789535638	7365	uncounted	train	100000	0.30
1789535638	7365	uncounted	train	100000	0.25
1789535639	7365	uncounted	train	100000	0.20
1789535639	7365	uncounted	train	100000	0.16
1789535639	7365	uncounted	train	100000	0.30
1789535640	7365	uncounted	train	100000	0.25
1789535640	7365	uncounted	train	100000	0.20
1789535640	7365	uncounted	train	100000	0.31
1789535641	7365	uncounted	train	100000	0.31
1789535641	7365	uncounted	train	100000	0.30
1789535642	7365	uncounted	train	100000	0.31
1789535642	7365	uncounted	train	100000	0.32
1789535642	7365	uncounted	train	100000	0.32
1789535643	7365	uncounted	train	100000	0.32
1789535643	7365	uncounted	train	100000	0.31
1789535644	7365	uncounted	train	100000	0.26
1789535644	7365	uncounted	train	100000	0.21
1789535644	7365	uncounted	train	100000	0.16
1789535645	7365	uncounted	train	100000	0.30
1789535645	7365	uncounted	train	100000	0.24
1789535645	7365	uncounted	train	100000	0.20
1789535646	7365	uncounted	train	100000	0.32
1789535646	7365	uncounted	train	100000	0.31
1789535647	7365	uncounted	train	100000	0.31
1789535647	7365	uncounted	train	100000	0.31
1789535648	7365	uncounted	train	100000	0.34
1789535648	7365	uncounted	train	100000	0.34
1789535649	7365	uncounted	train	100000	0.34
1789535649	7365	uncounted	train	100000	0.33
1789535649	7365	uncounted	train	100000	0.26
1789535650	7365	uncounted	train	100000	0.21
1789535650	7365	uncounted	train	100000	0.16
1789535650	7365	uncounted	train	100000	0.30
1789535651	7365	uncounted	train	100000	0.23
1789535651	7365	uncounted	train	100000	0.19
1789535651	7365	uncounted	train	100000	0.30
1789535652	7365	uncounted	train	100000	0.30
1789535652	7365	uncounted	train	100000	0.31
1789535653	7365	uncounted	train	100000	0.34
1789535653	7365	uncounted	train	100000	0.32
1789535654	7365	uncounted	train	100000	0.33
1789535654	7365	uncounted	train	100000	0.32
1789535654	7365	uncounted	train	100000	0.31
1789535655	7365	uncounted	train	100000	0.24
1789535655	7365	uncounted	train	100000	0.21
1789535655	7365	uncounted	train	100000	0.16
1789535656	7365	uncounted	train	100000	0.32
1789535656	7365	uncounted	train	100000	0.26
1789535657	7365	uncounted	train	100000	0.22
1789535657	7365	uncounted	train	100000	0.34
1789535658	7365	uncounted	train	100000	0.32
1789535658	7365	uncounted	train	100000	0.33
1789535658	7365	uncounted	train	100000	0.32
1789535659	7365	uncounted	train	100000	0.33
1789535659	7365	uncounted	train	100000	0.34
1789535660	7365	uncounted	train	100000	0.33
1789535660	7365	uncounted	train	100000	0.34
1789535661	7365	uncounted	train	100000	0.28
1789535661	7365	uncounted	train	100000	0.21
1789535661	7365	uncounted	train	100000	0.17
1789535662	7365	uncounted	train	100000	0.31
1789535662	7365	uncounted	train	100000	0.24
1789535663	7365	uncounted	train	100000	0.19
1789535663	7365	uncounted	train	100000	0.31
1789535663	7365	uncounted	train	100000	0.31
1789535664	7365	uncounted	train	100000	0.32
1789535664	7365	uncounted	train	100000	0.32
1789535665	7365	uncounted	train	100000	0.32
1789535665	7365	uncounted	train	100000	0.32
1789535666	7365	uncounted	train	100000	0.32
1789535666	7365	uncounted	train	100000	0.32
1789535666	7365	uncounted	train	100000	0.25
1789535667	7365	uncounted	train	100000	0.21
1789535667	7365	uncounted	train	100000	0.17
1789535668	7365	uncounted	train	100000	0.30
1789535668	7365	uncounted	train	100000	0.24
1789535668	7365	uncounted	train	100000	0.20
1789535669	7365	uncounted	train	100000	0.32
1789535669	7365	uncounted	train	100000	0.29
1789535669	7365	uncounted	train	100000	0.29
1789535670	7365	uncounted	train	100000	0.30
1789535670	7365	uncounted	train	100000	0.31
1789535671	7365	uncounted	train	100000	0.31
1789535671	7365	uncounted	train	100000	0.31
1789535672	7365	uncounted	train	100000	0.33
1789535672	7365	uncounted	train	100000	0.26
1789535672	7365	uncounted	train	100000	0.21
1789535672	7365	uncounted	train	100000	0.16
1789535673	7365	uncounted	train	100000	0.30
1789535673	7365	uncounted	train	100000	0.24
1789535674	7365	uncounted	train	100000	0.20
1789535674	7365	uncounted	train	100000	0.30
1789535675	7365	uncounted	train	100000	0.31
1789535675	7365	uncounted	train	100000	0.32
1789535675	7365	uncounted	train	100000	0.31
1789535676	7365	uncounted	train	100000	0.32
1789535676	7365	uncounted	train	100000	0.33
1789535677	7365	uncounted	train	100000	0.33
1789535677	7365	uncounted	train	100000	0.31
1789535678	7365	uncounted	train	100000	0.26
1789535678	7365	uncounted	train	100000	0.22
1789535678	7365	uncounted	train	100000	0.17
1789535679	7365	uncounted	train	100000	0.33
1789535679	7365	uncounted	train	100000	0.26
1789535680	7365	uncounted	train	100000	0.22
1789535680	7365	uncounted	train	100000	0.33
1789535681	7365	uncounted	train	100000	0.32
1789535681	7365	uncounted	train	100000	0.33
1789535682	7365	uncounted	train	100000	0.32
1789535682	7365	uncounted	train	100000	0.34
1789535683	7365	uncounted	train	100000	0.36
1789535683	7365	uncounted	train	100000	0.36
1789535684	7365	uncounted	train	100000	0.35
1789535684	7365	uncounted	train	100000	0.27
1789535684	7365	uncounted	train	100000	0.22
1789535685	7365	uncounted	train	100000	0.18
1789535686	7365	uncounted	train	100000	0.31
1789535686	7365	uncounted	train	100000	0.25
1789535686	7365	uncounted	train	100000	0.21
1789535687	7365	uncounted	train	100000	0.31
1789535687	7365	uncounted	train	100000	0.31
1789535687	7365	uncounted	train	100000	0.32
1789535688	7365	uncounted	train	100000	0.32
1789535688	7365	uncounted	train	100000	0.33
1789535689	7365	uncounted	train	100000	0.32
1789535689	7365	uncounted	train	100000	0.33
1789535690	7365	uncounted	train	100000	0.32
1789535690	7365	uncounted	train	100000	0.26
1789535690	7365	uncounted	train	100000	0.21
1789535691	7365	uncounted	train	100000	0.17
1789535691	7365	uncounted	train	100000	0.32
1789535692	7365	uncounted	train	100000	0.24
1789535692	7365	uncounted	train	100000	0.20
1789535692	7365	uncounted	train	100000	0.31
1789535693	7365	uncounted	train	100000	0.31
1789535693	7365	uncounted	train	100000	0.30
1789535694	7365	uncounted	train	100000	0.31
1789535694	7365	uncounted	train	100000	0.31
1789535694	7365	uncounted	train	100000	0.32
1789535695	7365	uncounted	train	100000	0.33
1789535695	7365	uncounted	train	100000	0.32
1789535696	7365	uncounted	train	100000	0.25
1789535696	7365	uncounted	train	100000	0.21
1789535696	7365	uncounted	train	100000	0.17
1789535697	7365	uncounted	train	100000	0.29
1789535697	7365	uncounted	train	100000	0.22
1789535697	7365	uncounted	train	100000	0.20
1789535698	7365	uncounted	train	100000	0.30
1789535698	7365	uncounted	train	100000	0.30
1789535699	7365	uncounted	train	100000	0.31
1789535699	7365	uncounted	train	100000	0.32
1789535699	7365	uncounted	train	100000	0.31
1789535700	7365	uncounted	train	100000	0.33
1789535700	7365	uncounted	train	100000	0.33
1789535701	7365	uncounted	train	100000	0.32
1789535701	7365	uncounted	train	100000	0.26
1789535701	7365	uncounted	train	100000	0.22
1789535702	7365	uncounted	train	100000	0.17
1789535702	7365	uncounted	train	100000	0.32
1789535703	7365	uncounted	train	100000	0.24
1789535703	7365	uncounted	train	100000	0.21
1789535703	7365	uncounted	train	100000	0.32
1789535704	7365	uncounted	train	100000	0.32
1789535704	7365	uncounted	train	100000	0.31
1789535705	7365	uncounted	train	100000	0.32
1789535705	7365	uncounted	train	100000	0.32
1789535705	7365	uncounted	train	100000	0.28
1789535706	7365	uncounted	train	100000	0.22
1789535706	7365	uncounted	train	100000	0.34
1789535707	7365	uncounted	train	100000	0.35
1789535707	7365	uncounted	train	100000	0.33
1789535708	7365	uncounted	train	100000	0.34
1789535708	7365	uncounted	train	100000	0.42
1789535709	7365	uncounted	train	100000	0.25
1789535709	7365	uncounted	train	100000	0.21
1789535709	7365	uncounted	train	100000	0.33
1789535710	7365	uncounted	train	100000	0.33
1789535710	7365	uncounted	train	100000	0.32
1789535711	7365	uncounted	train	100000	0.32
1789535711	7365	uncounted	train	100000	0.35
1789535712	7365	uncounted	train	100000	0.28
1789535712	7365	uncounted	train	100000	0.22
1789535713	7365	uncounted	train	100000	0.33
1789535713	7365	uncounted	train	100000	0.34
1789535714	7365	uncounted	train	100000	0.63
1789535714	7365	uncounted	train	100000	0.32
1789535715	7365	uncounted	train	100000	0.32
1789535715	7365	uncounted	train	100000	0.22
1789535716	7365	uncounted	train	100000	0.19
1789535716	7365	uncounted	train	100000	0.30
1789535716	7365	uncounted	train	100000	0.30
1789535717	7365	uncounted	train	100000	0.30
1789535717	7365	uncounted	train	100000	0.31
1789535718	7365	uncounted	train	100000	0.30
1789535718	7365	uncounted	train	100000	0.23
1789535718	7365	uncounted	train	100000	0.19
1789535719	7365	uncounted	train	100000	0.32
1789535719	7365	uncounted	train	100000	0.29
1789535720	7365	uncounted	train	100000	0.29
1789535720	7365	uncounted	train	100000	0.30
1789535721	7365	uncounted	train	100000	0.30
1789535721	7365	uncounted	train	100000	0.23
1789535721	7365	uncounted	train	100000	0.20
1789535722	7365	uncounted	train	100000	0.30
1789535722	7365	uncounted	train	100000	0.31
1789535723	7365	uncounted	train	100000	0.32
1789535723	7365	uncounted	train	100000	0.30
1789535724	7365	uncounted	train	100000	0.30
1789535724	7365	uncounted	train	100000	0.23
1789535725	7365	uncounted	train	100000	0.20
1789535725	7365	uncounted	train	100000	0.32
1789535725	7365	uncounted	train	100000	0.32
1789535726	7365	uncounted	train	100000	0.31
1789535726	7365	uncounted	train	100000	0.30
1789535727	7365	uncounted	train	100000	0.29
1789535728	7365	uncounted	train	100000	0.21
1789535728	7365	uncounted	train	100000	0.18
1789535728	7365	uncounted	train	100000	0.28
1789535729	7365	uncounted	train	100000	0.30
1789535729	7365	uncounted	train	100000	0.29
1789535730	7365	uncounted	train	100000	0.29
1789535730	7365	uncounted	train	100000	0.30
1789535730	7365	uncounted	train	100000	0.23
1789535731	7365	uncounted	train	100000	0.19
1789535731	7365	uncounted	train	100000	0.29
1789535732	7365	uncounted	train	100000	0.29
1789535732	7365	uncounted	train	100000	0.29
1789535732	7365	uncounted	train	100000	0.29
1789535733	7365	uncounted	train	100000	0.29
1789535733	7365	uncounted	train	100000	0.22
1789535733	7365	uncounted	train	100000	0.18
1789535734	7365	uncounted	train	100000	0.29
1789535734	7365	uncounted	train	100000	0.28
1789535735	7365	uncounted	train	100000	0.28
1789535735	7365	uncounted	train	100000	0.28
1789536024	7428	counted	train	100000	0.31
1789536025	7428	counted	train	100000	0.32
1789536025	7428	counted	train	100000	0.31
1789536026	7428	counted	train	100000	0.34
1789536026	7428	counted	train	100000	0.31
1789536026	7428	counted	train	100000	0.31
1789536027	7428	counted	train	100000	0.32
1789536027	7428	counted	train	100000	0.31
1789536027	7428	counted	train	100000	0.30
1789536028	7428	counted	train	100000	0.30
1789536028	7428	counted	train	100000	0.29
1789536028	7428	counted	train	100000	0.23
1789536029	7428	counted	train	100000	0.24
1789536029	7428	counted	train	100000	0.24
1789536029	7428	counted	train	100000	0.25
1789536030	7428	counted	train	100000	0.25
1789536030	7428	counted	train	100000	0.24
1789536030	7428	counted	train	100000	0.24
1789536030	7428	counted	train	100000	0.26
1789536031	7428	counted	train	100000	0.22
1789536031	7428	counted	train	100000	0.24
1789536031	7428	counted	train	100000	0.23
1789536031	7428	counted	train	100000	0.20
1789536032	7428	counted	train	100000	0.21
1789536032	7428	counted	train	100000	0.21
1789536032	7428	counted	train	100000	0.22
1789536033	7428	counted	train	100000	0.22
1789536033	7428	counted	train	100000	0.21
1789536033	7428	counted	train	100000	0.20
1789536033	7428	counted	train	100000	0.21
1789536034	7428	counted	train	100000	0.19
1789536034	7428	counted	train	100000	0.20
1789536034	7428	counted	train	100000	0.18
1789536034	7428	counted	train	100000	0.30
1789536035	7428	counted	train	100000	0.32
1789536035	7428	counted	train	100000	0.30
1789536036	7428	counted	train	100000	0.33
1789536036	7428	counted	train	100000	0.31
1789536036	7428	counted	train	100000	0.30
1789536037	7428	counted	train	100000	0.32
1789536037	7428	counted	train	100000	0.32
1789536037	7428	counted	train	100000	0.30
1789536038	7428	counted	train	100000	0.32
1789536038	7428	counted	train	100000	0.29
1789536038	7428	counted	train	100000	0.30
1789536039	7428	counted	train	100000	0.31
1789536039	7428	counted	train	100000	0.29
1789536039	7428	counted	train	100000	0.33
1789536040	7428	counted	train	100000	0.32
1789536040	7428	counted	train	100000	0.29
1789536040	7428	counted	train	100000	0.31
1789536041	7428	counted	train	100000	0.31
1789536041	7428	counted	train	100000	0.29
1789536042	7428	counted	train	100000	0.30
1789536042	7428	counted	train	100000	0.29
1789536042	7428	counted	train	100000	0.30
1789536043	7428	counted	train	100000	0.31
1789536043	7428	counted	train	100000	0.30
1789536043	7428	counted	train	100000	0.33
1789536044	7428	counted	train	100000	0.31
1789536044	7428	counted	train	100000	0.32
1789536044	7428	counted	train	100000	0.31
1789536045	7428	counted	train	100000	0.32
1789536045	7428	counted	train	100000	0.29
1789536045	7428	counted	train	100000	0.30
1789536046	7428	counted	train	100000	0.29
1789536046	7428	counted	train	100000	0.30
1789536047	7428	counted	train	100000	0.32
1789536047	7428	counted	train	100000	0.29
1789536047	7428	counted	train	100000	0.32
1789536048	7428	counted	train	100000	0.32
1789536048	7428	counted	train	100000	0.29
1789536048	7428	counted	train	100000	0.30
1789536049	7428	counted	train	100000	0.33
1789536049	7428	counted	train	100000	0.29
1789536049	7428	counted	train	100000	0.31
1789536050	7428	counted	train	100000	0.29
1789536050	7428	counted	train	100000	0.23
1789536050	7428	counted	train	100000	0.24
1789536051	7428	counted	train	100000	0.24
1789536051	7428	counted	train	100000	0.26
1789536051	7428	counted	train	100000	0.26
1789536051	7428	counted	train	100000	0.27
1789536052	7428	counted	train	100000	0.26
1789536052	7428	counted	train	100000	0.26
1789536052	7428	counted	train	100000	0.23
1789536053	7428	counted	train	100000	0.25
1789536053	7428	counted	train	100000	0.23
1789536053	7428	counted	train	100000	0.19
1789536053	7428	counted	train	100000	0.21
1789536054	7428	counted	train	100000	0.20
1789536054	7428	counted	train	100000	0.22
1789536054	7428	counted	train	100000	0.21
1789536054	7428	counted	train	100000	0.20
1789536055	7428	counted	train	100000	0.20
1789536055	7428	counted	train	100000	0.21
1789536055	7428	counted	train	100000	0.19
1789536055	7428	counted	train	100000	0.22
1789536056	7428	counted	train	100000	0.20
1789536056	7428	counted	train	100000	0.17
1789536056	7428	counted	train	100000	0.16
1789536056	7428	counted	train	100000	0.16
1789536057	7428	counted	train	100000	0.16
1789536057	7428	counted	train	100000	0.15
1789536057	7428	counted	train	100000	0.15
1789536057	7428	counted	train	100000	0.16
1789536057	7428	counted	train	100000	0.15
1789536058	7428	counted	train	100000	0.15
1789536058	7428	counted	train	100000	0.15
1789536058	7428	counted	train	100000	0.15
1789536086	7464	uncounted	train	100000	0.28
1789536087	7464	uncounted	train	100000	0.24
1789536087	7464	uncounted	train	100000	0.20
1789536087	7464	uncounted	train	100000	0.31
1789536088	7464	uncounted	train	100000	0.33
1789536089	7464	uncounted	train	100000	0.80
1789536089	7464	uncounted	train	100000	0.32
1789536089	7464	uncounted	train	100000	0.26
1789536090	7464	uncounted	train	100000	0.20
1789536090	7464	uncounted	train	100000	0.18
1789536091	7464	uncounted	train	100000	0.32
1789536091	7464	uncounted	train	100000	0.25
1789536091	7464	uncounted	train	100000	0.21
1789536092	7464	uncounted	train	100000	0.32
1789536092	7464	uncounted	train	100000	0.32
1789536093	7464	uncounted	train	100000	0.31
1789536093	7464	uncounted	train	100000	0.32
1789536093	7464	uncounted	train	100000	0.26
1789536094	7464	uncounted	train	100000	0.21
1789536094	7464	uncounted	train	100000	0.17
1789536095	7464	uncounted	train	100000	0.31
1789536095	7464	uncounted	train	100000	0.24
1789536095	7464	uncounted	train	100000	0.20
1789536096	7464	uncounted	train	100000	0.31
1789536096	7464	uncounted	train	100000	0.32
1789536096	7464	uncounted	train	100000	0.33
1789536097	7464	uncounted	train	100000	0.30
1789536097	7464	uncounted	train	100000	0.25
1789536097	7464	uncounted	train	100000	0.20
1789536098	7464	uncounted	train	100000	0.17
1789536098	7464	uncounted	train	100000	0.34
1789536099	7464	uncounted	train	100000	0.27
1789536099	7464	uncounted	train	100000	0.22
1789536100	7464	uncounted	train	100000	0.33
1789536100	7464	uncounted	train	100000	0.33
1789536100	7464	uncounted	train	100000	0.34
1789536101	7464	uncounted	train	100000	0.34
1789536101	7464	uncounted	train	100000	0.27
1789536102	7464	uncounted	train	100000	0.23
1789536102	7464	uncounted	train	100000	0.17
1789536103	7464	uncounted	train	100000	0.32
1789536103	7464	uncounted	train	100000	0.26
1789536103	7464	uncounted	train	100000	0.20
1789536104	7464	uncounted	train	100000	0.32
1789536104	7464	uncounted	train	100000	0.31
1789536104	7464	uncounted	train	100000	0.32
1789536105	7464	uncounted	train	100000	0.32
1789536105	7464	uncounted	train	100000	0.26
1789536106	7464	uncounted	train	100000	0.21
1789536106	7464	uncounted	train	100000	0.17
1789536106	7464	uncounted	train	100000	0.31
1789536107	7464	uncounted	train	100000	0.25
1789536107	7464	uncounted	train	100000	0.20
1789536107	7464	uncounted	train	100000	0.32
1789536108	7464	uncounted	train	100000	0.31
1789536108	7464	uncounted	train	100000	0.31
1789536109	7464	uncounted	train	100000	0.31
1789536109	7464	uncounted	train	100000	0.27
1789536109	7464	uncounted	train	100000	0.21
1789536110	7464	uncounted	train	100000	0.16
1789536110	7464	uncounted	train	100000	0.32
1789536111	7464	uncounted	train	100000	0.26
1789536111	7464	uncounted	train	100000	0.21
1789536111	7464	uncounted	train	100000	0.31
1789536112	7464	uncounted	train	100000	0.32
1789536112	7464	uncounted	train	100000	0.32
1789536113	7464	uncounted	train	100000	0.31
1789536113	7464	uncounted	train	100000	0.27
1789536113	7464	uncounted	train	100000	0.21
1789536114	7464	uncounted	train	100000	0.17
1789536115	7464	uncounted	train	100000	0.31
1789536115	7464	uncounted	train	100000	0.23
1789536115	7464	uncounted	train	100000	0.20
1789536116	7464	uncounted	train	100000	0.31
1789536116	7464	uncounted	train	100000	0.30
1789536117	7464	uncounted	train	100000	0.30
1789536117	7464	uncounted	train	100000	0.31
1789536117	7464	uncounted	train	100000	0.24
1789536118	7464	uncounted	train	100000	0.22
1789536118	7464	uncounted	train	100000	0.16
1789536119	7464	uncounted	train	100000	0.31
1789536119	7464	uncounted	train	100000	0.23
1789536120	7464	uncounted	train	100000	0.21
1789536120	7464	uncounted	train	100000	0.32
1789536120	7464	uncounted	train	100000	0.31
1789536121	7464	uncounted	train	100000	0.34
1789536121	7464	uncounted	train	100000	0.32
1789536122	7464	uncounted	train	100000	0.25
1789536122	7464	uncounted	train	100000	0.22
1789536122	7464	uncounted	train	100000	0.17
1789536123	7464	uncounted	train	100000	0.33
1789536123	7464	uncounted	train	100000	0.26
1789536124	7464	uncounted	train	100000	0.22
1789536124	7464	uncounted	train	100000	0.31
1789536124	7464	uncounted	train	100000	0.32
1789536125	7464	uncounted	train	100000	0.33
1789536125	7464	uncounted	train	100000	0.33
1789536126	7464	uncounted	train	100000	0.27
1789536126	7464	uncounted	train	100000	0.22
1789536126	7464	uncounted	train	100000	0.19
1789536127	7464	uncounted	train	100000	0.30
1789536127	7464	uncounted	train	100000	0.24
1789536127	7464	uncounted	train	100000	0.20
1789536128	7464	uncounted	train	100000	0.30
1789536128	7464	uncounted	train	100000	0.32
1789536129	7464	uncounted	train	100000	0.31
1789536129	7464	uncounted	train	100000	0.30
1789536130	7464	uncounted	train	100000	0.26
1789536130	7464	uncounted	train	100000	0.21
1789536130	7464	uncounted	train	100000	0.16
1789536131	7464	uncounted	train	100000	0.32
1789536131	7464	uncounted	train	100000	0.24
1789536131	7464	uncounted	train	100000	0.20
1789536132	7464	uncounted	train	100000	0.32
1789536132	7464	uncounted	train	100000	0.31
1789536132	7464	uncounted	train	100000	0.31
1789536133	7464	uncounted	train	100000	0.31
1789536133	7464	uncounted	train	100000	0.25
1789536133	7464	uncounted	train	100000	0.20
1789536134	7464	uncounted	train	100000	0.16
1789536134	7464	uncounted	train	100000	0.31
1789536135	7464	uncounted	train	100000	0.25
1789536135	7464	uncounted	train	100000	0.20
1789536135	7464	uncounted	train	100000	0.32
1789536136	7464	uncounted	train	100000	0.34
1789536136	7464	uncounted	train	100000	0.32
1789536137	7464	uncounted	train	100000	0.32
1789536137	7464	uncounted	train	100000	0.26
1789536137	7464	uncounted	train	100000	0.21
1789536138	7464	uncounted	train	100000	0.17
1789536138	7464	uncounted	train	100000	0.30
1789536138	7464	uncounted	train	100000	0.25
1789536139	7464	uncounted	train	100000	0.20
1789536139	7464	uncounted	train	100000	0.31
1789536140	7464	uncounted	train	100000	0.31
1789536140	7464	uncounted	train	100000	0.31
1789536140	7464	uncounted	train	100000	0.31
1789536141	7464	uncounted	train	100000	0.25
1789536141	7464	uncounted	train	100000	0.21
1789536141	7464	uncounted	train	100000	0.16
1789536142	7464	uncounted	train	100000	0.33
1789536142	7464	uncounted	train	100000	0.26
1789536143	7464	uncounted	train	100000	0.21
1789536143	7464	uncounted	train	100000	0.32
1789536143	7464	uncounted	train	100000	0.33
1789536144	7464	uncounted	train	100000	0.34
1789536144	7464	uncounted	train	100000	0.33
1789536145	7464	uncounted	train	100000	0.27
1789536145	7464	uncounted	train	100000	0.22
1789536145	7464	uncounted	train	100000	0.17
1789536146	7464	uncounted	train	100000	0.31
1789536146	7464	uncounted	train	100000	0.24
1789536147	7464	uncounted	train	100000	0.20
1789536147	7464	uncounted	train	100000	0.32
1789536147	7464	uncounted	train	100000	0.31
1789536148	7464	uncounted	train	100000	0.31
1789536148	7464	uncounted	train	100000	0.31
1789536149	7464	uncounted	train	100000	0.26
1789536149	7464	uncounted	train	100000	0.21
1789536149	7464	uncounted	train	100000	0.16
1789536150	7464	uncounted	train	100000	0.31
1789536150	7464	uncounted	train	100000	0.24
1789536150	7464	uncounted	train	100000	0.20
1789536151	7464	uncounted	train	100000	0.31
1789536151	7464	uncounted	train	100000	0.30
1789536152	7464	uncounted	train	100000	0.31
1789536152	7464	uncounted	train	100000	0.32
1789536152	7464	uncounted	train	100000	0.27
1789536153	7464	uncounted	train	100000	0.21
1789536153	7464	uncounted	train	100000	0.17
1789536154	7464	uncounted	train	100000	0.32
1789536154	7464	uncounted	train	100000	0.25
1789536154	7464	uncounted	train	100000	0.21
1789536155	7464	uncounted	train	100000	0.32
1789536155	7464	uncounted	train	100000	0.31
1789536156	7464	uncounted	train	100000	0.32
1789536156	7464	uncounted	train	100000	0.33
1789536156	7464	uncounted	train	100000	0.27
1789536157	7464	uncounted	train	100000	0.22
1789536157	7464	uncounted	train	100000	0.17
1789536158	7464	uncounted	train	100000	0.33
1789536158	7464	uncounted	train	100000	0.26
1789536159	7464	uncounted	train	100000	0.21
1789536159	7464	uncounted	train	100000	0.33
1789536159	7464	uncounted	train	100000	0.33
1789536160	7464	uncounted	train	100000	0.33
1789536160	7464	uncounted	train	100000	0.33
1789536161	7464	uncounted	train	100000	0.27
1789536161	7464	uncounted	train	100000	0.21
1789536161	7464	uncounted	train	100000	0.17
1789536162	7464	uncounted	train	100000	0.30
1789536163	7464	uncounted	train	100000	0.24
1789536163	7464	uncounted	train	100000	0.19
1789536163	7464	uncounted	train	100000	0.30
1789536164	7464	uncounted	train	100000	0.30
1789536164	7464	uncounted	train	100000	0.31
1789536165	7464	uncounted	train	100000	0.31
1789536165	7464	uncounted	train	100000	0.25
1789536165	7464	uncounted	train	100000	0.20
1789536166	7464	uncounted	train	100000	0.17
1789536166	7464	uncounted	train	100000	0.31
1789536167	7464	uncounted	train	100000	0.25
1789536167	7464	uncounted	train	100000	0.20
1789536167	7464	uncounted	train	100000	0.31
1789536168	7464	uncounted	train	100000	0.32
1789536168	7464	uncounted	train	100000	0.32
1789536169	7464	uncounted	train	100000	0.32
1789536169	7464	uncounted	train	100000	0.27
1789536169	7464	uncounted	train	100000	0.21
1789536170	7464	uncounted	train	100000	0.18
1789536170	7464	uncounted	train	100000	0.30
1789536170	7464	uncounted	train	100000	0.24
1789536171	7464	uncounted	train	100000	0.20
1789536171	7464	uncounted	train	100000	0.30
1789536172	7464	uncounted	train	100000	0.30
1789536172	7464	uncounted	train	100000	0.32
1789536172	7464	uncounted	train	100000	0.30
1789536173	7464	uncounted	train	100000	0.26
1789536173	7464	uncounted	train	100000	0.20
1789536173	7464	uncounted	train	100000	0.16
1789536174	7464	uncounted	train	100000	0.31
1789536174	7464	uncounted	train	100000	0.25
1789536175	7464	uncounted	train	100000	0.20
1789536175	7464	uncounted	train	100000	0.32
1789536175	7464	uncounted	train	100000	0.30
1789536176	7464	uncounted	train	100000	0.31
1789536176	7464	uncounted	train	100000	0.31
1789536177	7464	uncounted	train	100000	0.25
1789536177	7464	uncounted	train	100000	0.20
1789536177	7464	uncounted	train	100000	0.16
1789536178	7464	uncounted	train	100000	0.30
1789536178	7464	uncounted	train	100000	0.23
1789536178	7464	uncounted	train	100000	0.20
1789536179	7464	uncounted	train	100000	0.31
1789536179	7464	uncounted	train	100000	0.32
1789536179	7464	uncounted	train	100000	0.30
1789536180	7464	uncounted	train	100000	0.33
1789536180	7464	uncounted	train	100000	0.25
1789536180	7464	uncounted	train	100000	0.20
1789536181	7464	uncounted	train	100000	0.16
1789536181	7464	uncounted	train	100000	0.31
1789536182	7464	uncounted	train	100000	0.24
1789536182	7464	uncounted	train	100000	0.20
1789536182	7464	uncounted	train	100000	0.32
1789536183	7464	uncounted	train	100000	0.32
1789536183	7464	uncounted	train	100000	0.32
1789536184	7464	uncounted	train	100000	0.33
1789536184	7464	uncounted	train	100000	0.27
1789536184	7464	uncounted	train	100000	0.22
1789536185	7464	uncounted	train	100000	0.17
1789536185	7464	uncounted	train	100000	0.32
1789536186	7464	uncounted	train	100000	0.25
1789536186	7464	uncounted	train	100000	0.20
1789536186	7464	uncounted	train	100000	0.32
1789536187	7464	uncounted	train	100000	0.33
1789536187	7464	uncounted	train	100000	0.32
1789536188	7464	uncounted	train	100000	0.32
1789536188	7464	uncounted	train	100000	0.27
1789536188	7464	uncounted	train	100000	0.23
1789536189	7464	uncounted	train	100000	0.17
1789536189	7464	uncounted	train	100000	0.33
1789536189	7464	uncounted	train	100000	0.26
1789536190	7464	uncounted	train	100000	0.22
1789536190	7464	uncounted	train	100000	0.33
1789536191	7464	uncounted	train	100000	0.34
1789536191	7464	uncounted	train	100000	0.33
1789536192	7464	uncounted	train	100000	0.36
1789536192	7464	uncounted	train	100000	0.28
1789536192	7464	uncounted	train	100000	0.22
1789536193	7464	uncounted	train	100000	0.18
1789536193	7464	uncounted	train	100000	0.32
1789536194	7464	uncounted	train	100000	0.27
1789536194	7464	uncounted	train	100000	0.21
1789536194	7464	uncounted	train	100000	0.33
1789536195	7464	uncounted	train	100000	0.33
1789536195	7464	uncounted	train	100000	0.33
1789536196	7464	uncounted	train	100000	0.34
1789536196	7464	uncounted	train	100000	0.26
1789536196	7464	uncounted	train	100000	0.21
1789536197	7464	uncounted	train	100000	0.17
1789536197	7464	uncounted	train	100000	0.31
1789536198	7464	uncounted	train	100000	0.26
1789536198	7464	uncounted	train	100000	0.21
1789536198	7464	uncounted	train	100000	0.32
1789536199	7464	uncounted	train	100000	0.32
1789536199	7464	uncounted	train	100000	0.32
1789536200	7464	uncounted	train	100000	0.32
1789536200	7464	uncounted	train	100000	0.27
1789536200	7464	uncounted	train	100000	0.21
1789536201	7464	uncounted	train	100000	0.17
1789536201	7464	uncounted	train	100000	0.32
1789536202	7464	uncounted	train	100000	0.26
1789536202	7464	uncounted	train	100000	0.20
1789536202	7464	uncounted	train	100000	0.32
1789536203	7464	uncounted	train	100000	0.34
1789536203	7464	uncounted	train	100000	0.34
1789536204	7464	uncounted	train	100000	0.32
1789536204	7464	uncounted	train	100000	0.27
1789536204	7464	uncounted	train	100000	0.21
1789536205	7464	uncounted	train	100000	0.17
1789536205	7464	uncounted	train	100000	0.34
1789536206	7464	uncounted	train	100000	0.27
1789536206	7464	uncounted	train	100000	0.23
1789536207	7464	uncounted	train	100000	0.33
1789536207	7464	uncounted	train	100000	0.33
1789536208	7464	uncounted	train	100000	0.33
1789536208	7464	uncounted	train	100000	0.33
1789536208	7464	uncounted	train	100000	0.27
1789536209	7464	uncounted	train	100000	0.22
1789536209	7464	uncounted	train	100000	0.18
1789536210	7464	uncounted	train	100000	0.29
1789536210	7464	uncounted	train	100000	0.21
1789536211	7464	uncounted	train	100000	0.19
1789536211	7464	uncounted	train	100000	0.29
1789536211	7464	uncounted	train	100000	0.29
1789536212	7464	uncounted	train	100000	0.28
1789536212	7464	uncounted	train	100000	0.29
1789536213	7464	uncounted	train	100000	0.24
1789536213	7464	uncounted	train	100000	0.20
1789536213	7464	uncounted	train	100000	0.16
1789536214	7464	uncounted	train	100000	0.31
1789536214	7464	uncounted	train	100000	0.24
1789536214	7464	uncounted	train	100000	0.20
1789536215	7464	uncounted	train	100000	0.30
1789536215	7464	uncounted	train	100000	0.29
1789536216	7464	uncounted	train	100000	0.30
1789536216	7464	uncounted	train	100000	0.30
1789536216	7464	uncounted	train	100000	0.23
1789536217	7464	uncounted	train	100000	0.21
1789536217	7464	uncounted	train	100000	0.16
1789536218	7464	uncounted	train	100000	0.29
1789536218	7464	uncounted	train	100000	0.22
1789536218	7464	uncounted	train	100000	0.19
1789536219	7464	uncounted	train	100000	0.29
1789536219	7464	uncounted	train	100000	0.29
1789536219	7464	uncounted	train	100000	0.27
1789536220	7464	uncounted	train	100000	0.27
1789536220	7464	uncounted	train	100000	0.22
1789536220	7464	uncounted	train	100000	0.18
1789536220	7464	uncounted	train	100000	0.14
1789536221	7464	uncounted	train	100000	0.31
1789536221	7464	uncounted	train	100000	0.24
1789536222	7464	uncounted	train	100000	0.20
1789536222	7464	uncounted	train	100000	0.31
1789536223	7464	uncounted	train	100000	0.32
1789536223	7464	uncounted	train	100000	0.30
1789536224	7464	uncounted	train	100000	0.31
1789536224	7464	uncounted	train	100000	0.24
1789536224	7464	uncounted	train	100000	0.21
1789536225	7464	uncounted	train	100000	0.16
1789536542	7763	counted	train	100000	0.33
1789536542	7763	counted	train	100000	0.35
1789536542	7763	counted	train	100000	0.33
1789536543	7763	counted	train	100000	0.34
1789536543	7763	counted	train	100000	0.32
1789536544	7763	counted	train	100000	0.32
1789536544	7763	counted	train	100000	0.33
1789536544	7763	counted	train	100000	0.32
1789536545	7763	counted	train	100000	0.29
1789536545	7763	counted	train	100000	0.34
1789536545	7763	counted	train	100000	0.33
1789536546	7763	counted	train	100000	0.32
1789536546	7763	counted	train	100000	0.23
1789536546	7763	counted	train	100000	0.26
1789536547	7763	counted	train	100000	0.26
1789536547	7763	counted	train	100000	0.28
1789536547	7763	counted	train	100000	0.25
1789536548	7763	counted	train	100000	0.26
1789536548	7763	counted	train	100000	0.27
1789536548	7763	counted	train	100000	0.27
1789536549	7763	counted	train	100000	0.22
1789536549	7763	counted	train	100000	0.25
1789536549	7763	counted	train	100000	0.28
1789536549	7763	counted	train	100000	0.25
1789536550	7763	counted	train	100000	0.20
1789536550	7763	counted	train	100000	0.21
1789536550	7763	counted	train	100000	0.21
1789536551	7763	counted	train	100000	0.23
1789536551	7763	counted	train	100000	0.21
1789536551	7763	counted	train	100000	0.21
1789536551	7763	counted	train	100000	0.21
1789536552	7763	counted	train	100000	0.23
1789536552	7763	counted	train	100000	0.19
1789536552	7763	counted	train	100000	0.21
1789536552	7763	counted	train	100000	0.21
1789536553	7763	counted	train	100000	0.21
1789536553	7763	counted	train	100000	0.34
1789536553	7763	counted	train	100000	0.34
1789536554	7763	counted	train	100000	0.33
1789536554	7763	counted	train	100000	0.33
1789536554	7763	counted	train	100000	0.32
1789536555	7763	counted	train	100000	0.33
1789536555	7763	counted	train	100000	0.35
1789536556	7763	counted	train	100000	0.35
1789536556	7763	counted	train	100000	0.30
1789536556	7763	counted	train	100000	0.32
1789536557	7763	counted	train	100000	0.32
1789536557	7763	counted	train	100000	0.31
1789536557	7763	counted	train	100000	0.31
1789536558	7763	counted	train	100000	0.33
1789536558	7763	counted	train	100000	0.32
1789536559	7763	counted	train	100000	0.33
1789536559	7763	counted	train	100000	0.32
1789536559	7763	counted	train	100000	0.32
1789536560	7763	counted	train	100000	0.32
1789536560	7763	counted	train	100000	0.33
1789536560	7763	counted	train	100000	0.31
1789536561	7763	counted	train	100000	0.33
1789536561	7763	counted	train	100000	0.31
1789536562	7763	counted	train	100000	0.30
1789536562	7763	counted	train	100000	0.30
1789536562	7763	counted	train	100000	0.32
1789536563	7763	counted	train	100000	0.31
1789536563	7763	counted	train	100000	0.35
1789536563	7763	counted	train	100000	0.33
1789536564	7763	counted	train	100000	0.31
1789536564	7763	counted	train	100000	0.33
1789536565	7763	counted	train	100000	0.33
1789536565	7763	counted	train	100000	0.30
1789536565	7763	counted	train	100000	0.31
1789536566	7763	counted	train	100000	0.32
1789536566	7763	counted	train	100000	0.30
1789536566	7763	counted	train	100000	0.32
1789536567	7763	counted	train	100000	0.34
1789536567	7763	counted	train	100000	0.32
1789536567	7763	counted	train	100000	0.35
1789536568	7763	counted	train	100000	0.33
1789536568	7763	counted	train	100000	0.32
1789536569	7763	counted	train	100000	0.34
1789536569	7763	counted	train	100000	0.34
1789536569	7763	counted	train	100000	0.30
1789536570	7763	counted	train	100000	0.32
1789536570	7763	counted	train	100000	0.33
1789536570	7763	counted	train	100000	0.31
1789536571	7763	counted	train	100000	0.26
1789536571	7763	counted	train	100000	0.27
1789536571	7763	counted	train	100000	0.27
1789536572	7763	counted	train	100000	0.29
1789536572	7763	counted	train	100000	0.27
1789536572	7763	counted	train	100000	0.28
1789536573	7763	counted	train	100000	0.27
1789536573	7763	counted	train	100000	0.27
1789536573	7763	counted	train	100000	0.24
1789536574	7763	counted	train	100000	0.26
1789536574	7763	counted	train	100000	0.27
1789536574	7763	counted	train	100000	0.26
1789536575	7763	counted	train	100000	0.21
1789536575	7763	counted	train	100000	0.23
1789536575	7763	counted	train	100000	0.21
1789536575	7763	counted	train	100000	0.24
1789536576	7763	counted	train	100000	0.21
1789536576	7763	counted	train	100000	0.21
1789536576	7763	counted	train	100000	0.21
1789536576	7763	counted	train	100000	0.22
1789536577	7763	counted	train	100000	0.19
1789536577	7763	counted	train	100000	0.21
1789536577	7763	counted	train	100000	0.20
1789536577	7763	counted	train	100000	0.20
1789536578	7763	counted	train	100000	0.16
1789536578	7763	counted	train	100000	0.17
1789536578	7763	counted	train	100000	0.16
1789536578	7763	counted	train	100000	0.18
1789536578	7763	counted	train	100000	0.18
1789536579	7763	counted	train	100000	0.17
1789536579	7763	counted	train	100000	0.17
1789536579	7763	counted	train	100000	0.17
1789536579	7763	counted	train	100000	0.15
1789536580	7763	counted	train	100000	0.17
1789536580	7763	counted	train	100000	0.17
1789536580	7763	counted	train	100000	0.16
1789536609	7825	counted	train	100000	0.29
1789536609	7825	counted	train	100000	0.32
1789536610	7825	counted	train	100000	0.29
1789536610	7825	counted	train	100000	0.31
1789536610	7825	counted	train	100000	0.29
1789536611	7825	counted	train	100000	0.30
1789536611	7825	counted	train	100000	0.31
1789536612	7825	counted	train	100000	0.30
1789536612	7825	counted	train	100000	0.27
1789536612	7825	counted	train	100000	0.29
1789536613	7825	counted	train	100000	0.27
1789536613	7825	counted	train	100000	0.21
1789536613	7825	counted	train	100000	0.24
1789536613	7825	counted	train	100000	0.22
1789536614	7825	counted	train	100000	0.23
1789536614	7825	counted	train	100000	0.23
1789536614	7825	counted	train	100000	0.23
1789536614	7825	counted	train	100000	0.24
1789536615	7825	counted	train	100000	0.23
1789536615	7825	counted	train	100000	0.22
1789536615	7825	counted	train	100000	0.25
1789536616	7825	counted	train	100000	0.21
1789536616	7825	counted	train	100000	0.18
1789536616	7825	counted	train	100000	0.19
1789536616	7825	counted	train	100000	0.19
1789536617	7825	counted	train	100000	0.21
1789536617	7825	counted	train	100000	0.19
1789536617	7825	counted	train	100000	0.19
1789536617	7825	counted	train	100000	0.21
1789536618	7825	counted	train	100000	0.20
1789536618	7825	counted	train	100000	0.18
1789536618	7825	counted	train	100000	0.19
1789536618	7825	counted	train	100000	0.18
1789536619	7825	counted	train	100000	0.30
1789536619	7825	counted	train	100000	0.31
1789536619	7825	counted	train	100000	0.29
1789536620	7825	counted	train	100000	0.30
1789536620	7825	counted	train	100000	0.31
1789536620	7825	counted	train	100000	0.30
1789536621	7825	counted	train	100000	0.32
1789536621	7825	counted	train	100000	0.33
1789536621	7825	counted	train	100000	0.30
1789536622	7825	counted	train	100000	0.31
1789536622	7825	counted	train	100000	0.31
1789536623	7825	counted	train	100000	0.31
1789536623	7825	counted	train	100000	0.33
1789536623	7825	counted	train	100000	0.31
1789536624	7825	counted	train	100000	0.34
1789536624	7825	counted	train	100000	0.31
1789536624	7825	counted	train	100000	0.31
1789536625	7825	counted	train	100000	0.32
1789536625	7825	counted	train	100000	0.32
1789536626	7825	counted	train	100000	0.31
1789536626	7825	counted	train	100000	0.31
1789536626	7825	counted	train	100000	0.30
1789536627	7825	counted	train	100000	0.31
1789536627	7825	counted	train	100000	0.33
1789536627	7825	counted	train	100000	0.31
1789536628	7825	counted	train	100000	0.33
1789536628	7825	counted	train	100000	0.31
1789536628	7825	counted	train	100000	0.30
1789536629	7825	counted	train	100000	0.33
1789536629	7825	counted	train	100000	0.34
1789536630	7825	counted	train	100000	0.31
1789536630	7825	counted	train	100000	0.32
1789536630	7825	counted	train	100000	0.31
1789536631	7825	counted	train	100000	0.32
1789536631	7825	counted	train	100000	0.32
1789536631	7825	counted	train	100000	0.31
1789536632	7825	counted	train	100000	0.33
1789536632	7825	counted	train	100000	0.31
1789536632	7825	counted	train	100000	0.32
1789536633	7825	counted	train	100000	0.33
1789536633	7825	counted	train	100000	0.33
1789536634	7825	counted	train	100000	0.30
1789536634	7825	counted	train	100000	0.32
1789536634	7825	counted	train	100000	0.31
1789536635	7825	counted	train	100000	0.24
1789536635	7825	counted	train	100000	0.26
1789536635	7825	counted	train	100000	0.24
1789536635	7825	counted	train	100000	0.26
1789536636	7825	counted	train	100000	0.25
1789536636	7825	counted	train	100000	0.25
1789536636	7825	counted	train	100000	0.25
1789536637	7825	counted	train	100000	0.27
1789536637	7825	counted	train	100000	0.25
1789536637	7825	counted	train	100000	0.26
1789536638	7825	counted	train	100000	0.27
1789536638	7825	counted	train	100000	0.21
1789536638	7825	counted	train	100000	0.24
1789536638	7825	counted	train	100000	0.22
1789536639	7825	counted	train	100000	0.56
1789536639	7825	counted	train	100000	0.22
1789536640	7825	counted	train	100000	0.21
1789536640	7825	counted	train	100000	0.21
1789536640	7825	counted	train	100000	0.23
1789536640	7825	counted	train	100000	0.21
1789536641	7825	counted	train	100000	0.21
1789536641	7825	counted	train	100000	0.20
1789536641	7825	counted	train	100000	0.17
1789536641	7825	counted	train	100000	0.18
1789536642	7825	counted	train	100000	0.17
1789536642	7825	counted	train	100000	0.19
1789536642	7825	counted	train	100000	0.18
1789536642	7825	counted	train	100000	0.18
1789536643	7825	counted	train	100000	0.18
1789536643	7825	counted	train	100000	0.18
1789536643	7825	counted	train	100000	0.17
1789536643	7825	counted	train	100000	0.18
1789536643	7825	counted	train	100000	0.17
1789536673	7861	uncounted	train	100000	0.27
1789536673	7861	uncounted	train	100000	0.22
1789536673	7861	uncounted	train	100000	0.17
1789536673	7861	uncounted	train	100000	0.26
1789536674	7861	uncounted	train	100000	0.27
1789536674	7861	uncounted	train	100000	0.28
1789536675	7861	uncounted	train	100000	0.29
1789536675	7861	uncounted	train	100000	0.23
1789536675	7861	uncounted	train	100000	0.20
1789536675	7861	uncounted	train	100000	0.16
1789536676	7861	uncounted	train	100000	0.31
1789536676	7861	uncounted	train	100000	0.23
1789536677	7861	uncounted	train	100000	0.20
1789536677	7861	uncounted	train	100000	0.30
1789536677	7861	uncounted	train	100000	0.29
1789536678	7861	uncounted	train	100000	0.28
1789536678	7861	uncounted	train	100000	0.29
1789536679	7861	uncounted	train	100000	0.23
1789536679	7861	uncounted	train	100000	0.21
1789536679	7861	uncounted	train	100000	0.16
1789536680	7861	uncounted	train	100000	0.30
1789536680	7861	uncounted	train	100000	0.24
1789536680	7861	uncounted	train	100000	0.20
1789536681	7861	uncounted	train	100000	0.32
1789536681	7861	uncounted	train	100000	0.30
1789536682	7861	uncounted	train	100000	0.30
1789536682	7861	uncounted	train	100000	0.29
1789536682	7861	uncounted	train	100000	0.24
1789536683	7861	uncounted	train	100000	0.20
1789536683	7861	uncounted	train	100000	0.16
1789536684	7861	uncounted	train	100000	0.34
1789536684	7861	uncounted	train	100000	0.26
1789536684	7861	uncounted	train	100000	0.21
1789536685	7861	uncounted	train	100000	0.32
1789536685	7861	uncounted	train	100000	0.33
1789536686	7861	uncounted	train	100000	0.33
1789536686	7861	uncounted	train	100000	0.32
1789536686	7861	uncounted	train	100000	0.26
1789536687	7861	uncounted	train	100000	0.22
1789536687	7861	uncounted	train	100000	0.17
1789536688	7861	uncounted	train	100000	0.30
1789536688	7861	uncounted	train	100000	0.23
1789536688	7861	uncounted	train	100000	0.20
1789536689	7861	uncounted	train	100000	0.31
1789536689	7861	uncounted	train	100000	0.30
1789536690	7861	uncounted	train	100000	0.31
1789536690	7861	uncounted	train	100000	0.31
1789536690	7861	uncounted	train	100000	0.25
1789536691	7861	uncounted	train	100000	0.21
1789536691	7861	uncounted	train	100000	0.16
1789536691	7861	uncounted	train	100000	0.31
1789536692	7861	uncounted	train	100000	0.24
1789536692	7861	uncounted	train	100000	0.21
1789536692	7861	uncounted	train	100000	0.31
1789536693	7861	uncounted	train	100000	0.31
1789536693	7861	uncounted	train	100000	0.30
1789536694	7861	uncounted	train	100000	0.30
1789536694	7861	uncounted	train	100000	0.26
1789536694	7861	uncounted	train	100000	0.21
1789536695	7861	uncounted	train	100000	0.16
1789536695	7861	uncounted	train	100000	0.33
1789536696	7861	uncounted	train	100000	0.25
1789536696	7861	uncounted	train	100000	0.21
1789536696	7861	uncounted	train	100000	0.31
1789536697	7861	uncounted	train	100000	0.31
1789536697	7861	uncounted	train	100000	0.31
1789536698	7861	uncounted	train	100000	0.32
1789536698	7861	uncounted	train	100000	0.26
1789536698	7861	uncounted	train	100000	0.21
1789536699	7861	uncounted	train	100000	0.16
1789536700	7861	uncounted	train	100000	0.30
1789536700	7861	uncounted	train	100000	0.24
1789536700	7861	uncounted	train	100000	0.20
1789536701	7861	uncounted	train	100000	0.30
1789536701	7861	uncounted	train	100000	0.31
1789536702	7861	uncounted	train	100000	0.31
1789536702	7861	uncounted	train	100000	0.32
1789536702	7861	uncounted	train	100000	0.25
1789536703	7861	uncounted	train	100000	0.21
1789536703	7861	uncounted	train	100000	0.17
1789536704	7861	uncounted	train	100000	0.31
1789536704	7861	uncounted	train	100000	0.23
1789536705	7861	uncounted	train	100000	0.19
1789536705	7861	uncounted	train	100000	0.30
1789536705	7861	uncounted	train	100000	0.29
1789536706	7861	uncounted	train	100000	0.29
1789536706	7861	uncounted	train	100000	0.30
1789536707	7861	uncounted	train	100000	0.24
1789536707	7861	uncounted	train	100000	0.20
1789536707	7861	uncounted	train	100000	0.16
1789536708	7861	uncounted	train	100000	0.32
1789536708	7861	uncounted	train	100000	0.23
1789536708	7861	uncounted	train	100000	0.20
1789536709	7861	uncounted	train	100000	0.32
1789536709	7861	uncounted	train	100000	0.32
1789536710	7861	uncounted	train	100000	0.30
1789536710	7861	uncounted	train	100000	0.31
1789536710	7861	uncounted	train	100000	0.24
1789536711	7861	uncounted	train	100000	0.21
1789536711	7861	uncounted	train	100000	0.16
1789536712	7861	uncounted	train	100000	0.30
1789536712	7861	uncounted	train	100000	0.22
1789536712	7861	uncounted	train	100000	0.19
1789536712	7861	uncounted	train	100000	0.29
1789536713	7861	uncounted	train	100000	0.29
1789536713	7861	uncounted	train	100000	0.29
1789536714	7861	uncounted	train	100000	0.30
1789536714	7861	uncounted	train	100000	0.23
1789536714	7861	uncounted	train	100000	0.20
1789536715	7861	uncounted	train	100000	0.16
1789536715	7861	uncounted	train	100000	0.31
1789536715	7861	uncounted	train	100000	0.23
1789536716	7861	uncounted	train	100000	0.19
1789536716	7861	uncounted	train	100000	0.30
1789536716	7861	uncounted	train	100000	0.30
1789536717	7861	uncounted	train	100000	0.30
1789536717	7861	uncounted	train	100000	0.31
1789536718	7861	uncounted	train	100000	0.24
1789536718	7861	uncounted	train	100000	0.21
1789536718	7861	uncounted	train	100000	0.16
1789536719	7861	uncounted	train	100000	0.31
1789536719	7861	uncounted	train	100000	0.25
1789536719	7861	uncounted	train	100000	0.20
1789536720	7861	uncounted	train	100000	0.33
1789536720	7861	uncounted	train	100000	0.32
1789536721	7861	uncounted	train	100000	0.32
1789536721	7861	uncounted	train	100000	0.32
1789536721	7861	uncounted	train	100000	0.26
1789536722	7861	uncounted	train	100000	0.22
1789536722	7861	uncounted	train	100000	0.18
1789536723	7861	uncounted	train	100000	0.32
1789536723	7861	uncounted	train	100000	0.24
1789536723	7861	uncounted	train	100000	0.21
1789536724	7861	uncounted	train	100000	0.30
1789536724	7861	uncounted	train	100000	0.30
1789536725	7861	uncounted	train	100000	0.31
1789536725	7861	uncounted	train	100000	0.30
1789536725	7861	uncounted	train	100000	0.26
1789536726	7861	uncounted	train	100000	0.21
1789536726	7861	uncounted	train	100000	0.16
1789536726	7861	uncounted	train	100000	0.33
1789536727	7861	uncounted	train	100000	0.28
1789536727	7861	uncounted	train	100000	0.22
1789536728	7861	uncounted	train	100000	0.35
1789536728	7861	uncounted	train	100000	0.35
1789536729	7861	uncounted	train	100000	0.36
1789536729	7861	uncounted	train	100000	0.36
1789536730	7861	uncounted	train	100000	0.28
1789536730	7861	uncounted	train	100000	0.23
1789536730	7861	uncounted	train	100000	0.18
1789536731	7861	uncounted	train	100000	0.32
1789536731	7861	uncounted	train	100000	0.25
1789536731	7861	uncounted	train	100000	0.19
1789536732	7861	uncounted	train	100000	0.34
1789536732	7861	uncounted	train	100000	0.31
1789536733	7861	uncounted	train	100000	0.32
1789536733	7861	uncounted	train	100000	0.33
1789536734	7861	uncounted	train	100000	0.26
1789536734	7861	uncounted	train	100000	0.21
1789536734	7861	uncounted	train	100000	0.17
1789536735	7861	uncounted	train	100000	0.32
1789536735	7861	uncounted	train	100000	0.25
1789536735	7861	uncounted	train	100000	0.20
1789536736	7861	uncounted	train	100000	0.31
1789536736	7861	uncounted	train	100000	0.30
1789536737	7861	uncounted	train	100000	0.31
1789536737	7861	uncounted	train	100000	0.33
1789536737	7861	uncounted	train	100000	0.27
1789536738	7861	uncounted	train	100000	0.22
1789536738	7861	uncounted	train	100000	0.18
1789536739	7861	uncounted	train	100000	0.34
1789536739	7861	uncounted	train	100000	0.26
1789536739	7861	uncounted	train	100000	0.22
1789536740	7861	uncounted	train	100000	0.32
1789536740	7861	uncounted	train	100000	0.32
1789536741	7861	uncounted	train	100000	0.32
1789536741	7861	uncounted	train	100000	0.33
1789536741	7861	uncounted	train	100000	0.26
1789536742	7861	uncounted	train	100000	0.21
1789536742	7861	uncounted	train	100000	0.17
1789536743	7861	uncounted	train	100000	0.32
1789536743	7861	uncounted	train	100000	0.25
1789536744	7861	uncounted	train	100000	0.20
1789536744	7861	uncounted	train	100000	0.33
1789536744	7861	uncounted	train	100000	0.34
1789536745	7861	uncounted	train	100000	0.59
1789536746	7861	uncounted	train	100000	0.33
1789536746	7861	uncounted	train	100000	0.27
1789536746	7861	uncounted	train	100000	0.23
1789536747	7861	uncounted	train	100000	0.17
1789536748	7861	uncounted	train	100000	0.30
1789536748	7861	uncounted	train	100000	0.24
1789536748	7861	uncounted	train	100000	0.20
1789536749	7861	uncounted	train	100000	0.31
1789536749	7861	uncounted	train	100000	0.31
1789536750	7861	uncounted	train	100000	0.32
1789536750	7861	uncounted	train	100000	0.32
1789536750	7861	uncounted	train	100000	0.25
1789536751	7861	uncounted	train	100000	0.20
1789536751	7861	uncounted	train	100000	0.16
1789536751	7861	uncounted	train	100000	0.30
1789536752	7861	uncounted	train	100000	0.25
1789536752	7861	uncounted	train	100000	0.20
1789536753	7861	uncounted	train	100000	0.31
1789536753	7861	uncounted	train	100000	0.32
1789536753	7861	uncounted	train	100000	0.32
1789536754	7861	uncounted	train	100000	0.31
1789536754	7861	uncounted	train	100000	0.27
1789536754	7861	uncounted	train	100000	0.21
1789536755	7861	uncounted	train	100000	0.16
1789536755	7861	uncounted	train	100000	0.30
1789536756	7861	uncounted	train	100000	0.24
1789536756	7861	uncounted	train	100000	0.20
1789536756	7861	uncounted	train	100000	0.30
1789536757	7861	uncounted	train	100000	0.32
1789536757	7861	uncounted	train	100000	0.31
1789536758	7861	uncounted	train	100000	0.31
1789536758	7861	uncounted	train	100000	0.26
1789536758	7861	uncounted	train	100000	0.20
1789536758	7861	uncounted	train	100000	0.16
1789536759	7861	uncounted	train	100000	0.31
1789536760	7861	uncounted	train	100000	0.25
1789536760	7861	uncounted	train	100000	0.20
1789536760	7861	uncounted	train	100000	0.32
1789536761	7861	uncounted	train	100000	0.31
1789536761	7861	uncounted	train	100000	0.32
1789536761	7861	uncounted	train	100000	0.31
1789536762	7861	uncounted	train	100000	0.26
1789536762	7861	uncounted	train	100000	0.21
1789536762	7861	uncounted	train	100000	0.16
1789536763	7861	uncounted	train	100000	0.31
1789536763	7861	uncounted	train	100000	0.24
1789536764	7861	uncounted	train	100000	0.20
1789536764	7861	uncounted	train	100000	0.32
1789536764	7861	uncounted	train	100000	0.32
1789536765	7861	uncounted	train	100000	0.31
1789536765	7861	uncounted	train	100000	0.31
1789536766	7861	uncounted	train	100000	0.23
1789536766	7861	uncounted	train	100000	0.20
1789536766	7861	uncounted	train	100000	0.16
1789536767	7861	uncounted	train	100000	0.29
1789536767	7861	uncounted	train	100000	0.25
1789536767	7861	uncounted	train	100000	0.21
1789536768	7861	uncounted	train	100000	0.33
1789536768	7861	uncounted	train	100000	0.34
1789536769	7861	uncounted	train	100000	0.33
1789536769	7861	uncounted	train	100000	0.35
1789536770	7861	uncounted	train	100000	0.26
1789536770	7861	uncounted	train	100000	0.22
1789536770	7861	uncounted	train	100000	0.18
1789536771	7861	uncounted	train	100000	0.31
1789536771	7861	uncounted	train	100000	0.25
1789536771	7861	uncounted	train	100000	0.20
1789536772	7861	uncounted	train	100000	0.31
1789536772	7861	uncounted	train	100000	0.32
1789536773	7861	uncounted	train	100000	0.34
1789536773	7861	uncounted	train	100000	0.31
1789536773	7861	uncounted	train	100000	0.25
1789536774	7861	uncounted	train	100000	0.20
1789536774	7861	uncounted	train	100000	0.17
1789536774	7861	uncounted	train	100000	0.33
1789536775	7861	uncounted	train	100000	0.27
1789536775	7861	uncounted	train	100000	0.22
1789536776	7861	uncounted	train	100000	0.34
1789536776	7861	uncounted	train	100000	0.35
1789536777	7861	uncounted	train	100000	0.34
1789536777	7861	uncounted	train	100000	0.35
1789536777	7861	uncounted	train	100000	0.27
1789536778	7861	uncounted	train	100000	0.22
1789536778	7861	uncounted	train	100000	0.30
1789536779	7861	uncounted	train	100000	0.32
1789536779	7861	uncounted	train	100000	0.24
1789536779	7861	uncounted	train	100000	0.20
1789536780	7861	uncounted	train	100000	0.32
1789536780	7861	uncounted	train	100000	0.32
1789536781	7861	uncounted	train	100000	0.31
1789536781	7861	uncounted	train	100000	0.31
1789536782	7861	uncounted	train	100000	0.27
1789536782	7861	uncounted	train	100000	0.21
1789536782	7861	uncounted	train	100000	0.17
1789536783	7861	uncounted	train	100000	0.32
1789536783	7861	uncounted	train	100000	0.24
1789536783	7861	uncounted	train	100000	0.20
1789536784	7861	uncounted	train	100000	0.31
1789536784	7861	uncounted	train	100000	0.32
1789536785	7861	uncounted	train	100000	0.32
1789536785	7861	uncounted	train	100000	0.30
1789536785	7861	uncounted	train	100000	0.26
1789536786	7861	uncounted	train	100000	0.20
1789536786	7861	uncounted	train	100000	0.16
1789536787	7861	uncounted	train	100000	0.33
1789536787	7861	uncounted	train	100000	0.26
1789536787	7861	uncounted	train	100000	0.21
1789536788	7861	uncounted	train	100000	0.31
1789536788	7861	uncounted	train	100000	0.33
1789536789	7861	uncounted	train	100000	0.32
1789536789	7861	uncounted	train	100000	0.32
1789536789	7861	uncounted	train	100000	0.27
1789536790	7861	uncounted	train	100000	0.21
1789536790	7861	uncounted	train	100000	0.17
1789536791	7861	uncounted	train	100000	0.32
1789536791	7861	uncounted	train	100000	0.25
1789536791	7861	uncounted	train	100000	0.21
1789536792	7861	uncounted	train	100000	0.32
1789536792	7861	uncounted	train	100000	0.32
1789536793	7861	uncounted	train	100000	0.33
1789536793	7861	uncounted	train	100000	0.33
1789536794	7861	uncounted	train	100000	0.26
1789536794	7861	uncounted	train	100000	0.21
1789536794	7861	uncounted	train	100000	0.17
1789536795	7861	uncounted	train	100000	0.33
1789536796	7861	uncounted	train	100000	0.24
1789536796	7861	uncounted	train	100000	0.21
1789536796	7861	uncounted	train	100000	0.31
1789536797	7861	uncounted	train	100000	0.32
1789536797	7861	uncounted	train	100000	0.30
1789536798	7861	uncounted	train	100000	0.32
1789536798	7861	uncounted	train	100000	0.27
1789536798	7861	uncounted	train	100000	0.22
1789536799	7861	uncounted	train	100000	0.18
1789536799	7861	uncounted	train	100000	0.32
1789536800	7861	uncounted	train	100000	0.26
1789536800	7861	uncounted	train	100000	0.21
1789536800	7861	uncounted	train	100000	0.32
1789536801	7861	uncounted	train	100000	0.32
1789536801	7861	uncounted	train	100000	0.31
1789536802	7861	uncounted	train	100000	0.32
1789536802	7861	uncounted	train	100000	0.27
1789536802	7861	uncounted	train	100000	0.22
1789536803	7861	uncounted	train	100000	0.18
1789536803	7861	uncounted	train	100000	0.32
1789536804	7861	uncounted	train	100000	0.26
1789536804	7861	uncounted	train	100000	0.20
1789536804	7861	uncounted	train	100000	0.30
1789536805	7861	uncounted	train	100000	0.31
1789536805	7861	uncounted	train	100000	0.31
1789536805	7861	uncounted	train	100000	0.30
1789536806	7861	uncounted	train	100000	0.27
1789536806	7861	uncounted	train	100000	0.21
1789536806	7861	uncounted	train	100000	0.17
1789536807	7861	uncounted	train	100000	0.33
1789536807	7861	uncounted	train	100000	0.27
1789536808	7861	uncounted	train	100000	0.22
1789536808	7861	uncounted	train	100000	0.33
1789536809	7861	uncounted	train	100000	0.32
1789536809	7861	uncounted	train	100000	0.31
1789536810	7861	uncounted	train	100000	0.33
1789536810	7861	uncounted	train	100000	0.29
1789536810	7861	uncounted	train	100000	0.23
1789536811	7861	uncounted	train	100000	0.17
1789537101	7923	counted	train	100000	0.30
1789537101	7923	counted	train	100000	0.32
1789537101	7923	counted	train	100000	0.32
1789537102	7923	counted	train	100000	0.35
1789537102	7923	counted	train	100000	0.32
1789537102	7923	counted	train	100000	0.32
1789537103	7923	counted	train	100000	0.33
1789537103	7923	counted	train	100000	0.32
1789537104	7923	counted	train	100000	0.31
1789537104	7923	counted	train	100000	0.32
1789537104	7923	counted	train	100000	0.30
1789537105	7923	counted	train	100000	0.23
1789537105	7923	counted	train	100000	0.25
1789537105	7923	counted	train	100000	0.24
1789537105	7923	counted	train	100000	0.25
1789537106	7923	counted	train	100000	0.25
1789537106	7923	counted	train	100000	0.25
1789537106	7923	counted	train	100000	0.23
1789537107	7923	counted	train	100000	0.25
1789537107	7923	counted	train	100000	0.22
1789537107	7923	counted	train	100000	0.24
1789537107	7923	counted	train	100000	0.24
1789537108	7923	counted	train	100000	0.20
1789537108	7923	counted	train	100000	0.21
1789537108	7923	counted	train	100000	0.20
1789537108	7923	counted	train	100000	0.22
1789537109	7923	counted	train	100000	0.20
1789537109	7923	counted	train	100000	0.20
1789537109	7923	counted	train	100000	0.21
1789537109	7923	counted	train	100000	0.21
1789537110	7923	counted	train	100000	0.20
1789537110	7923	counted	train	100000	0.21
1789537110	7923	counted	train	100000	0.19
1789537111	7923	counted	train	100000	0.30
1789537111	7923	counted	train	100000	0.32
1789537111	7923	counted	train	100000	0.30
1789537112	7923	counted	train	100000	0.32
1789537112	7923	counted	train	100000	0.31
1789537112	7923	counted	train	100000	0.31
1789537113	7923	counted	train	100000	0.31
1789537113	7923	counted	train	100000	0.32
1789537113	7923	counted	train	100000	0.30
1789537114	7923	counted	train	100000	0.30
1789537114	7923	counted	train	100000	0.30
1789537114	7923	counted	train	100000	0.30
1789537115	7923	counted	train	100000	0.31
1789537115	7923	counted	train	100000	0.30
1789537116	7923	counted	train	100000	0.32
1789537116	7923	counted	train	100000	0.32
1789537116	7923	counted	train	100000	0.30
1789537117	7923	counted	train	100000	0.31
1789537117	7923	counted	train	100000	0.32
1789537117	7923	counted	train	100000	0.30
1789537118	7923	counted	train	100000	0.32
1789537118	7923	counted	train	100000	0.31
1789537118	7923	counted	train	100000	0.30
1789537119	7923	counted	train	100000	0.33
1789537119	7923	counted	train	100000	0.31
1789537120	7923	counted	train	100000	0.32
1789537120	7923	counted	train	100000	0.30
1789537120	7923	counted	train	100000	0.30
1789537121	7923	counted	train	100000	0.31
1789537121	7923	counted	train	100000	0.31
1789537121	7923	counted	train	100000	0.30
1789537122	7923	counted	train	100000	0.31
1789537122	7923	counted	train	100000	0.29
1789537122	7923	counted	train	100000	0.30
1789537123	7923	counted	train	100000	0.32
1789537123	7923	counted	train	100000	0.30
1789537123	7923	counted	train	100000	0.32
1789537124	7923	counted	train	100000	0.30
1789537124	7923	counted	train	100000	0.30
1789537125	7923	counted	train	100000	0.32
1789537125	7923	counted	train	100000	0.32
1789537125	7923	counted	train	100000	0.29
1789537126	7923	counted	train	100000	0.32
1789537126	7923	counted	train	100000	0.29
1789537126	7923	counted	train	100000	0.23
1789537127	7923	counted	train	100000	0.26
1789537127	7923	counted	train	100000	0.24
1789537127	7923	counted	train	100000	0.26
1789537127	7923	counted	train	100000	0.24
1789537128	7923	counted	train	100000	0.25
1789537128	7923	counted	train	100000	0.26
1789537128	7923	counted	train	100000	0.25
1789537129	7923	counted	train	100000	0.26
1789537129	7923	counted	train	100000	0.25
1789537129	7923	counted	train	100000	0.24
1789537129	7923	counted	train	100000	0.21
1789537130	7923	counted	train	100000	0.21
1789537130	7923	counted	train	100000	0.21
1789537130	7923	counted	train	100000	0.24
1789537131	7923	counted	train	100000	0.21
1789537131	7923	counted	train	100000	0.21
1789537131	7923	counted	train	100000	0.21
1789537131	7923	counted	train	100000	0.21
1789537132	7923	counted	train	100000	0.21
1789537132	7923	counted	train	100000	0.21
1789537132	7923	counted	train	100000	0.20
1789537132	7923	counted	train	100000	0.16
1789537133	7923	counted	train	100000	0.16
1789537133	7923	counted	train	100000	0.16
1789537133	7923	counted	train	100000	0.17
1789537133	7923	counted	train	100000	0.16
1789537133	7923	counted	train	100000	0.16
1789537134	7923	counted	train	100000	0.16
1789537134	7923	counted	train	100000	0.16
1789537134	7923	counted	train	100000	0.15
1789537134	7923	counted	train	100000	0.16
1789537134	7923	counted	train	100000	0.15
1789537162	7960	uncounted	train	100000	0.29
1789537162	7960	uncounted	train	100000	0.22
1789537163	7960	uncounted	train	100000	0.19
1789537163	7960	uncounted	train	100000	0.32
1789537164	7960	uncounted	train	100000	0.31
1789537164	7960	uncounted	train	100000	0.31
1789537164	7960	uncounted	train	100000	0.31
1789537165	7960	uncounted	train	100000	0.25
1789537165	7960	uncounted	train	100000	0.20
1789537165	7960	uncounted	train	100000	0.16
1789537166	7960	uncounted	train	100000	0.30
1789537166	7960	uncounted	train	100000	0.24
1789537166	7960	uncounted	train	100000	0.20
1789537167	7960	uncounted	train	100000	0.33
1789537167	7960	uncounted	train	100000	0.31
1789537168	7960	uncounted	train	100000	0.32
1789537168	7960	uncounted	train	100000	0.32
1789537169	7960	uncounted	train	100000	0.25
1789537169	7960	uncounted	train	100000	0.22
1789537169	7960	uncounted	train	100000	0.16
1789537170	7960	uncounted	train	100000	0.30
1789537170	7960	uncounted	train	100000	0.23
1789537170	7960	uncounted	train	100000	0.21
1789537171	7960	uncounted	train	100000	0.30
1789537171	7960	uncounted	train	100000	0.31
1789537172	7960	uncounted	train	100000	0.31
1789537172	7960	uncounted	train	100000	0.32
1789537172	7960	uncounted	train	100000	0.24
1789537173	7960	uncounted	train	100000	0.20
1789537173	7960	uncounted	train	100000	0.16
1789537173	7960	uncounted	train	100000	0.33
1789537174	7960	uncounted	train	100000	0.25
1789537174	7960	uncounted	train	100000	0.24
1789537175	7960	uncounted	train	100000	0.35
1789537175	7960	uncounted	train	100000	0.32
1789537176	7960	uncounted	train	100000	0.33
1789537176	7960	uncounted	train	100000	0.33
1789537176	7960	uncounted	train	100000	0.26
1789537177	7960	uncounted	train	100000	0.21
1789537177	7960	uncounted	train	100000	0.17
1789537178	7960	uncounted	train	100000	0.32
1789537178	7960	uncounted	train	100000	0.25
1789537178	7960	uncounted	train	100000	0.20
1789537179	7960	uncounted	train	100000	0.31
1789537179	7960	uncounted	train	100000	0.31
1789537180	7960	uncounted	train	100000	0.33
1789537180	7960	uncounted	train	100000	0.33
1789537180	7960	uncounted	train	100000	0.25
1789537181	7960	uncounted	train	100000	0.19
1789537181	7960	uncounted	train	100000	0.15
1789537181	7960	uncounted	train	100000	0.28
1789537182	7960	uncounted	train	100000	0.23
1789537182	7960	uncounted	train	100000	0.20
1789537182	7960	uncounted	train	100000	0.28
1789537183	7960	uncounted	train	100000	0.30
1789537183	7960	uncounted	train	100000	0.31
1789537184	7960	uncounted	train	100000	0.30
1789537184	7960	uncounted	train	100000	0.24
1789537184	7960	uncounted	train	100000	0.20
1789537185	7960	uncounted	train	100000	0.16
1789537185	7960	uncounted	train	100000	0.35
1789537186	7960	uncounted	train	100000	0.28
1789537186	7960	uncounted	train	100000	0.23
1789537186	7960	uncounted	train	100000	0.32
1789537187	7960	uncounted	train	100000	0.32
1789537187	7960	uncounted	train	100000	0.32
1789537188	7960	uncounted	train	100000	0.31
1789537188	7960	uncounted	train	100000	0.26
1789537188	7960	uncounted	train	100000	0.20
1789537189	7960	uncounted	train	100000	0.17
1789537189	7960	uncounted	train	100000	0.32
1789537190	7960	uncounted	train	100000	0.26
1789537190	7960	uncounted	train	100000	0.22
1789537191	7960	uncounted	train	100000	0.32
1789537191	7960	uncounted	train	100000	0.33
1789537192	7960	uncounted	train	100000	0.33
1789537192	7960	uncounted	train	100000	0.35
1789537192	7960	uncounted	train	100000	0.27
1789537193	7960	uncounted	train	100000	0.21
1789537193	7960	uncounted	train	100000	0.17
1789537194	7960	uncounted	train	100000	0.31
1789537194	7960	uncounted	train	100000	0.24
1789537195	7960	uncounted	train	100000	0.20
1789537195	7960	uncounted	train	100000	0.30
1789537195	7960	uncounted	train	100000	0.31
1789537196	7960	uncounted	train	100000	0.31
1789537196	7960	uncounted	train	100000	0.30
1789537197	7960	uncounted	train	100000	0.25
1789537197	7960	uncounted	train	100000	0.21
1789537197	7960	uncounted	train	100000	0.17
1789537198	7960	uncounted	train	100000	0.32
1789537198	7960	uncounted	train	100000	0.26
1789537199	7960	uncounted	train	100000	0.20
1789537199	7960	uncounted	train	100000	0.31
1789537199	7960	uncounted	train	100000	0.32
1789537200	7960	uncounted	train	100000	0.33
1789537200	7960	uncounted	train	100000	0.33
1789537201	7960	uncounted	train	100000	0.27
1789537201	7960	uncounted	train	100000	0.22
1789537201	7960	uncounted	train	100000	0.18
1789537202	7960	uncounted	train	100000	0.32
1789537202	7960	uncounted	train	100000	0.23
1789537202	7960	uncounted	train	100000	0.20
1789537203	7960	uncounted	train	100000	0.31
1789537203	7960	uncounted	train	100000	0.31
1789537204	7960	uncounted	train	100000	0.30
1789537204	7960	uncounted	train	100000	0.31
1789537204	7960	uncounted	train	100000	0.26
1789537205	7960	uncounted	train	100000	0.21
1789537205	7960	uncounted	train	100000	0.16
1789537206	7960	uncounted	train	100000	0.31
1789537206	7960	uncounted	train	100000	0.23
1789537206	7960	uncounted	train	100000	0.19
1789537206	7960	uncounted	train	100000	0.31
1789537207	7960	uncounted	train	100000	0.30
1789537207	7960	uncounted	train	100000	0.30
1789537208	7960	uncounted	train	100000	0.31
1789537208	7960	uncounted	train	100000	0.25
1789537208	7960	uncounted	train	100000	0.20
1789537209	7960	uncounted	train	100000	0.16
1789537209	7960	uncounted	train	100000	0.32
1789537210	7960	uncounted	train	100000	0.26
1789537210	7960	uncounted	train	100000	0.21
1789537210	7960	uncounted	train	100000	0.35
1789537211	7960	uncounted	train	100000	0.32
1789537211	7960	uncounted	train	100000	0.33
1789537212	7960	uncounted	train	100000	0.31
1789537212	7960	uncounted	train	100000	0.26
1789537212	7960	uncounted	train	100000	0.21
1789537213	7960	uncounted	train	100000	0.17
1789537213	7960	uncounted	train	100000	0.33
1789537214	7960	uncounted	train	100000	0.24
1789537214	7960	uncounted	train	100000	0.21
1789537214	7960	uncounted	train	100000	0.31
1789537215	7960	uncounted	train	100000	0.32
1789537215	7960	uncounted	train	100000	0.31
1789537215	7960	uncounted	train	100000	0.31
1789537216	7960	uncounted	train	100000	0.26
1789537216	7960	uncounted	train	100000	0.20
1789537216	7960	uncounted	train	100000	0.16
1789537217	7960	uncounted	train	100000	0.33
1789537217	7960	uncounted	train	100000	0.26
1789537218	7960	uncounted	train	100000	0.22
1789537218	7960	uncounted	train	100000	0.34
1789537219	7960	uncounted	train	100000	0.33
1789537219	7960	uncounted	train	100000	0.33
1789537220	7960	uncounted	train	100000	0.40
1789537220	7960	uncounted	train	100000	0.28
1789537220	7960	uncounted	train	100000	0.22
1789537221	7960	uncounted	train	100000	0.17
1789537221	7960	uncounted	train	100000	0.32
1789537222	7960	uncounted	train	100000	0.25
1789537222	7960	uncounted	train	100000	0.22
1789537222	7960	uncounted	train	100000	0.32
1789537223	7960	uncounted	train	100000	0.33
1789537223	7960	uncounted	train	100000	0.32
1789537224	7960	uncounted	train	100000	0.32
1789537224	7960	uncounted	train	100000	0.26
1789537224	7960	uncounted	train	100000	0.21
1789537225	7960	uncounted	train	100000	0.17
1789537225	7960	uncounted	train	100000	0.31
1789537225	7960	uncounted	train	100000	0.25
1789537226	7960	uncounted	train	100000	0.21
1789537226	7960	uncounted	train	100000	0.31
1789537227	7960	uncounted	train	100000	0.32
1789537227	7960	uncounted	train	100000	0.31
1789537227	7960	uncounted	train	100000	0.31
1789537228	7960	uncounted	train	100000	0.27
1789537228	7960	uncounted	train	100000	0.22
1789537228	7960	uncounted	train	100000	0.16
1789537229	7960	uncounted	train	100000	0.32
1789537229	7960	uncounted	train	100000	0.25
1789537230	7960	uncounted	train	100000	0.20
1789537230	7960	uncounted	train	100000	0.32
1789537231	7960	uncounted	train	100000	0.31
1789537231	7960	uncounted	train	100000	0.33
1789537231	7960	uncounted	train	100000	0.32
1789537232	7960	uncounted	train	100000	0.27
1789537232	7960	uncounted	train	100000	0.22
1789537232	7960	uncounted	train	100000	0.17
1789537233	7960	uncounted	train	100000	0.34
1789537234	7960	uncounted	train	100000	0.27
1789537234	7960	uncounted	train	100000	0.22
1789537234	7960	uncounted	train	100000	0.34
1789537235	7960	uncounted	train	100000	0.33
1789537235	7960	uncounted	train	100000	0.33
1789537236	7960	uncounted	train	100000	0.34
1789537236	7960	uncounted	train	100000	0.27
1789537236	7960	uncounted	train	100000	0.22
1789537237	7960	uncounted	train	100000	0.18
1789537238	7960	uncounted	train	100000	0.31
1789537238	7960	uncounted	train	100000	0.25
1789537238	7960	uncounted	train	100000	0.20
1789537239	7960	uncounted	train	100000	0.30
1789537239	7960	uncounted	train	100000	0.30
1789537240	7960	uncounted	train	100000	0.31
1789537240	7960	uncounted	train	100000	0.31
1789537240	7960	uncounted	train	100000	0.25
1789537241	7960	uncounted	train	100000	0.22
1789537241	7960	uncounted	train	100000	0.17
1789537242	7960	uncounted	train	100000	0.32
1789537242	7960	uncounted	train	100000	0.25
1789537242	7960	uncounted	train	100000	0.20
1789537243	7960	uncounted	train	100000	0.31
1789537243	7960	uncounted	train	100000	0.33
1789537244	7960	uncounted	train	100000	0.32
1789537244	7960	uncounted	train	100000	0.33
1789537244	7960	uncounted	train	100000	0.27
1789537245	7960	uncounted	train	100000	0.21
1789537245	7960	uncounted	train	100000	0.17
1789537246	7960	uncounted	train	100000	0.32
1789537246	7960	uncounted	train	100000	0.25
1789537246	7960	uncounted	train	100000	0.20
1789537247	7960	uncounted	train	100000	0.30
1789537247	7960	uncounted	train	100000	0.30
1789537247	7960	uncounted	train	100000	0.31
1789537248	7960	uncounted	train	100000	0.31
1789537248	7960	uncounted	train	100000	0.26
1789537249	7960	uncounted	train	100000	0.21
1789537249	7960	uncounted	train	100000	0.18
1789537250	7960	uncounted	train	100000	0.33
1789537250	7960	uncounted	train	100000	0.26
1789537250	7960	uncounted	train	100000	0.21
1789537251	7960	uncounted	train	100000	0.33
1789537251	7960	uncounted	train	100000	0.33
1789537252	7960	uncounted	train	100000	0.32
1789537252	7960	uncounted	train	100000	0.33
1789537253	7960	uncounted	train	100000	0.25
1789537253	7960	uncounted	train	100000	0.22
1789537253	7960	uncounted	train	100000	0.17
1789537254	7960	uncounted	train	100000	0.30
1789537254	7960	uncounted	train	100000	0.24
1789537254	7960	uncounted	train	100000	0.22
1789537255	7960	uncounted	train	100000	0.31
1789537255	7960	uncounted	train	100000	0.32
1789537256	7960	uncounted	train	100000	0.31
1789537256	7960	uncounted	train	100000	0.32
1789537256	7960	uncounted	train	100000	0.26
1789537257	7960	uncounted	train	100000	0.21
1789537257	7960	uncounted	train	100000	0.17
1789537257	7960	uncounted	train	100000	0.33
1789537258	7960	uncounted	train	100000	0.26
1789537258	7960	uncounted	train	100000	0.21
1789537259	7960	uncounted	train	100000	0.35
1789537259	7960	uncounted	train	100000	0.33
1789537260	7960	uncounted	train	100000	0.33
1789537260	7960	uncounted	train	100000	0.32
1789537260	7960	uncounted	train	100000	0.24
1789537261	7960	uncounted	train	100000	0.21
1789537261	7960	uncounted	train	100000	0.16
1789537261	7960	uncounted	train	100000	0.29
1789537262	7960	uncounted	train	100000	0.23
1789537262	7960	uncounted	train	100000	0.20
1789537263	7960	uncounted	train	100000	0.31
1789537263	7960	uncounted	train	100000	0.32
1789537263	7960	uncounted	train	100000	0.33
1789537264	7960	uncounted	train	100000	0.33
1789537264	7960	uncounted	train	100000	0.25
1789537264	7960	uncounted	train	100000	0.21
1789537265	7960	uncounted	train	100000	0.18
1789537265	7960	uncounted	train	100000	0.35
1789537266	7960	uncounted	train	100000	0.27
1789537266	7960	uncounted	train	100000	0.23
1789537267	7960	uncounted	train	100000	0.34
1789537267	7960	uncounted	train	100000	0.36
1789537268	7960	uncounted	train	100000	0.34
1789537268	7960	uncounted	train	100000	0.36
1789537269	7960	uncounted	train	100000	0.32
1789537269	7960	uncounted	train	100000	0.23
1789537269	7960	uncounted	train	100000	0.17
1789537270	7960	uncounted	train	100000	0.31
1789537270	7960	uncounted	train	100000	0.26
1789537270	7960	uncounted	train	100000	0.20
1789537271	7960	uncounted	train	100000	0.32
1789537271	7960	uncounted	train	100000	0.33
1789537272	7960	uncounted	train	100000	0.33
1789537272	7960	uncounted	train	100000	0.34
1789537273	7960	uncounted	train	100000	0.27
1789537273	7960	uncounted	train	100000	0.21
1789537273	7960	uncounted	train	100000	0.17
1789537274	7960	uncounted	train	100000	0.32
1789537274	7960	uncounted	train	100000	0.26
1789537274	7960	uncounted	train	100000	0.20
1789537275	7960	uncounted	train	100000	0.33
1789537275	7960	uncounted	train	100000	0.32
1789537276	7960	uncounted	train	100000	0.31
1789537276	7960	uncounted	train	100000	0.32
1789537276	7960	uncounted	train	100000	0.27
1789537277	7960	uncounted	train	100000	0.20
1789537277	7960	uncounted	train	100000	0.16
1789537278	7960	uncounted	train	100000	0.33
1789537278	7960	uncounted	train	100000	0.26
1789537278	7960	uncounted	train	100000	0.22
1789537279	7960	uncounted	train	100000	0.33
1789537279	7960	uncounted	train	100000	0.35
1789537280	7960	uncounted	train	100000	0.35
1789537280	7960	uncounted	train	100000	0.34
1789537281	7960	uncounted	train	100000	0.28
1789537281	7960	uncounted	train	100000	0.22
1789537281	7960	uncounted	train	100000	0.17
1789537282	7960	uncounted	train	100000	0.33
1789537282	7960	uncounted	train	100000	0.27
1789537283	7960	uncounted	train	100000	0.22
1789537283	7960	uncounted	train	100000	0.33
1789537284	7960	uncounted	train	100000	0.36
1789537284	7960	uncounted	train	100000	0.35
1789537285	7960	uncounted	train	100000	0.34
1789537285	7960	uncounted	train	100000	0.29
1789537285	7960	uncounted	train	100000	0.22
1789537286	7960	uncounted	train	100000	0.18
1789537287	7960	uncounted	train	100000	0.31
1789537287	7960	uncounted	train	100000	0.22
1789537287	7960	uncounted	train	100000	0.19
1789537288	7960	uncounted	train	100000	0.28
1789537288	7960	uncounted	train	100000	0.28
1789537288	7960	uncounted	train	100000	0.28
1789537289	7960	uncounted	train	100000	0.28
1789537289	7960	uncounted	train	100000	0.22
1789537289	7960	uncounted	train	100000	0.19
1789537290	7960	uncounted	train	100000	0.16
1789537290	7960	uncounted	train	100000	0.30
1789537291	7960	uncounted	train	100000	0.23
1789537291	7960	uncounted	train	100000	0.19
1789537291	7960	uncounted	train	100000	0.29
1789537292	7960	uncounted	train	100000	0.30
1789537292	7960	uncounted	train	100000	0.28
1789537293	7960	uncounted	train	100000	0.31
1789537293	7960	uncounted	train	100000	0.27
1789537293	7960	uncounted	train	100000	0.21
1789537293	7960	uncounted	train	100000	0.17
1789537294	7960	uncounted	train	100000	0.31
1789537294	7960	uncounted	train	100000	0.25
1789537295	7960	uncounted	train	100000	0.20
1789537295	7960	uncounted	train	100000	0.31
1789537296	7960	uncounted	train	100000	0.33
1789537296	7960	uncounted	train	100000	0.30
1789537296	7960	uncounted	train	100000	0.31
1789537297	7960	uncounted	train	100000	0.25
1789537297	7960	uncounted	train	100000	0.21
1789537297	7960	uncounted	train	100000	0.17
1789537298	7960	uncounted	train	100000	0.33
1789537298	7960	uncounted	train	100000	0.27
1789537299	7960	uncounted	train	100000	0.21
1789537299	7960	uncounted	train	100000	0.33
1789537300	7960	uncounted	train	100000	0.33
1789537300	7960	uncounted	train	100000	0.32
1789537300	7960	uncounted	train	100000	0.32
1789537301	7960	uncounted	train	100000	0.28
1789537301	7960	uncounted	train	100000	0.23
1789537301	7960	uncounted	train	100000	0.19
1789537628	8333	counted	train	100000	0.29
1789537628	8333	counted	train	100000	0.30
1789537629	8333	counted	train	100000	0.30
1789537629	8333	counted	train	100000	0.35
1789537629	8333	counted	train	100000	0.30
1789537630	8333	counted	train	100000	0.29
1789537630	8333	counted	train	100000	0.31
1789537630	8333	counted	train	100000	0.31
1789537631	8333	counted	train	100000	0.26
1789537631	8333	counted	train	100000	0.28
1789537631	8333	counted	train	100000	0.30
1789537631	8333	counted	train	100000	0.00
1789537643	8395	exempt	train	100000	0.30
1789537644	8395	exempt	train	100000	0.32
1789537644	8395	exempt	train	100000	0.32
1789537645	8395	exempt	train	100000	0.35
1789537645	8395	exempt	train	100000	0.32
1789537645	8395	exempt	train	100000	0.31
1789537646	8395	exempt	train	100000	0.34
1789537646	8395	exempt	train	100000	0.32
1789537646	8395	exempt	train	100000	0.31
1789537647	8395	exempt	train	100000	0.33
1789537647	8395	exempt	train	100000	0.30
1789537647	8395	exempt	train	100000	0.25
1789537648	8395	exempt	train	100000	0.26
1789537648	8395	exempt	train	100000	0.25
1789537648	8395	exempt	train	100000	0.28
1789537649	8395	exempt	train	100000	0.26
1789537649	8395	exempt	train	100000	0.24
1789537649	8395	exempt	train	100000	0.25
1789537650	8395	exempt	train	100000	0.26
1789537650	8395	exempt	train	100000	0.24
1789537650	8395	exempt	train	100000	0.24
1789537650	8395	exempt	train	100000	0.24
1789537651	8395	exempt	train	100000	0.20
1789537651	8395	exempt	train	100000	0.20
1789537651	8395	exempt	train	100000	0.21
1789537651	8395	exempt	train	100000	0.22
1789537652	8395	exempt	train	100000	0.21
1789537652	8395	exempt	train	100000	0.20
1789537652	8395	exempt	train	100000	0.21
1789537652	8395	exempt	train	100000	0.21
1789537653	8395	exempt	train	100000	0.20
1789537653	8395	exempt	train	100000	0.21
1789537653	8395	exempt	train	100000	0.20
1789537654	8395	exempt	train	100000	0.30
1789537654	8395	exempt	train	100000	0.32
1789537654	8395	exempt	train	100000	0.31
1789537655	8395	exempt	train	100000	0.33
1789537655	8395	exempt	train	100000	0.32
1789537655	8395	exempt	train	100000	0.30
1789537656	8395	exempt	train	100000	0.32
1789537656	8395	exempt	train	100000	0.32
1789537656	8395	exempt	train	100000	0.31
1789537657	8395	exempt	train	100000	0.31
1789537657	8395	exempt	train	100000	0.30
1789537658	8395	exempt	train	100000	0.30
1789537658	8395	exempt	train	100000	0.31
1789537658	8395	exempt	train	100000	0.31
1789537659	8395	exempt	train	100000	0.33
1789537659	8395	exempt	train	100000	0.32
1789537659	8395	exempt	train	100000	0.31
1789537660	8395	exempt	train	100000	0.31
1789537660	8395	exempt	train	100000	0.31
1789537660	8395	exempt	train	100000	0.34
1789537661	8395	exempt	train	100000	0.31
1789537661	8395	exempt	train	100000	0.29
1789537661	8395	exempt	train	100000	0.30
1789537662	8395	exempt	train	100000	0.32
1789537662	8395	exempt	train	100000	0.30
1789537663	8395	exempt	train	100000	0.33
1789537663	8395	exempt	train	100000	0.31
1789537663	8395	exempt	train	100000	0.29
1789537664	8395	exempt	train	100000	0.31
1789537664	8395	exempt	train	100000	0.31
1789537664	8395	exempt	train	100000	0.29
1789537665	8395	exempt	train	100000	0.30
1789537665	8395	exempt	train	100000	0.29
1789537665	8395	exempt	train	100000	0.32
1789537666	8395	exempt	train	100000	0.32
1789537666	8395	exempt	train	100000	0.31
1789537666	8395	exempt	train	100000	0.33
1789537667	8395	exempt	train	100000	0.32
1789537667	8395	exempt	train	100000	0.31
1789537668	8395	exempt	train	100000	0.31
1789537668	8395	exempt	train	100000	0.32
1789537668	8395	exempt	train	100000	0.30
1789537669	8395	exempt	train	100000	0.31
1789537669	8395	exempt	train	100000	0.30
1789537669	8395	exempt	train	100000	0.25
1789537670	8395	exempt	train	100000	0.26
1789537670	8395	exempt	train	100000	0.26
1789537670	8395	exempt	train	100000	0.27
1789537671	8395	exempt	train	100000	0.27
1789537671	8395	exempt	train	100000	0.26
1789537671	8395	exempt	train	100000	0.25
1789537671	8395	exempt	train	100000	0.26
1789537672	8395	exempt	train	100000	0.24
1789537672	8395	exempt	train	100000	0.26
1789537672	8395	exempt	train	100000	0.24
1789537673	8395	exempt	train	100000	0.21
1789537673	8395	exempt	train	100000	0.23
1789537673	8395	exempt	train	100000	0.22
1789537673	8395	exempt	train	100000	0.23
1789537674	8395	exempt	train	100000	0.22
1789537674	8395	exempt	train	100000	0.21
1789537674	8395	exempt	train	100000	0.22
1789537675	8395	exempt	train	100000	0.22
1789537675	8395	exempt	train	100000	0.23
1789537675	8395	exempt	train	100000	0.22
1789537675	8395	exempt	train	100000	0.21
1789537676	8395	exempt	train	100000	0.16
1789537676	8395	exempt	train	100000	0.17
1789537676	8395	exempt	train	100000	0.16
1789537676	8395	exempt	train	100000	0.17
1789537676	8395	exempt	train	100000	0.17
1789537677	8395	exempt	train	100000	0.16
1789537677	8395	exempt	train	100000	0.17
1789537677	8395	exempt	train	100000	0.17
1789537677	8395	exempt	train	100000	0.16
1789537677	8395	exempt	train	100000	0.16
1789537678	8395	exempt	train	100000	0.16
